open,low,high,close,change_amount,change_percent,gregorian_date,jalali_date,date
1000000.0,1000000.0,1000000.0,1000000.0,30000.0,3.0,2013/07/22,1392/04/31,2013-07-22
1030000.0,1030000.0,1030000.0,1030000.0,30000.0,3.0,2013/07/23,1392/05/01,2013-07-23
1028000.0,1013000.0,1033000.0,1025000.0,5000.0,0.49,2013/07/24,1392/05/02,2013-07-24
1040000.0,1040000.0,1040000.0,1040000.0,15000.0,1.46,2013/07/27,1392/05/05,2013-07-27
1030000.0,1011000.0,1041000.0,1030000.0,,,2013/07/28,1392/05/06,2013-07-28
1030000.0,1020000.0,1063000.0,1046000.0,16000.0,1.55,2013/07/31,1392/05/09,2013-07-31
1040000.0,1040000.0,1040000.0,1040000.0,6000.0,0.58,2013/08/03,1392/05/12,2013-08-03
1030000.0,1030000.0,1030000.0,1030000.0,10000.0,0.97,2013/08/04,1392/05/13,2013-08-04
1020000.0,1020000.0,1020000.0,1020000.0,10000.0,0.98,2013/08/05,1392/05/14,2013-08-05
1020000.0,1020000.0,1020000.0,1020000.0,,,2013/08/06,1392/05/15,2013-08-06
1030000.0,1017000.0,1053000.0,1033000.0,3000.0,0.29,2013/08/07,1392/05/16,2013-08-07
1050000.0,1050000.0,1050000.0,1050000.0,17000.0,1.65,2013/08/11,1392/05/20,2013-08-11
1040000.0,1040000.0,1040000.0,1040000.0,10000.0,0.96,2013/08/12,1392/05/21,2013-08-12
1040000.0,1040000.0,1040000.0,1040000.0,,,2013/08/13,1392/05/22,2013-08-13
1052000.0,1032000.0,1063000.0,1053000.0,13000.0,1.25,2013/08/14,1392/05/23,2013-08-14
1060000.0,1060000.0,1060000.0,1060000.0,7000.0,0.66,2013/08/17,1392/05/26,2013-08-17
1060000.0,1060000.0,1060000.0,1060000.0,,,2013/08/18,1392/05/27,2013-08-18
1060000.0,1040000.0,1060000.0,1040000.0,20000.0,1.92,2013/08/19,1392/05/28,2013-08-19
1040000.0,1030000.0,1040000.0,1030000.0,10000.0,0.97,2013/08/20,1392/05/29,2013-08-20
1040000.0,1018000.0,1057000.0,1042000.0,2000.0,0.19,2013/08/21,1392/05/30,2013-08-21
1050000.0,1050000.0,1060000.0,1060000.0,18000.0,1.73,2013/08/24,1392/06/02,2013-08-24
1060000.0,1050000.0,1060000.0,1060000.0,,,2013/08/25,1392/06/03,2013-08-25
1060000.0,1060000.0,1080000.0,1080000.0,20000.0,1.89,2013/08/26,1392/06/04,2013-08-26
1130000.0,1120000.0,1150000.0,1140000.0,60000.0,5.56,2013/08/27,1392/06/05,2013-08-27
1100000.0,1082000.0,1128000.0,1120000.0,,,2013/08/28,1392/06/06,2013-08-28
1120000.0,1110000.0,1120000.0,1110000.0,10000.0,0.9,2013/08/31,1392/06/09,2013-08-31
1110000.0,1110000.0,1110000.0,1110000.0,,,2013/09/01,1392/06/10,2013-09-01
1140000.0,1130000.0,1140000.0,1140000.0,30000.0,2.7,2013/09/03,1392/06/12,2013-09-03
1130000.0,1130000.0,1140000.0,1140000.0,,,2013/09/04,1392/06/13,2013-09-04
1140000.0,1140000.0,1140000.0,1140000.0,,,2013/09/05,1392/06/14,2013-09-05
1110000.0,1110000.0,1120000.0,1120000.0,20000.0,1.79,2013/09/07,1392/06/16,2013-09-07
1120000.0,1110000.0,1130000.0,1110000.0,10000.0,0.9,2013/09/08,1392/06/17,2013-09-08
1100000.0,1070000.0,1100000.0,1070000.0,40000.0,3.74,2013/09/09,1392/06/18,2013-09-09
1070000.0,1055000.0,1070000.0,1055000.0,15000.0,1.42,2013/09/10,1392/06/19,2013-09-10
1050000.0,1040000.0,1050000.0,1040000.0,15000.0,1.44,2013/09/11,1392/06/20,2013-09-11
1040000.0,1040000.0,1040000.0,1040000.0,,,2013/09/12,1392/06/21,2013-09-12
1010000.0,1010000.0,1020000.0,1020000.0,20000.0,1.96,2013/09/14,1392/06/23,2013-09-14
1020000.0,980000.0,1020000.0,990000.0,30000.0,3.03,2013/09/15,1392/06/24,2013-09-15
983000.0,980000.0,983000.0,980000.0,10000.0,1.02,2013/09/16,1392/06/25,2013-09-16
980000.0,980000.0,980000.0,980000.0,,,2013/09/17,1392/06/26,2013-09-17
1009000.0,979000.0,1025000.0,997000.0,23000.0,2.31,2013/09/18,1392/06/27,2013-09-18
950000.0,940000.0,960000.0,950000.0,47000.0,4.95,2013/09/21,1392/06/30,2013-09-21
950000.0,950000.0,960000.0,960000.0,10000.0,1.05,2013/09/22,1392/06/31,2013-09-22
940000.0,940000.0,950000.0,950000.0,10000.0,1.05,2013/09/23,1392/07/01,2013-09-23
990000.0,990000.0,990000.0,990000.0,40000.0,4.21,2013/09/24,1392/07/02,2013-09-24
990000.0,990000.0,1000000.0,990000.0,,,2013/09/25,1392/07/03,2013-09-25
990000.0,990000.0,990000.0,990000.0,,,2013/09/26,1392/07/04,2013-09-26
990000.0,990000.0,1010000.0,1010000.0,20000.0,2.02,2013/09/28,1392/07/06,2013-09-28
1000000.0,990000.0,1000000.0,990000.0,20000.0,2.02,2013/09/29,1392/07/07,2013-09-29
990000.0,980000.0,1000000.0,980000.0,10000.0,1.02,2013/09/30,1392/07/08,2013-09-30
970000.0,970000.0,980000.0,980000.0,,,2013/10/01,1392/07/09,2013-10-01
980000.0,965000.0,997000.0,980000.0,,,2013/10/02,1392/07/10,2013-10-02
990000.0,990000.0,990000.0,990000.0,10000.0,1.02,2013/10/05,1392/07/13,2013-10-05
980000.0,980000.0,980000.0,980000.0,10000.0,1.02,2013/10/06,1392/07/14,2013-10-06
990000.0,980000.0,990000.0,990000.0,10000.0,1.02,2013/10/07,1392/07/15,2013-10-07
980000.0,980000.0,980000.0,980000.0,10000.0,1.02,2013/10/08,1392/07/16,2013-10-08
980000.0,952000.0,986000.0,969000.0,11000.0,1.14,2013/10/09,1392/07/17,2013-10-09
950000.0,950000.0,950000.0,950000.0,19000.0,2.0,2013/10/12,1392/07/20,2013-10-12
950000.0,950000.0,960000.0,960000.0,10000.0,1.05,2013/10/13,1392/07/21,2013-10-13
960000.0,950000.0,960000.0,950000.0,10000.0,1.05,2013/10/14,1392/07/22,2013-10-14
950000.0,950000.0,950000.0,950000.0,,,2013/10/15,1392/07/23,2013-10-15
970000.0,970000.0,970000.0,970000.0,20000.0,2.11,2013/10/17,1392/07/25,2013-10-17
980000.0,970000.0,980000.0,970000.0,,,2013/10/19,1392/07/27,2013-10-19
977000.0,967000.0,997000.0,983000.0,13000.0,1.34,2013/10/20,1392/07/28,2013-10-20
972000.0,951000.0,981000.0,971000.0,12000.0,1.24,2013/10/21,1392/07/29,2013-10-21
988000.0,971000.0,995000.0,977000.0,6000.0,0.62,2013/10/22,1392/07/30,2013-10-22
990000.0,990000.0,990000.0,990000.0,13000.0,1.33,2013/10/26,1392/08/04,2013-10-26
990000.0,990000.0,990000.0,990000.0,,,2013/10/27,1392/08/05,2013-10-27
990000.0,990000.0,990000.0,990000.0,,,2013/10/28,1392/08/06,2013-10-28
990000.0,990000.0,990000.0,990000.0,,,2013/10/29,1392/08/07,2013-10-29
990000.0,980000.0,990000.0,980000.0,10000.0,1.02,2013/10/30,1392/08/08,2013-10-30
980000.0,980000.0,980000.0,980000.0,,,2013/10/31,1392/08/09,2013-10-31
970000.0,970000.0,980000.0,980000.0,,,2013/11/02,1392/08/11,2013-11-02
980000.0,970000.0,980000.0,970000.0,10000.0,1.03,2013/11/03,1392/08/12,2013-11-03
970000.0,970000.0,970000.0,970000.0,,,2013/11/04,1392/08/13,2013-11-04
970000.0,970000.0,970000.0,970000.0,,,2013/11/05,1392/08/14,2013-11-05
970000.0,970000.0,970000.0,970000.0,,,2013/11/06,1392/08/15,2013-11-06
970000.0,970000.0,970000.0,970000.0,,,2013/11/07,1392/08/16,2013-11-07
950000.0,950000.0,950000.0,950000.0,20000.0,2.11,2013/11/09,1392/08/18,2013-11-09
950000.0,950000.0,950000.0,950000.0,,,2013/11/10,1392/08/19,2013-11-10
950000.0,950000.0,950000.0,950000.0,,,2013/11/11,1392/08/20,2013-11-11
950000.0,950000.0,950000.0,950000.0,,,2013/11/12,1392/08/21,2013-11-12
950000.0,950000.0,950000.0,950000.0,,,2013/11/16,1392/08/25,2013-11-16
940000.0,940000.0,940000.0,940000.0,10000.0,1.06,2013/11/17,1392/08/26,2013-11-17
930000.0,930000.0,940000.0,940000.0,,,2013/11/18,1392/08/27,2013-11-18
940000.0,930000.0,940000.0,930000.0,10000.0,1.08,2013/11/19,1392/08/28,2013-11-19
920000.0,920000.0,920000.0,920000.0,10000.0,1.09,2013/11/20,1392/08/29,2013-11-20
920000.0,920000.0,920000.0,920000.0,,,2013/11/21,1392/08/30,2013-11-21
910000.0,860000.0,910000.0,860000.0,60000.0,6.98,2013/11/23,1392/09/02,2013-11-23
850000.0,850000.0,860000.0,860000.0,,,2013/11/24,1392/09/03,2013-11-24
880000.0,880000.0,890000.0,890000.0,30000.0,3.49,2013/11/25,1392/09/04,2013-11-25
880000.0,880000.0,900000.0,890000.0,,,2013/11/26,1392/09/05,2013-11-26
890000.0,880000.0,890000.0,880000.0,10000.0,1.14,2013/11/27,1392/09/06,2013-11-27
880000.0,880000.0,880000.0,880000.0,,,2013/11/28,1392/09/07,2013-11-28
900000.0,890000.0,900000.0,890000.0,10000.0,1.14,2013/11/30,1392/09/09,2013-11-30
890000.0,890000.0,890000.0,890000.0,,,2013/12/01,1392/09/10,2013-12-01
880000.0,870000.0,880000.0,880000.0,10000.0,1.14,2013/12/02,1392/09/11,2013-12-02
880000.0,880000.0,880000.0,880000.0,,,2013/12/03,1392/09/12,2013-12-03
890000.0,880000.0,890000.0,890000.0,10000.0,1.14,2013/12/04,1392/09/13,2013-12-04
890000.0,890000.0,890000.0,890000.0,,,2013/12/05,1392/09/14,2013-12-05
880000.0,880000.0,890000.0,890000.0,,,2013/12/07,1392/09/16,2013-12-07
890000.0,890000.0,890000.0,890000.0,,,2013/12/08,1392/09/17,2013-12-08
890000.0,890000.0,900000.0,900000.0,10000.0,1.12,2013/12/09,1392/09/18,2013-12-09
900000.0,900000.0,900000.0,900000.0,,,2013/12/10,1392/09/19,2013-12-10
900000.0,872000.0,910000.0,890000.0,,,2013/12/11,1392/09/20,2013-12-11
900000.0,900000.0,900000.0,900000.0,10000.0,1.12,2013/12/14,1392/09/23,2013-12-14
890000.0,890000.0,890000.0,890000.0,10000.0,1.12,2013/12/15,1392/09/24,2013-12-15
890000.0,890000.0,890000.0,890000.0,,,2013/12/16,1392/09/25,2013-12-16
890000.0,890000.0,890000.0,890000.0,,,2013/12/17,1392/09/26,2013-12-17
890000.0,880000.0,890000.0,880000.0,10000.0,1.14,2013/12/18,1392/09/27,2013-12-18
880000.0,880000.0,880000.0,880000.0,,,2013/12/19,1392/09/28,2013-12-19
870000.0,870000.0,870000.0,870000.0,10000.0,1.15,2013/12/21,1392/09/30,2013-12-21
880000.0,880000.0,880000.0,880000.0,10000.0,1.15,2013/12/22,1392/10/01,2013-12-22
880000.0,868000.0,887000.0,879000.0,9000.0,1.03,2013/12/24,1392/10/03,2013-12-24
880000.0,880000.0,880000.0,880000.0,1000.0,0.11,2013/12/26,1392/10/05,2013-12-26
890000.0,890000.0,900000.0,900000.0,20000.0,2.27,2013/12/28,1392/10/07,2013-12-28
890000.0,890000.0,890000.0,890000.0,10000.0,1.12,2013/12/29,1392/10/08,2013-12-29
890000.0,890000.0,890000.0,890000.0,,,2013/12/30,1392/10/09,2013-12-30
892000.0,884000.0,915000.0,899000.0,9000.0,1.01,2013/12/31,1392/10/10,2013-12-31
900000.0,900000.0,900000.0,900000.0,1000.0,0.11,2014/01/04,1392/10/14,2014-01-04
900000.0,900000.0,900000.0,900000.0,,,2014/01/05,1392/10/15,2014-01-05
900000.0,900000.0,900000.0,900000.0,,,2014/01/06,1392/10/16,2014-01-06
900000.0,900000.0,900000.0,900000.0,,,2014/01/07,1392/10/17,2014-01-07
900000.0,900000.0,900000.0,900000.0,,,2014/01/08,1392/10/18,2014-01-08
900000.0,900000.0,900000.0,900000.0,,,2014/01/09,1392/10/19,2014-01-09
910000.0,910000.0,910000.0,910000.0,10000.0,1.11,2014/01/11,1392/10/21,2014-01-11
890000.0,890000.0,890000.0,890000.0,20000.0,2.25,2014/01/12,1392/10/22,2014-01-12
900000.0,890000.0,900000.0,890000.0,,,2014/01/13,1392/10/23,2014-01-13
890000.0,890000.0,890000.0,890000.0,,,2014/01/14,1392/10/24,2014-01-14
890000.0,890000.0,890000.0,890000.0,,,2014/01/15,1392/10/25,2014-01-15
890000.0,890000.0,890000.0,890000.0,,,2014/01/16,1392/10/26,2014-01-16
890000.0,890000.0,890000.0,890000.0,,,2014/01/18,1392/10/28,2014-01-18
878000.0,878000.0,878000.0,878000.0,12000.0,1.37,2014/01/20,1392/10/30,2014-01-20
878000.0,878000.0,882000.0,882000.0,4000.0,0.46,2014/01/21,1392/11/01,2014-01-21
882000.0,882000.0,882000.0,882000.0,,,2014/01/22,1392/11/02,2014-01-22
882000.0,882000.0,882000.0,882000.0,,,2014/01/23,1392/11/03,2014-01-23
886700.0,877100.0,906400.0,889400.0,7400.0,0.84,2014/01/25,1392/11/05,2014-01-25
888500.0,870800.0,899200.0,884700.0,4700.0,0.53,2014/01/26,1392/11/06,2014-01-26
883400.0,875400.0,896700.0,884200.0,500.0,0.06,2014/01/27,1392/11/07,2014-01-27
884400.0,876600.0,901000.0,887600.0,3400.0,0.38,2014/01/28,1392/11/08,2014-01-28
886800.0,881400.0,903600.0,890200.0,2600.0,0.29,2014/01/29,1392/11/09,2014-01-29
890620.0,890620.0,894550.0,892240.0,2040.0,0.23,2014/02/01,1392/11/12,2014-02-01
892240.0,892240.0,898700.0,897550.0,5310.0,0.6,2014/02/02,1392/11/13,2014-02-02
897550.0,895470.0,898010.0,895930.0,1620.0,0.18,2014/02/03,1392/11/14,2014-02-03
895930.0,895930.0,902630.0,898470.0,2540.0,0.28,2014/02/04,1392/11/15,2014-02-04
898470.0,897550.0,901930.0,898930.0,460.0,0.05,2014/02/05,1392/11/16,2014-02-05
898930.0,898930.0,898930.0,898930.0,,,2014/02/06,1392/11/17,2014-02-06
906320.0,900780.0,906320.0,902160.0,3230.0,0.36,2014/02/08,1392/11/19,2014-02-08
902160.0,902160.0,911860.0,907710.0,5550.0,0.62,2014/02/09,1392/11/20,2014-02-09
907710.0,907710.0,918320.0,918320.0,10610.0,1.17,2014/02/10,1392/11/21,2014-02-10
928940.0,923400.0,934480.0,932870.0,14550.0,1.58,2014/02/12,1392/11/23,2014-02-12
932870.0,932870.0,932870.0,932870.0,,,2014/02/13,1392/11/24,2014-02-13
955720.0,952490.0,958030.0,953410.0,20540.0,2.2,2014/02/15,1392/11/26,2014-02-15
953410.0,953410.0,961490.0,960340.0,6930.0,0.73,2014/02/16,1392/11/27,2014-02-16
960340.0,950640.0,960340.0,954800.0,5540.0,0.58,2014/02/17,1392/11/28,2014-02-17
954800.0,951110.0,955720.0,955720.0,920.0,0.1,2014/02/18,1392/11/29,2014-02-18
955720.0,948800.0,955720.0,951110.0,4610.0,0.48,2014/02/19,1392/11/30,2014-02-19
951110.0,951110.0,951110.0,951110.0,,,2014/02/20,1392/12/01,2014-02-20
958030.0,957800.0,959190.0,957800.0,6690.0,0.7,2014/02/22,1392/12/03,2014-02-22
957800.0,957800.0,976500.0,975110.0,17310.0,1.81,2014/02/23,1392/12/04,2014-02-23
975110.0,974190.0,992660.0,981580.0,6470.0,0.66,2014/02/24,1392/12/05,2014-02-24
982730.0,968650.0,985730.0,969570.0,12010.0,1.24,2014/02/25,1392/12/06,2014-02-25
969570.0,966110.0,977190.0,974880.0,5310.0,0.55,2014/02/26,1392/12/07,2014-02-26
974880.0,974880.0,974880.0,974880.0,,,2014/02/27,1392/12/08,2014-02-27
978350.0,978350.0,985730.0,983190.0,8310.0,0.85,2014/03/01,1392/12/10,2014-03-01
983190.0,983190.0,1016900.0,1012300.0,29110.0,2.96,2014/03/02,1392/12/11,2014-03-02
1012300.0,984580.0,1012300.0,989890.0,22410.0,2.26,2014/03/03,1392/12/12,2014-03-03
989890.0,986890.0,994970.0,993120.0,3230.0,0.33,2014/03/04,1392/12/13,2014-03-04
993120.0,984350.0,997970.0,997740.0,4620.0,0.47,2014/03/05,1392/12/14,2014-03-05
997740.0,997740.0,997740.0,997740.0,,,2014/03/06,1392/12/15,2014-03-06
985730.0,975810.0,992660.0,988500.0,9240.0,0.93,2014/03/08,1392/12/17,2014-03-08
988500.0,982960.0,994740.0,993810.0,5310.0,0.54,2014/03/09,1392/12/18,2014-03-09
993810.0,985730.0,1005600.0,990350.0,3460.0,0.35,2014/03/10,1392/12/19,2014-03-10
990350.0,990120.0,1003000.0,993810.0,3460.0,0.35,2014/03/11,1392/12/20,2014-03-11
993810.0,993810.0,1001900.0,999580.0,5770.0,0.58,2014/03/12,1392/12/21,2014-03-12
999580.0,999580.0,999580.0,999580.0,,,2014/03/13,1392/12/22,2014-03-13
1000700.0,991500.0,1004200.0,1000000.0,420.0,0.04,2014/03/15,1392/12/24,2014-03-15
1000000.0,988040.0,1000000.0,988500.0,11500.0,1.16,2014/03/16,1392/12/25,2014-03-16
988500.0,975810.0,988500.0,976730.0,11770.0,1.21,2014/03/17,1392/12/26,2014-03-17
976730.0,970730.0,977650.0,970730.0,6000.0,0.62,2014/03/18,1392/12/27,2014-03-18
970730.0,969570.0,978810.0,976500.0,5770.0,0.59,2014/03/19,1392/12/28,2014-03-19
970730.0,970730.0,976500.0,971880.0,4620.0,0.48,2014/03/25,1393/01/05,2014-03-25
971880.0,969570.0,971880.0,969570.0,2310.0,0.24,2014/03/26,1393/01/06,2014-03-26
969570.0,969570.0,969570.0,969570.0,,,2014/03/27,1393/01/07,2014-03-27
965420.0,964490.0,966800.0,965420.0,4150.0,0.43,2014/03/29,1393/01/09,2014-03-29
965420.0,964960.0,968420.0,966800.0,1380.0,0.14,2014/03/30,1393/01/10,2014-03-30
966800.0,964960.0,966800.0,964960.0,1840.0,0.19,2014/03/31,1393/01/11,2014-03-31
970730.0,966110.0,970730.0,968880.0,3920.0,0.41,2014/04/05,1393/01/16,2014-04-05
968880.0,964960.0,970730.0,970270.0,1390.0,0.14,2014/04/06,1393/01/17,2014-04-06
970270.0,970270.0,984580.0,982500.0,12230.0,1.26,2014/04/07,1393/01/18,2014-04-07
988040.0,980890.0,992660.0,982730.0,230.0,0.02,2014/04/08,1393/01/19,2014-04-08
982730.0,982730.0,990350.0,990350.0,7620.0,0.78,2014/04/09,1393/01/20,2014-04-09
990350.0,990350.0,990350.0,990350.0,,,2014/04/10,1393/01/21,2014-04-10
992660.0,992660.0,1000700.0,999580.0,9230.0,0.93,2014/04/12,1393/01/23,2014-04-12
999580.0,999580.0,1008800.0,1007700.0,8120.0,0.81,2014/04/13,1393/01/24,2014-04-13
1007700.0,999580.0,1007700.0,1001900.0,5800.0,0.58,2014/04/14,1393/01/25,2014-04-14
1001900.0,1001900.0,1007700.0,1004200.0,2300.0,0.23,2014/04/15,1393/01/26,2014-04-15
1004200.0,1000700.0,1004200.0,1000700.0,3500.0,0.35,2014/04/16,1393/01/27,2014-04-16
1000700.0,1000700.0,1000700.0,1000700.0,,,2014/04/17,1393/01/28,2014-04-17
1001900.0,1001900.0,1005400.0,1004200.0,3500.0,0.35,2014/04/19,1393/01/30,2014-04-19
1004200.0,999580.0,1007700.0,1007700.0,3500.0,0.35,2014/04/20,1393/01/31,2014-04-20
1007700.0,1007700.0,1022700.0,1016900.0,9200.0,0.91,2014/04/21,1393/02/01,2014-04-21
1024040.0,1000570.0,1029670.0,1018710.0,10.0,,2014/04/22,1393/02/02,2014-04-22
1027430.0,1009950.0,1035540.0,1025750.0,7040.0,0.69,2014/04/23,1393/02/03,2014-04-23
1032800.0,1032800.0,1063800.0,1059100.0,33350.0,3.25,2014/04/26,1393/02/06,2014-04-26
1057300.0,1038100.0,1063800.0,1038800.0,20300.0,1.95,2014/04/27,1393/02/07,2014-04-27
1039290.0,1030520.0,1048060.0,1037440.0,1360.0,0.13,2014/04/28,1393/02/08,2014-04-28
1036520.0,1031900.0,1041140.0,1035370.0,2070.0,0.2,2014/04/29,1393/02/09,2014-04-29
1033410.0,1031440.0,1035370.0,1035370.0,,,2014/04/30,1393/02/10,2014-04-30
1035370.0,1035370.0,1035370.0,1035370.0,,,2014/05/01,1393/02/11,2014-05-01
1043220.0,1037210.0,1049220.0,1037680.0,2310.0,0.22,2014/05/03,1393/02/13,2014-05-03
1040330.0,1035370.0,1045290.0,1043450.0,5770.0,0.56,2014/05/04,1393/02/14,2014-05-04
1041720.0,1036520.0,1046910.0,1036520.0,6930.0,0.67,2014/05/05,1393/02/15,2014-05-05
1032950.0,1028210.0,1037680.0,1029130.0,7390.0,0.72,2014/05/06,1393/02/16,2014-05-06
1021860.0,1014590.0,1029130.0,1016210.0,12920.0,1.27,2014/05/07,1393/02/17,2014-05-07
1016210.0,1016210.0,1016210.0,1016210.0,,,2014/05/08,1393/02/18,2014-05-08
994510.0,988740.0,1000280.0,993120.0,23090.0,2.32,2014/05/10,1393/02/20,2014-05-10
999820.0,990350.0,1009280.0,1005360.0,12240.0,1.23,2014/05/11,1393/02/21,2014-05-11
1005360.0,1005360.0,1005360.0,1005360.0,,,2014/05/12,1393/02/22,2014-05-12
1008470.0,1004200.0,1012740.0,1007430.0,2070.0,0.21,2014/05/14,1393/02/24,2014-05-14
1007430.0,1007430.0,1007430.0,1007430.0,,,2014/05/15,1393/02/25,2014-05-15
1012280.0,1006510.0,1018050.0,1008590.0,1160.0,0.12,2014/05/17,1393/02/27,2014-05-17
1013780.0,1012970.0,1014590.0,1012970.0,4380.0,0.43,2014/05/18,1393/02/28,2014-05-18
1005820.0,1001660.0,1009970.0,1006510.0,6460.0,0.64,2014/05/19,1393/02/29,2014-05-19
1009510.0,1007660.0,1011360.0,1008820.0,2310.0,0.23,2014/05/20,1393/02/30,2014-05-20
1006980.0,996000.0,1014780.0,1009740.0,460.0,0.05,2014/05/21,1393/02/31,2014-05-21
1006276.0,1000439.0,1012076.0,1006340.0,3400.0,0.34,2014/05/23,1393/03/02,2014-05-23
990919.0,984279.0,1008479.0,1002066.0,4904.0,0.49,2014/05/25,1393/03/04,2014-05-25
978360.0,963488.0,988304.0,979198.0,3532.0,0.36,2014/05/28,1393/03/07,2014-05-28
978930.0,978120.0,979730.0,979730.0,532.0,0.05,2014/05/31,1393/03/10,2014-05-31
977190.0,974420.0,979960.0,978810.0,920.0,0.09,2014/06/01,1393/03/11,2014-06-01
978056.0,960842.0,987347.0,974189.0,4621.0,0.47,2014/06/02,1393/03/12,2014-06-02
964850.0,962190.0,967500.0,966110.0,8079.0,0.84,2014/06/07,1393/03/17,2014-06-07
967150.0,963800.0,970500.0,963800.0,2310.0,0.24,2014/06/08,1393/03/18,2014-06-08
959530.0,957570.0,961490.0,961490.0,2310.0,0.24,2014/06/09,1393/03/19,2014-06-09
972000.0,969110.0,974880.0,972110.0,10620.0,1.1,2014/06/10,1393/03/20,2014-06-10
978493.0,965990.0,993757.0,975452.0,102.0,0.01,2014/06/11,1393/03/21,2014-06-11
976620.0,973270.0,979960.0,978120.0,2668.0,0.27,2014/06/14,1393/03/24,2014-06-14
975460.0,971650.0,979270.0,971880.0,6240.0,0.64,2014/06/15,1393/03/25,2014-06-15
965420.0,958490.0,972340.0,968420.0,3460.0,0.36,2014/06/16,1393/03/26,2014-06-16
969920.0,966800.0,973040.0,969110.0,690.0,0.07,2014/06/17,1393/03/27,2014-06-17
984752.0,974806.0,1014446.0,995629.0,22589.0,2.32,2014/06/18,1393/03/28,2014-06-18
994860.0,992430.0,997280.0,993810.0,1819.0,0.18,2014/06/21,1393/03/31,2014-06-21
991510.0,988040.0,994970.0,988040.0,5770.0,0.58,2014/06/22,1393/04/01,2014-06-22
988620.0,982960.0,994280.0,991970.0,3930.0,0.4,2014/06/23,1393/04/02,2014-06-23
987240.0,984580.0,989890.0,988500.0,3470.0,0.35,2014/06/24,1393/04/03,2014-06-24
979809.0,972852.0,994691.0,981442.0,4518.0,0.46,2014/06/25,1393/04/04,2014-06-25
980567.0,968950.0,995177.0,978145.0,3297.0,0.34,2014/06/27,1393/04/06,2014-06-27
981587.0,971354.0,990519.0,978005.0,140.0,0.01,2014/06/28,1393/04/07,2014-06-28
984842.0,978172.0,1004538.0,984572.0,6567.0,0.67,2014/06/29,1393/04/08,2014-06-29
979887.0,966391.0,996839.0,978228.0,6344.0,0.65,2014/06/30,1393/04/09,2014-06-30
979006.0,974013.0,993669.0,984221.0,5993.0,0.61,2014/07/01,1393/04/10,2014-07-01
985432.0,960993.0,999917.0,974737.0,9484.0,0.97,2014/07/02,1393/04/11,2014-07-02
969230.0,965650.0,972810.0,969110.0,5627.0,0.58,2014/07/05,1393/04/14,2014-07-05
967610.0,965880.0,969340.0,967960.0,1150.0,0.12,2014/07/06,1393/04/15,2014-07-06
973850.0,968420.0,979270.0,973270.0,5310.0,0.55,2014/07/07,1393/04/16,2014-07-07
975120.0,973270.0,976960.0,975350.0,2080.0,0.21,2014/07/08,1393/04/17,2014-07-08
981341.0,970448.0,995705.0,984580.0,,,2014/07/09,1393/04/18,2014-07-09
985730.0,982960.0,988500.0,986660.0,2080.0,0.21,2014/07/12,1393/04/21,2014-07-12
978700.0,972810.0,984580.0,974190.0,12470.0,1.28,2014/07/13,1393/04/22,2014-07-13
971190.0,968880.0,973500.0,970040.0,4150.0,0.43,2014/07/14,1393/04/23,2014-07-14
967850.0,964960.0,970730.0,970730.0,690.0,0.07,2014/07/15,1393/04/24,2014-07-15
972208.0,961359.0,977652.0,972052.0,298.0,0.03,2014/07/16,1393/04/25,2014-07-16
971890.0,970730.0,973040.0,971650.0,402.0,0.04,2014/07/20,1393/04/29,2014-07-20
968770.0,966800.0,970730.0,970730.0,920.0,0.09,2014/07/21,1393/04/30,2014-07-21
969810.0,967270.0,972340.0,971420.0,690.0,0.07,2014/07/22,1393/04/31,2014-07-22
972780.0,958390.0,989210.0,972300.0,1800.0,0.19,2014/07/23,1393/05/01,2014-07-23
975120.0,974190.0,976040.0,974880.0,2580.0,0.27,2014/07/26,1393/05/04,2014-07-26
972868.0,953517.0,988920.0,972580.0,,,2014/07/27,1393/05/05,2014-07-27
969504.0,949532.0,984206.0,971288.0,1292.0,0.13,2014/07/30,1393/05/08,2014-07-30
972460.0,970270.0,974650.0,973270.0,1982.0,0.2,2014/08/02,1393/05/11,2014-08-02
974540.0,973040.0,976040.0,973960.0,690.0,0.07,2014/08/03,1393/05/12,2014-08-03
971890.0,970270.0,973500.0,970270.0,3690.0,0.38,2014/08/04,1393/05/13,2014-08-04
972930.0,970270.0,975580.0,975580.0,5310.0,0.55,2014/08/05,1393/05/14,2014-08-05
976465.0,959653.0,981542.0,973773.0,43.0,,2014/08/06,1393/05/15,2014-08-06
979040.0,976730.0,981340.0,977880.0,4107.0,0.42,2014/08/09,1393/05/18,2014-08-09
975580.0,974430.0,976730.0,975580.0,2300.0,0.24,2014/08/10,1393/05/19,2014-08-10
976640.0,975580.0,977700.0,976730.0,1150.0,0.12,2014/08/11,1393/05/20,2014-08-11
975580.0,974430.0,976730.0,976730.0,,,2014/08/12,1393/05/21,2014-08-12
974373.0,965510.0,979244.0,971339.0,5391.0,0.56,2014/08/13,1393/05/22,2014-08-13
969820.0,968660.0,970970.0,968660.0,2679.0,0.28,2014/08/16,1393/05/25,2014-08-16
967510.0,966350.0,968660.0,967510.0,1150.0,0.12,2014/08/17,1393/05/26,2014-08-17
968090.0,967510.0,968660.0,968660.0,1150.0,0.12,2014/08/18,1393/05/27,2014-08-18
965780.0,964050.0,967510.0,964050.0,4610.0,0.48,2014/08/19,1393/05/28,2014-08-19
957098.0,947527.0,964645.0,958797.0,1667.0,0.17,2014/08/20,1393/05/29,2014-08-20
963470.0,961740.0,965200.0,964050.0,5253.0,0.55,2014/08/23,1393/06/01,2014-08-23
962900.0,960590.0,965200.0,964050.0,,,2014/08/24,1393/06/02,2014-08-24
967510.0,965200.0,969810.0,967510.0,3460.0,0.36,2014/08/25,1393/06/03,2014-08-25
965780.0,965200.0,966350.0,966350.0,1160.0,0.12,2014/08/26,1393/06/04,2014-08-26
970474.0,953587.0,989144.0,971559.0,1749.0,0.18,2014/08/27,1393/06/05,2014-08-27
973280.0,972120.0,974430.0,972120.0,561.0,0.06,2014/08/30,1393/06/08,2014-08-30
971550.0,970970.0,972120.0,970970.0,1150.0,0.12,2014/08/31,1393/06/09,2014-08-31
968660.0,967510.0,969810.0,968660.0,2310.0,0.24,2014/09/01,1393/06/10,2014-09-01
968660.0,967510.0,969810.0,968660.0,,,2014/09/02,1393/06/11,2014-09-02
968184.0,961697.0,974678.0,968576.0,1234.0,0.13,2014/09/03,1393/06/12,2014-09-03
965200.0,964050.0,966350.0,966350.0,2226.0,0.23,2014/09/06,1393/06/15,2014-09-06
966930.0,966350.0,967510.0,966350.0,,,2014/09/07,1393/06/16,2014-09-07
964630.0,964050.0,965200.0,964050.0,2300.0,0.24,2014/09/08,1393/06/17,2014-09-08
962900.0,961740.0,964050.0,962890.0,1160.0,0.12,2014/09/09,1393/06/18,2014-09-09
950507.0,930641.0,966386.0,958907.0,1683.0,0.18,2014/09/10,1393/06/19,2014-09-10
945600.0,943290.0,947900.0,946750.0,12157.0,1.28,2014/09/13,1393/06/22,2014-09-13
950790.0,947900.0,953670.0,952510.0,5760.0,0.61,2014/09/14,1393/06/23,2014-09-14
956550.0,936123.0,963245.0,952216.0,2604.0,0.27,2014/09/15,1393/06/24,2014-09-15
949391.0,937549.0,966100.0,943588.0,7772.0,0.82,2014/09/17,1393/06/26,2014-09-17
938100.0,935220.0,940980.0,938680.0,4908.0,0.52,2014/09/20,1393/06/29,2014-09-20
937530.0,936370.0,938680.0,937520.0,1160.0,0.12,2014/09/21,1393/06/30,2014-09-21
945020.0,938680.0,951360.0,946750.0,9230.0,0.98,2014/09/22,1393/06/31,2014-09-22
949630.0,947900.0,951360.0,947900.0,1150.0,0.12,2014/09/23,1393/07/01,2014-09-23
946383.0,927360.0,964303.0,949959.0,6669.0,0.71,2014/09/24,1393/07/02,2014-09-24
962320.0,960590.0,964050.0,964050.0,14091.0,1.48,2014/09/27,1393/07/05,2014-09-27
961740.0,960590.0,962890.0,960590.0,3460.0,0.36,2014/09/28,1393/07/06,2014-09-28
955400.0,952510.0,958280.0,955970.0,4620.0,0.48,2014/09/29,1393/07/07,2014-09-29
952106.0,939347.0,968973.0,955784.0,186.0,0.02,2014/09/30,1393/07/08,2014-09-30
952506.0,937265.0,961469.0,954786.0,998.0,0.1,2014/10/01,1393/07/09,2014-10-01
947790.0,940870.0,965950.0,950180.0,4606.0,0.48,2014/10/03,1393/07/11,2014-10-03
955400.0,953670.0,957130.0,955970.0,5790.0,0.61,2014/10/06,1393/07/14,2014-10-06
960590.0,958280.0,962890.0,958280.0,2310.0,0.24,2014/10/07,1393/07/15,2014-10-07
968010.0,960556.0,974592.0,966549.0,961.0,0.1,2014/10/08,1393/07/16,2014-10-08
962580.0,954783.0,973963.0,962890.0,,,2014/10/11,1393/07/19,2014-10-11
961170.0,957130.0,965200.0,964050.0,1160.0,0.12,2014/10/14,1393/07/22,2014-10-14
962481.0,952618.0,968640.0,962241.0,1809.0,0.19,2014/10/15,1393/07/23,2014-10-15
961740.0,960590.0,962890.0,962890.0,649.0,0.07,2014/10/18,1393/07/26,2014-10-18
960590.0,959430.0,961740.0,959430.0,3460.0,0.36,2014/10/19,1393/07/27,2014-10-19
961740.0,960590.0,962890.0,960590.0,1160.0,0.12,2014/10/20,1393/07/28,2014-10-20
960010.0,959430.0,960590.0,959430.0,1160.0,0.12,2014/10/21,1393/07/29,2014-10-21
954893.0,943529.0,963317.0,956716.0,414.0,0.04,2014/10/22,1393/07/30,2014-10-22
950210.0,949060.0,951360.0,951360.0,5356.0,0.56,2014/10/25,1393/08/03,2014-10-25
951360.0,950210.0,952510.0,951360.0,,,2014/10/26,1393/08/04,2014-10-26
951360.0,950210.0,952510.0,951360.0,,,2014/10/27,1393/08/05,2014-10-27
950790.0,950210.0,951360.0,951360.0,,,2014/10/28,1393/08/06,2014-10-28
943020.0,927550.0,955750.0,943960.0,1640.0,0.17,2014/10/29,1393/08/07,2014-10-29
924121.0,908162.0,937613.0,923399.0,20561.0,2.23,2014/10/31,1393/08/09,2014-10-31
922891.0,915624.0,940795.0,920966.0,2433.0,0.26,2014/11/01,1393/08/10,2014-11-01
924017.0,907010.0,939355.0,918492.0,1722.0,0.19,2014/11/05,1393/08/14,2014-11-05
928880.0,928300.0,929450.0,929450.0,10958.0,1.19,2014/11/08,1393/08/17,2014-11-08
925990.0,922530.0,929450.0,922530.0,6920.0,0.75,2014/11/09,1393/08/18,2014-11-09
919070.0,915610.0,922530.0,921380.0,1150.0,0.12,2014/11/10,1393/08/19,2014-11-10
924840.0,923690.0,925990.0,924840.0,3460.0,0.38,2014/11/11,1393/08/20,2014-11-11
924173.0,906428.0,937613.0,926404.0,2714.0,0.29,2014/11/12,1393/08/21,2014-11-12
935220.0,934060.0,936370.0,936370.0,9966.0,1.08,2014/11/15,1393/08/24,2014-11-15
935220.0,934060.0,936370.0,935220.0,1150.0,0.12,2014/11/16,1393/08/25,2014-11-16
937520.0,934060.0,940980.0,938680.0,3460.0,0.37,2014/11/17,1393/08/26,2014-11-17
939830.0,939830.0,939830.0,939830.0,1150.0,0.12,2014/11/18,1393/08/27,2014-11-18
936115.0,929468.0,953318.0,936370.0,,,2014/11/19,1393/08/28,2014-11-19
936370.0,934060.0,938680.0,936370.0,,,2014/11/22,1393/09/01,2014-11-22
940990.0,935220.0,946750.0,944440.0,8070.0,0.86,2014/11/23,1393/09/02,2014-11-23
946750.0,942140.0,951360.0,947900.0,3460.0,0.37,2014/11/24,1393/09/03,2014-11-24
954250.0,950210.0,958280.0,958280.0,10380.0,1.1,2014/11/25,1393/09/04,2014-11-25
960943.0,954792.0,972854.0,966188.0,5598.0,0.58,2014/11/26,1393/09/05,2014-11-26
975580.0,967510.0,983650.0,976730.0,10542.0,1.09,2014/11/29,1393/09/08,2014-11-29
969820.0,965200.0,974430.0,972120.0,4610.0,0.47,2014/11/30,1393/09/09,2014-11-30
979620.0,976730.0,982500.0,977880.0,5760.0,0.59,2014/12/01,1393/09/10,2014-12-01
977890.0,975580.0,980190.0,976730.0,1150.0,0.12,2014/12/02,1393/09/11,2014-12-02
973235.0,959665.0,989585.0,972798.0,3932.0,0.4,2014/12/03,1393/09/12,2014-12-03
977310.0,973270.0,981340.0,979040.0,6242.0,0.64,2014/12/06,1393/09/15,2014-12-06
987690.0,983650.0,991720.0,983650.0,4610.0,0.47,2014/12/07,1393/09/16,2014-12-07
988260.0,984800.0,991720.0,991720.0,8070.0,0.82,2014/12/08,1393/09/17,2014-12-08
997490.0,994030.0,1000950.0,1000950.0,9230.0,0.93,2014/12/09,1393/09/18,2014-12-09
1007748.0,983834.0,1015809.0,1003810.0,2860.0,0.29,2014/12/10,1393/09/19,2014-12-10
1022860.0,1013630.0,1032080.0,1014790.0,10980.0,1.09,2014/12/14,1393/09/23,2014-12-14
1009020.0,1000950.0,1017090.0,1014790.0,,,2014/12/15,1393/09/24,2014-12-15
1011900.0,1010170.0,1013630.0,1010170.0,4620.0,0.46,2014/12/16,1393/09/25,2014-12-16
1014440.0,992300.0,1029550.0,1013280.0,6120.0,0.6,2014/12/17,1393/09/26,2014-12-17
1011225.0,999255.0,1020528.0,1010983.0,2297.0,0.23,2014/12/19,1393/09/28,2014-12-19
1010861.0,1001583.0,1019756.0,1010170.0,813.0,0.08,2014/12/21,1393/09/30,2014-12-21
1012874.0,1003134.0,1025129.0,1011836.0,1666.0,0.16,2014/12/24,1393/10/03,2014-12-24
1018820.0,1017090.0,1020550.0,1017090.0,5254.0,0.52,2014/12/27,1393/10/06,2014-12-27
1015370.0,1012480.0,1018250.0,1012480.0,4610.0,0.46,2014/12/28,1393/10/07,2014-12-28
1006140.0,1000950.0,1011330.0,1006710.0,5770.0,0.57,2014/12/29,1393/10/08,2014-12-29
1006140.0,1003250.0,1009020.0,1005560.0,1150.0,0.11,2014/12/30,1393/10/09,2014-12-30
998149.0,977986.0,1017164.0,998787.0,6773.0,0.68,2014/12/31,1393/10/10,2014-12-31
1004990.0,1002100.0,1007870.0,1004410.0,5623.0,0.56,2015/01/03,1393/10/13,2015-01-03
1004410.0,1000950.0,1007870.0,1003250.0,1160.0,0.12,2015/01/04,1393/10/14,2015-01-04
1010170.0,1006710.0,1013630.0,1012480.0,9230.0,0.92,2015/01/05,1393/10/15,2015-01-05
1016520.0,1014790.0,1018250.0,1014790.0,2310.0,0.23,2015/01/06,1393/10/16,2015-01-06
1013190.0,993128.0,1031706.0,1015659.0,5489.0,0.54,2015/01/07,1393/10/17,2015-01-07
1013640.0,1011330.0,1015940.0,1012480.0,3179.0,0.31,2015/01/10,1393/10/20,2015-01-10
1011330.0,1007870.0,1014790.0,1010170.0,2310.0,0.23,2015/01/11,1393/10/21,2015-01-11
1013060.0,1009020.0,1017090.0,1011330.0,1160.0,0.11,2015/01/12,1393/10/22,2015-01-12
1007870.0,1003250.0,1012480.0,1011330.0,,,2015/01/13,1393/10/23,2015-01-13
1018464.0,1006547.0,1048453.0,1034080.0,22750.0,2.25,2015/01/14,1393/10/24,2015-01-14
1041310.0,1036700.0,1045920.0,1044770.0,10690.0,1.03,2015/01/17,1393/10/27,2015-01-17
1049390.0,1043620.0,1055150.0,1055150.0,10380.0,0.99,2015/01/18,1393/10/28,2015-01-18
1051690.0,1047070.0,1056300.0,1056300.0,1150.0,0.11,2015/01/19,1393/10/29,2015-01-19
1063220.0,1059760.0,1066680.0,1066680.0,10380.0,0.98,2015/01/20,1393/10/30,2015-01-20
1059312.0,1034539.0,1065032.0,1055007.0,3603.0,0.34,2015/01/21,1393/11/01,2015-01-21
1056300.0,1052840.0,1059760.0,1059760.0,4753.0,0.45,2015/01/24,1393/11/04,2015-01-24
1056880.0,1055150.0,1058610.0,1057450.0,2310.0,0.22,2015/01/25,1393/11/05,2015-01-25
1055150.0,1053990.0,1056300.0,1055150.0,2300.0,0.22,2015/01/26,1393/11/06,2015-01-26
1056300.0,1053990.0,1058610.0,1056300.0,1150.0,0.11,2015/01/27,1393/11/07,2015-01-27
1051409.0,1040492.0,1072542.0,1050472.0,58.0,0.01,2015/01/28,1393/11/08,2015-01-28
1047080.0,1045920.0,1048230.0,1047070.0,3402.0,0.32,2015/01/31,1393/11/11,2015-01-31
1041890.0,1037850.0,1045920.0,1037850.0,9220.0,0.89,2015/02/01,1393/11/12,2015-02-01
1042470.0,1040160.0,1044770.0,1041310.0,3460.0,0.33,2015/02/02,1393/11/13,2015-02-02
1035540.0,1032080.0,1039000.0,1032080.0,9230.0,0.89,2015/02/03,1393/11/14,2015-02-03
1023357.0,998195.0,1035739.0,1007159.0,20311.0,2.02,2015/02/04,1393/11/15,2015-02-04
994610.0,988260.0,1000950.0,1000950.0,6209.0,0.62,2015/02/07,1393/11/18,2015-02-07
1009020.0,1002100.0,1015940.0,1012480.0,11530.0,1.15,2015/02/08,1393/11/19,2015-02-08
1008065.0,988004.0,1029091.0,1009903.0,267.0,0.03,2015/02/09,1393/11/20,2015-02-09
1012716.0,997018.0,1028109.0,1012916.0,3013.0,0.3,2015/02/11,1393/11/22,2015-02-11
1012480.0,1010170.0,1014790.0,1013630.0,714.0,0.07,2015/02/14,1393/11/25,2015-02-14
1011330.0,1010170.0,1012480.0,1010170.0,3460.0,0.34,2015/02/15,1393/11/26,2015-02-15
1008450.0,994030.0,1022860.0,994030.0,16140.0,1.62,2015/02/16,1393/11/27,2015-02-16
994610.0,992880.0,996340.0,996340.0,2310.0,0.23,2015/02/17,1393/11/28,2015-02-17
999060.0,972931.0,1015644.0,990564.0,13846.0,1.4,2015/02/18,1393/11/29,2015-02-18
993460.0,990570.0,996340.0,995180.0,4616.0,0.47,2015/02/21,1393/12/02,2015-02-21
994030.0,990570.0,997490.0,994030.0,1150.0,0.12,2015/02/22,1393/12/03,2015-02-22
995190.0,992880.0,997490.0,996340.0,2310.0,0.23,2015/02/23,1393/12/04,2015-02-23
1004990.0,1000950.0,1009020.0,1006710.0,10370.0,1.04,2015/02/24,1393/12/05,2015-02-24
1008633.0,999010.0,1025578.0,1007982.0,1038.0,0.1,2015/02/25,1393/12/06,2015-02-25
1007290.0,1005560.0,1009020.0,1006710.0,1272.0,0.13,2015/02/28,1393/12/09,2015-02-28
1009020.0,1007870.0,1010170.0,1007870.0,1160.0,0.12,2015/03/01,1393/12/10,2015-03-01
1003830.0,1002100.0,1005560.0,1002100.0,5770.0,0.58,2015/03/02,1393/12/11,2015-03-02
1002680.0,1002100.0,1003250.0,1002100.0,,,2015/03/03,1393/12/12,2015-03-03
998671.0,973641.0,1017845.0,983675.0,16115.0,1.64,2015/03/04,1393/12/13,2015-03-04
976160.0,973270.0,979040.0,976730.0,6945.0,0.71,2015/03/07,1393/12/16,2015-03-07
977890.0,975580.0,980190.0,976730.0,,,2015/03/08,1393/12/17,2015-03-08
967510.0,962890.0,972120.0,967510.0,9220.0,0.95,2015/03/09,1393/12/18,2015-03-09
957130.0,949060.0,965200.0,949060.0,18450.0,1.94,2015/03/10,1393/12/19,2015-03-10
937426.0,922778.0,952424.0,932194.0,18016.0,1.93,2015/03/11,1393/12/20,2015-03-11
919650.0,906390.0,932910.0,924840.0,7354.0,0.8,2015/03/14,1393/12/23,2015-03-14
934640.0,931760.0,937520.0,936370.0,11530.0,1.25,2015/03/15,1393/12/24,2015-03-15
946170.0,937520.0,954820.0,945600.0,9230.0,0.99,2015/03/16,1393/12/25,2015-03-16
951370.0,945600.0,957130.0,947900.0,2300.0,0.24,2015/03/17,1393/12/26,2015-03-17
967383.0,956548.0,977724.0,972280.0,8230.0,0.85,2015/03/18,1393/12/27,2015-03-18
973764.0,961105.0,989939.0,974830.0,1900.0,0.19,2015/03/25,1394/01/05,2015-03-25
950790.0,945600.0,955970.0,955970.0,18860.0,1.97,2015/03/28,1394/01/08,2015-03-28
958980.0,943156.0,978170.0,962861.0,1121.0,0.12,2015/03/29,1394/01/09,2015-03-29
959294.0,949605.0,972394.0,962100.0,761.0,0.08,2015/03/30,1394/01/10,2015-03-30
979040.0,973270.0,984800.0,980190.0,18090.0,1.88,2015/04/04,1394/01/15,2015-04-04
985380.0,979040.0,991720.0,982500.0,2310.0,0.24,2015/04/05,1394/01/16,2015-04-05
978460.0,975580.0,981340.0,980190.0,2310.0,0.24,2015/04/06,1394/01/17,2015-04-06
979620.0,976730.0,982500.0,977880.0,2310.0,0.24,2015/04/07,1394/01/18,2015-04-07
971140.0,962108.0,985666.0,975232.0,1962.0,0.2,2015/04/08,1394/01/19,2015-04-08
1002680.0,998640.0,1006710.0,999790.0,24558.0,2.52,2015/04/11,1394/01/22,2015-04-11
991150.0,985960.0,996340.0,990570.0,9220.0,0.93,2015/04/12,1394/01/23,2015-04-12
982500.0,979040.0,985960.0,984800.0,5770.0,0.59,2015/04/13,1394/01/24,2015-04-13
987110.0,984800.0,989420.0,988260.0,3460.0,0.35,2015/04/14,1394/01/25,2015-04-14
986393.0,981263.0,993658.0,987634.0,2936.0,0.3,2015/04/15,1394/01/26,2015-04-15
989420.0,987110.0,991720.0,990570.0,2936.0,0.3,2015/04/18,1394/01/29,2015-04-18
988260.0,984800.0,991720.0,985960.0,4610.0,0.47,2015/04/19,1394/01/30,2015-04-19
984230.0,982500.0,985960.0,983650.0,2310.0,0.23,2015/04/20,1394/01/31,2015-04-20
985380.0,984800.0,985960.0,984800.0,1150.0,0.12,2015/04/21,1394/02/01,2015-04-21
974972.0,954642.0,984234.0,970264.0,6466.0,0.67,2015/04/22,1394/02/02,2015-04-22
970970.0,969810.0,972120.0,972120.0,1856.0,0.19,2015/04/25,1394/02/05,2015-04-25
971540.0,969810.0,973270.0,972120.0,,,2015/04/26,1394/02/06,2015-04-26
977890.0,975580.0,980190.0,975580.0,3460.0,0.36,2015/04/27,1394/02/07,2015-04-27
979040.0,976730.0,981340.0,979040.0,3460.0,0.35,2015/04/28,1394/02/08,2015-04-28
975927.0,960507.0,997155.0,977795.0,85.0,0.01,2015/04/29,1394/02/09,2015-04-29
968090.0,964050.0,972120.0,967510.0,10285.0,1.06,2015/05/03,1394/02/13,2015-05-03
964050.0,961740.0,966350.0,965200.0,2310.0,0.24,2015/05/04,1394/02/14,2015-05-04
963470.0,961740.0,965200.0,965200.0,,,2015/05/05,1394/02/15,2015-05-05
961740.0,953172.0,972703.0,960666.0,1074.0,0.11,2015/05/06,1394/02/16,2015-05-06
960010.0,957130.0,962890.0,957130.0,3536.0,0.37,2015/05/09,1394/02/19,2015-05-09
954820.0,953670.0,955970.0,955970.0,1160.0,0.12,2015/05/10,1394/02/20,2015-05-10
950210.0,946750.0,953670.0,950210.0,5760.0,0.61,2015/05/11,1394/02/21,2015-05-11
955980.0,951360.0,960590.0,959430.0,9220.0,0.97,2015/05/12,1394/02/22,2015-05-12
967945.0,951973.0,979180.0,969198.0,2848.0,0.29,2015/05/13,1394/02/23,2015-05-13
970970.0,967510.0,974430.0,968660.0,538.0,0.06,2015/05/17,1394/02/27,2015-05-17
961740.0,958280.0,965200.0,959430.0,9230.0,0.96,2015/05/18,1394/02/28,2015-05-18
958280.0,955970.0,960590.0,959430.0,,,2015/05/19,1394/02/29,2015-05-19
956478.0,944439.0,972833.0,955524.0,446.0,0.05,2015/05/20,1394/02/30,2015-05-20
953670.0,952510.0,954820.0,954820.0,704.0,0.07,2015/05/23,1394/03/02,2015-05-23
955970.0,952510.0,959430.0,953670.0,1150.0,0.12,2015/05/24,1394/03/03,2015-05-24
951370.0,949060.0,953670.0,950210.0,3460.0,0.36,2015/05/25,1394/03/04,2015-05-25
949630.0,947900.0,951360.0,947900.0,2310.0,0.24,2015/05/26,1394/03/05,2015-05-26
951862.0,932523.0,964331.0,951360.0,,,2015/05/27,1394/03/06,2015-05-27
951940.0,950210.0,953670.0,952510.0,1150.0,0.12,2015/05/30,1394/03/09,2015-05-30
949630.0,947900.0,951360.0,951360.0,1150.0,0.12,2015/05/31,1394/03/10,2015-05-31
951859.0,924209.0,968611.0,941822.0,8388.0,0.89,2015/06/01,1394/03/11,2015-06-01
936370.0,934060.0,938680.0,934060.0,7762.0,0.83,2015/06/06,1394/03/16,2015-06-06
935790.0,934060.0,937520.0,935220.0,1160.0,0.12,2015/06/07,1394/03/17,2015-06-07
938100.0,936370.0,939830.0,939830.0,4610.0,0.49,2015/06/08,1394/03/18,2015-06-08
940990.0,938680.0,943290.0,943290.0,3460.0,0.37,2015/06/09,1394/03/19,2015-06-09
938455.0,917070.0,953845.0,934737.0,2783.0,0.3,2015/06/10,1394/03/20,2015-06-10
929450.0,928300.0,930600.0,930600.0,4137.0,0.44,2015/06/13,1394/03/23,2015-06-13
924840.0,920230.0,929450.0,923690.0,6910.0,0.75,2015/06/14,1394/03/24,2015-06-14
923110.0,920230.0,925990.0,921380.0,2310.0,0.25,2015/06/15,1394/03/25,2015-06-15
921960.0,920230.0,923690.0,920230.0,1150.0,0.12,2015/06/16,1394/03/26,2015-06-16
923075.0,913105.0,943189.0,927697.0,1707.0,0.18,2015/06/17,1394/03/27,2015-06-17
928300.0,925990.0,930600.0,925990.0,1707.0,0.18,2015/06/20,1394/03/30,2015-06-20
923920.0,920690.0,927150.0,920690.0,5300.0,0.58,2015/06/21,1394/03/31,2015-06-21
919770.0,917460.0,922070.0,918840.0,1850.0,0.2,2015/06/22,1394/04/01,2015-06-22
921730.0,919300.0,924150.0,922530.0,3690.0,0.4,2015/06/23,1394/04/02,2015-06-23
925358.0,914559.0,941366.0,924171.0,21.0,,2015/06/24,1394/04/03,2015-06-24
930150.0,927610.0,932680.0,928760.0,4589.0,0.5,2015/06/27,1394/04/06,2015-06-27
930720.0,927380.0,934060.0,927380.0,1380.0,0.15,2015/06/28,1394/04/07,2015-06-28
924030.0,921610.0,926450.0,923460.0,3920.0,0.42,2015/06/29,1394/04/08,2015-06-29
925070.0,922760.0,927380.0,922990.0,470.0,0.05,2015/06/30,1394/04/09,2015-06-30
916174.0,904541.0,923595.0,913401.0,4519.0,0.49,2015/07/01,1394/04/10,2015-07-01
909850.0,907540.0,912150.0,908690.0,4711.0,0.52,2015/07/04,1394/04/13,2015-07-04
902120.0,893010.0,911230.0,896010.0,12680.0,1.42,2015/07/05,1394/04/14,2015-07-05
894400.0,889090.0,899700.0,892780.0,3230.0,0.36,2015/07/06,1394/04/15,2015-07-06
892670.0,891170.0,894160.0,893930.0,1150.0,0.13,2015/07/07,1394/04/16,2015-07-07
893598.0,878764.0,907901.0,903115.0,9185.0,1.03,2015/07/08,1394/04/17,2015-07-08
891170.0,883320.0,899010.0,886090.0,17025.0,1.92,2015/07/11,1394/04/20,2015-07-11
888750.0,882630.0,894860.0,891860.0,5770.0,0.65,2015/07/12,1394/04/21,2015-07-12
896240.0,884710.0,907770.0,906390.0,14530.0,1.63,2015/07/13,1394/04/22,2015-07-13
910430.0,901080.0,919770.0,905470.0,920.0,0.1,2015/07/14,1394/04/23,2015-07-14
899109.0,880601.0,911786.0,895375.0,1555.0,0.17,2015/07/15,1394/04/24,2015-07-15
878830.0,870640.0,887020.0,886320.0,9055.0,1.02,2015/07/20,1394/04/29,2015-07-20
878600.0,874560.0,882630.0,877330.0,8990.0,1.02,2015/07/21,1394/04/30,2015-07-21
882362.0,874950.0,896671.0,889643.0,7473.0,0.85,2015/07/22,1394/04/31,2015-07-22
893710.0,891860.0,895550.0,893930.0,4287.0,0.48,2015/07/25,1394/05/03,2015-07-25
893010.0,890010.0,896010.0,893470.0,460.0,0.05,2015/07/26,1394/05/04,2015-07-26
893250.0,891170.0,895320.0,893010.0,460.0,0.05,2015/07/27,1394/05/05,2015-07-27
894510.0,892320.0,896700.0,894860.0,1850.0,0.21,2015/07/28,1394/05/06,2015-07-28
892003.0,873538.0,903322.0,894556.0,2466.0,0.28,2015/07/29,1394/05/07,2015-07-29
896240.0,893700.0,898780.0,894630.0,74.0,0.01,2015/08/01,1394/05/10,2015-08-01
892900.0,890940.0,894860.0,892320.0,2310.0,0.26,2015/08/02,1394/05/11,2015-08-02
892090.0,890470.0,893700.0,893240.0,920.0,0.1,2015/08/03,1394/05/12,2015-08-03
891510.0,890470.0,892550.0,890710.0,2530.0,0.28,2015/08/04,1394/05/13,2015-08-04
893108.0,877567.0,901290.0,895470.0,3380.0,0.38,2015/08/05,1394/05/14,2015-08-05
896130.0,893700.0,898550.0,893700.0,1770.0,0.2,2015/08/08,1394/05/17,2015-08-08
900741.0,889301.0,918107.0,912995.0,13755.0,1.53,2015/08/09,1394/05/18,2015-08-09
911263.0,896863.0,920011.0,907848.0,768.0,0.08,2015/08/12,1394/05/21,2015-08-12
909160.0,906850.0,911460.0,911230.0,3382.0,0.37,2015/08/15,1394/05/24,2015-08-15
913080.0,911000.0,915150.0,914000.0,2770.0,0.3,2015/08/16,1394/05/25,2015-08-16
915380.0,912150.0,918610.0,914000.0,,,2015/08/17,1394/05/26,2015-08-17
917690.0,912620.0,922760.0,921380.0,7380.0,0.81,2015/08/18,1394/05/27,2015-08-18
936048.0,925377.0,950099.0,938092.0,6102.0,0.65,2015/08/19,1394/05/28,2015-08-19
959550.0,956210.0,962890.0,958050.0,19958.0,2.13,2015/08/22,1394/05/31,2015-08-22
956320.0,952510.0,960130.0,958280.0,230.0,0.02,2015/08/23,1394/06/01,2015-08-23
949980.0,946060.0,953900.0,946060.0,12220.0,1.29,2015/08/24,1394/06/02,2015-08-24
940760.0,930840.0,950670.0,934760.0,11300.0,1.21,2015/08/25,1394/06/03,2015-08-25
933380.0,915780.0,942900.0,931620.0,320.0,0.03,2015/08/26,1394/06/04,2015-08-26
937060.0,932680.0,941440.0,940980.0,9360.0,1.0,2015/08/29,1394/06/07,2015-08-29
942260.0,938450.0,946060.0,940520.0,460.0,0.05,2015/08/30,1394/06/08,2015-08-30
946870.0,943980.0,949750.0,947670.0,7150.0,0.76,2015/08/31,1394/06/09,2015-08-31
944900.0,940980.0,948820.0,941440.0,6230.0,0.66,2015/09/01,1394/06/10,2015-09-01
938220.0,922927.0,948545.0,939154.0,2094.0,0.22,2015/09/02,1394/06/11,2015-09-02
942020.0,939600.0,944440.0,940980.0,1826.0,0.19,2015/09/05,1394/06/14,2015-09-05
939260.0,936370.0,942140.0,937060.0,3920.0,0.42,2015/09/06,1394/06/15,2015-09-06
939320.0,936950.0,941680.0,941680.0,4620.0,0.49,2015/09/07,1394/06/16,2015-09-07
936950.0,933600.0,940290.0,934060.0,7620.0,0.82,2015/09/08,1394/06/17,2015-09-08
931289.0,916388.0,947519.0,933241.0,589.0,0.06,2015/09/09,1394/06/18,2015-09-09
932680.0,931530.0,933830.0,932450.0,791.0,0.08,2015/09/12,1394/06/21,2015-09-12
933260.0,931530.0,934990.0,932910.0,460.0,0.05,2015/09/13,1394/06/22,2015-09-13
931410.0,929680.0,933140.0,930840.0,2070.0,0.22,2015/09/14,1394/06/23,2015-09-14
930610.0,928300.0,932910.0,932910.0,2070.0,0.22,2015/09/15,1394/06/24,2015-09-15
938099.0,920655.0,949074.0,933538.0,2468.0,0.27,2015/09/16,1394/06/25,2015-09-16
940410.0,937520.0,943290.0,937990.0,4452.0,0.48,2015/09/19,1394/06/28,2015-09-19
935800.0,933370.0,938220.0,935220.0,2770.0,0.3,2015/09/20,1394/06/29,2015-09-20
933370.0,930140.0,936600.0,931300.0,3920.0,0.42,2015/09/21,1394/06/30,2015-09-21
930260.0,925990.0,934530.0,932450.0,1150.0,0.12,2015/09/22,1394/06/31,2015-09-22
938790.0,933140.0,944440.0,943520.0,11070.0,1.19,2015/09/23,1394/07/01,2015-09-23
943990.0,942600.0,945370.0,943060.0,460.0,0.05,2015/09/26,1394/07/04,2015-09-26
941330.0,938910.0,943750.0,940750.0,2310.0,0.25,2015/09/27,1394/07/05,2015-09-27
941450.0,938450.0,944440.0,943750.0,3000.0,0.32,2015/09/28,1394/07/06,2015-09-28
939950.0,936370.0,943520.0,937060.0,6690.0,0.71,2015/09/29,1394/07/07,2015-09-29
943810.0,931150.0,948900.0,940660.0,4060.0,0.43,2015/09/30,1394/07/08,2015-09-30
943180.0,941680.0,944670.0,944670.0,4010.0,0.43,2015/10/03,1394/07/11,2015-10-03
943410.0,941680.0,945130.0,943750.0,920.0,0.1,2015/10/04,1394/07/12,2015-10-04
948020.0,945130.0,950900.0,949980.0,6230.0,0.66,2015/10/05,1394/07/13,2015-10-05
954710.0,951820.0,957590.0,956210.0,6230.0,0.66,2015/10/06,1394/07/14,2015-10-06
960852.0,950309.0,974111.0,958843.0,4253.0,0.45,2015/10/07,1394/07/15,2015-10-07
962200.0,959200.0,965200.0,964510.0,5667.0,0.59,2015/10/10,1394/07/18,2015-10-10
965660.0,961970.0,969350.0,962660.0,1850.0,0.19,2015/10/11,1394/07/19,2015-10-11
958860.0,956210.0,961510.0,961050.0,1610.0,0.17,2015/10/12,1394/07/20,2015-10-12
966350.0,963120.0,969580.0,968660.0,7610.0,0.79,2015/10/13,1394/07/21,2015-10-13
970456.0,960156.0,980160.0,969365.0,4825.0,0.5,2015/10/14,1394/07/22,2015-10-14
961860.0,959900.0,963820.0,961280.0,8085.0,0.84,2015/10/17,1394/07/25,2015-10-17
956210.0,952050.0,960360.0,954130.0,7150.0,0.75,2015/10/18,1394/07/26,2015-10-18
956900.0,951820.0,961970.0,959900.0,5770.0,0.6,2015/10/19,1394/07/27,2015-10-19
958740.0,955740.0,961740.0,956670.0,3230.0,0.34,2015/10/20,1394/07/28,2015-10-20
958196.0,951871.0,963389.0,958597.0,143.0,0.01,2015/10/21,1394/07/29,2015-10-21
958860.0,957130.0,960590.0,960130.0,1533.0,0.16,2015/10/25,1394/08/03,2015-10-25
960990.0,959090.0,962890.0,962430.0,2300.0,0.24,2015/10/26,1394/08/04,2015-10-26
966590.0,963590.0,969580.0,968660.0,6230.0,0.65,2015/10/27,1394/08/05,2015-10-27
955460.0,944567.0,966331.0,956480.0,2260.0,0.24,2015/10/28,1394/08/06,2015-10-28
955860.0,954590.0,957130.0,955500.0,980.0,0.1,2015/10/31,1394/08/09,2015-10-31
953550.0,951400.0,955700.0,952100.0,3400.0,0.36,2015/11/01,1394/08/10,2015-11-01
951300.0,949800.0,952800.0,949800.0,2300.0,0.24,2015/11/02,1394/08/11,2015-11-02
944900.0,941400.0,948400.0,941400.0,8400.0,0.89,2015/11/03,1394/08/12,2015-11-03
932180.0,914870.0,948210.0,929940.0,8960.0,0.96,2015/11/04,1394/08/13,2015-11-04
929780.0,928760.0,930800.0,929500.0,440.0,0.05,2015/11/07,1394/08/16,2015-11-07
933250.0,930800.0,935700.0,934800.0,5300.0,0.57,2015/11/08,1394/08/17,2015-11-08
935200.0,930600.0,939800.0,933800.0,1000.0,0.11,2015/11/09,1394/08/18,2015-11-09
931950.0,930100.0,933800.0,931100.0,2700.0,0.29,2015/11/10,1394/08/19,2015-11-10
930500.0,927600.0,933400.0,930100.0,1000.0,0.11,2015/11/11,1394/08/20,2015-11-11
932910.0,932910.0,932910.0,932910.0,2810.0,0.3,2015/11/12,1394/08/21,2015-11-12
934100.0,932500.0,935700.0,932900.0,10.0,,2015/11/14,1394/08/23,2015-11-14
934050.0,930600.0,937500.0,931500.0,1400.0,0.15,2015/11/15,1394/08/24,2015-11-15
925200.0,921400.0,929000.0,921800.0,9700.0,1.05,2015/11/16,1394/08/25,2015-11-16
920900.0,919300.0,922500.0,921200.0,600.0,0.07,2015/11/17,1394/08/26,2015-11-17
922220.0,911610.0,931500.0,925580.0,1620.0,0.18,2015/11/18,1394/08/27,2015-11-18
921500.0,919500.0,923500.0,922300.0,3280.0,0.36,2015/11/21,1394/08/30,2015-11-21
919450.0,917500.0,921400.0,920000.0,2300.0,0.25,2015/11/22,1394/09/01,2015-11-22
922550.0,919800.0,925300.0,923200.0,3200.0,0.35,2015/11/23,1394/09/02,2015-11-23
925800.0,924400.0,927200.0,926200.0,3000.0,0.32,2015/11/24,1394/09/03,2015-11-24
925260.0,918040.0,945180.0,926020.0,1180.0,0.13,2015/11/25,1394/09/04,2015-11-25
927000.0,925500.0,928500.0,927600.0,1580.0,0.17,2015/11/28,1394/09/07,2015-11-28
926200.0,924800.0,927600.0,927200.0,400.0,0.04,2015/11/29,1394/09/08,2015-11-29
930170.0,922170.0,942010.0,931120.0,2280.0,0.24,2015/11/30,1394/09/09,2015-11-30
929180.0,921930.0,948850.0,934920.0,3800.0,0.41,2015/12/02,1394/09/11,2015-12-02
939100.0,936800.0,941400.0,941000.0,6080.0,0.65,2015/12/05,1394/09/14,2015-12-05
941000.0,939600.0,942400.0,940500.0,500.0,0.05,2015/12/06,1394/09/15,2015-12-06
938600.0,937100.0,940100.0,938700.0,1800.0,0.19,2015/12/07,1394/09/16,2015-12-07
939250.0,937100.0,941400.0,938000.0,700.0,0.07,2015/12/08,1394/09/17,2015-12-08
937150.0,936100.0,938200.0,937500.0,500.0,0.05,2015/12/09,1394/09/18,2015-12-09
938400.0,933700.0,943100.0,935000.0,2500.0,0.27,2015/12/13,1394/09/22,2015-12-13
929350.0,927400.0,931300.0,927800.0,7200.0,0.78,2015/12/14,1394/09/23,2015-12-14
932800.0,929900.0,935700.0,935000.0,7200.0,0.78,2015/12/15,1394/09/24,2015-12-15
934130.0,917700.0,940290.0,932530.0,2130.0,0.23,2015/12/16,1394/09/25,2015-12-16
935700.0,934800.0,936600.0,935000.0,2470.0,0.26,2015/12/19,1394/09/28,2015-12-19
943550.0,941000.0,946100.0,943300.0,8300.0,0.89,2015/12/21,1394/09/30,2015-12-21
945100.0,941400.0,948800.0,947900.0,4600.0,0.49,2015/12/22,1394/10/01,2015-12-22
952820.0,944050.0,973160.0,958030.0,4130.0,0.43,2015/12/23,1394/10/02,2015-12-23
961850.0,959900.0,963800.0,961100.0,3070.0,0.32,2015/12/26,1394/10/05,2015-12-26
957150.0,953000.0,961300.0,953000.0,8100.0,0.85,2015/12/27,1394/10/06,2015-12-27
953900.0,953200.0,954600.0,954600.0,1600.0,0.17,2015/12/28,1394/10/07,2015-12-28
953770.0,943560.0,968470.0,953790.0,110.0,0.01,2015/12/30,1394/10/09,2015-12-30
953800.0,952500.0,955100.0,953600.0,190.0,0.02,2016/01/02,1394/10/12,2016-01-02
960750.0,956300.0,965200.0,961300.0,7700.0,0.81,2016/01/03,1394/10/13,2016-01-03
961400.0,959700.0,963100.0,960600.0,700.0,0.07,2016/01/04,1394/10/14,2016-01-04
966750.0,964100.0,969400.0,967300.0,6700.0,0.7,2016/01/05,1394/10/15,2016-01-05
972230.0,961040.0,998670.0,983240.0,9940.0,1.02,2016/01/06,1394/10/16,2016-01-06
982400.0,980000.0,984800.0,981300.0,1940.0,0.2,2016/01/09,1394/10/19,2016-01-09
972000.0,965000.0,979000.0,967500.0,13800.0,1.43,2016/01/10,1394/10/20,2016-01-10
957600.0,954100.0,961100.0,954600.0,12900.0,1.35,2016/01/11,1394/10/21,2016-01-11
951000.0,946500.0,955500.0,954600.0,,,2016/01/12,1394/10/22,2016-01-12
941860.0,927360.0,946940.0,937580.0,7120.0,0.76,2016/01/13,1394/10/23,2016-01-13
940500.0,933600.0,947400.0,945100.0,7520.0,0.8,2016/01/16,1394/10/26,2016-01-16
936700.0,930600.0,942800.0,938000.0,7100.0,0.76,2016/01/17,1394/10/27,2016-01-17
934750.0,932000.0,937500.0,933600.0,4400.0,0.47,2016/01/18,1394/10/28,2016-01-18
937950.0,933800.0,942100.0,942100.0,8500.0,0.91,2016/01/19,1394/10/29,2016-01-19
946160.0,936980.0,962290.0,949010.0,4310.0,0.46,2016/01/20,1394/10/30,2016-01-20
950800.0,948400.0,953200.0,948800.0,210.0,0.02,2016/01/23,1394/11/03,2016-01-23
953750.0,949200.0,958300.0,956700.0,7900.0,0.83,2016/01/24,1394/11/04,2016-01-24
964950.0,957100.0,972800.0,972400.0,15700.0,1.64,2016/01/25,1394/11/05,2016-01-25
970250.0,964700.0,975800.0,965400.0,7000.0,0.73,2016/01/26,1394/11/06,2016-01-26
965190.0,948500.0,982650.0,961970.0,270.0,0.03,2016/01/27,1394/11/07,2016-01-27
963800.0,961500.0,966100.0,965900.0,3930.0,0.41,2016/01/30,1394/11/10,2016-01-30
969600.0,966600.0,972600.0,971000.0,5100.0,0.53,2016/01/31,1394/11/11,2016-01-31
970350.0,967700.0,973000.0,969800.0,1200.0,0.12,2016/02/01,1394/11/12,2016-02-01
972000.0,968200.0,975800.0,974700.0,4900.0,0.51,2016/02/02,1394/11/13,2016-02-02
978250.0,974700.0,981800.0,979700.0,5000.0,0.51,2016/02/03,1394/11/14,2016-02-03
982040.0,982040.0,982040.0,982040.0,2340.0,0.24,2016/02/04,1394/11/15,2016-02-04
991800.0,984300.0,999300.0,989000.0,6960.0,0.71,2016/02/06,1394/11/17,2016-02-06
988050.0,978100.0,998000.0,997300.0,8300.0,0.84,2016/02/07,1394/11/18,2016-02-07
992100.0,989200.0,995000.0,992400.0,4900.0,0.49,2016/02/08,1394/11/19,2016-02-08
1001830.0,990420.0,1013350.0,1001640.0,10840.0,1.09,2016/02/09,1394/11/20,2016-02-09
1017900.0,1013400.0,1022400.0,1014800.0,13160.0,1.31,2016/02/13,1394/11/24,2016-02-13
997350.0,989400.0,1005300.0,994000.0,20800.0,2.09,2016/02/14,1394/11/25,2016-02-14
991150.0,981300.0,1001000.0,993800.0,200.0,0.02,2016/02/15,1394/11/26,2016-02-15
992800.0,984600.0,1001000.0,1001000.0,7200.0,0.72,2016/02/16,1394/11/27,2016-02-16
999900.0,991300.0,1007410.0,1001900.0,,,2016/02/17,1394/11/28,2016-02-17
1004050.0,1000500.0,1007600.0,1006700.0,4800.0,0.48,2016/02/20,1394/12/01,2016-02-20
998400.0,993300.0,1003500.0,997700.0,9000.0,0.9,2016/02/21,1394/12/02,2016-02-21
1005800.0,999800.0,1011800.0,1009700.0,12000.0,1.2,2016/02/22,1394/12/03,2016-02-22
1019750.0,1009900.0,1029600.0,1026300.0,16600.0,1.64,2016/02/23,1394/12/04,2016-02-23
1020170.0,1002610.0,1038020.0,1019850.0,750.0,0.07,2016/02/24,1394/12/05,2016-02-24
1016850.0,1012000.0,1021700.0,1013600.0,6250.0,0.62,2016/02/27,1394/12/08,2016-02-27
1016950.0,1012900.0,1021000.0,1020100.0,6500.0,0.64,2016/02/28,1394/12/09,2016-02-28
1023300.0,1020300.0,1026300.0,1021200.0,1100.0,0.11,2016/02/29,1394/12/10,2016-02-29
1022500.0,1019400.0,1025600.0,1024200.0,3000.0,0.29,2016/03/01,1394/12/11,2016-03-01
1031220.0,1024510.0,1039180.0,1032060.0,4160.0,0.4,2016/03/02,1394/12/12,2016-03-02
1032200.0,1030700.0,1033700.0,1033000.0,940.0,0.09,2016/03/05,1394/12/15,2016-03-05
1034150.0,1032500.0,1035800.0,1033900.0,900.0,0.09,2016/03/06,1394/12/16,2016-03-06
1034050.0,1032300.0,1035800.0,1033200.0,700.0,0.07,2016/03/07,1394/12/17,2016-03-07
1030250.0,1027700.0,1032800.0,1032100.0,1100.0,0.11,2016/03/08,1394/12/18,2016-03-08
1030490.0,1024510.0,1045220.0,1033650.0,1550.0,0.15,2016/03/09,1394/12/19,2016-03-09
1031940.0,1010780.0,1043510.0,1033900.0,250.0,0.02,2016/03/11,1394/12/21,2016-03-11
1027800.0,1021200.0,1034400.0,1022200.0,11700.0,1.14,2016/03/14,1394/12/24,2016-03-14
1023300.0,1021000.0,1025600.0,1022200.0,,,2016/03/15,1394/12/25,2016-03-15
1033160.0,1015590.0,1054270.0,1034820.0,80.0,0.01,2016/03/16,1394/12/26,2016-03-16
1030386.0,1012533.0,1043162.0,1030149.0,4671.0,0.45,2016/03/23,1395/01/04,2016-03-23
1027500.0,1026100.0,1028900.0,1027700.0,2449.0,0.24,2016/03/26,1395/01/07,2016-03-26
1029350.0,1026800.0,1031900.0,1031900.0,4200.0,0.41,2016/03/27,1395/01/08,2016-03-27
1034300.0,1031400.0,1037200.0,1036500.0,4600.0,0.45,2016/03/28,1395/01/09,2016-03-28
1041750.0,1038500.0,1045000.0,1041500.0,5000.0,0.48,2016/03/29,1395/01/10,2016-03-29
1042450.0,1039900.0,1045000.0,1041100.0,400.0,0.04,2016/03/30,1395/01/11,2016-03-30
1044200.0,1040200.0,1048200.0,1042200.0,1100.0,0.11,2016/04/02,1395/01/14,2016-04-02
1037950.0,1033900.0,1042000.0,1040200.0,2000.0,0.19,2016/04/03,1395/01/15,2016-04-03
1046950.0,1042000.0,1051900.0,1049600.0,9400.0,0.9,2016/04/04,1395/01/16,2016-04-04
1044200.0,1038300.0,1050100.0,1043600.0,6000.0,0.57,2016/04/05,1395/01/17,2016-04-05
1053400.0,1041490.0,1069280.0,1054630.0,2430.0,0.23,2016/04/06,1395/01/18,2016-04-06
1057350.0,1056100.0,1058600.0,1056800.0,2170.0,0.21,2016/04/09,1395/01/21,2016-04-09
1062900.0,1060500.0,1065300.0,1064800.0,8000.0,0.76,2016/04/10,1395/01/22,2016-04-10
1065900.0,1062300.0,1069500.0,1062500.0,2300.0,0.22,2016/04/11,1395/01/23,2016-04-11
1059150.0,1053500.0,1064800.0,1056800.0,5700.0,0.54,2016/04/12,1395/01/24,2016-04-12
1050820.0,1027180.0,1058490.0,1048900.0,3700.0,0.35,2016/04/13,1395/01/25,2016-04-13
1049150.0,1047500.0,1050800.0,1048700.0,200.0,0.02,2016/04/16,1395/01/28,2016-04-16
1046500.0,1042200.0,1050800.0,1043400.0,5300.0,0.51,2016/04/17,1395/01/29,2016-04-17
1047050.0,1042200.0,1051900.0,1050800.0,7400.0,0.71,2016/04/18,1395/01/30,2016-04-18
1047400.0,1044300.0,1050500.0,1048700.0,2100.0,0.2,2016/04/19,1395/01/31,2016-04-19
1050550.0,1045900.0,1055200.0,1049400.0,700.0,0.07,2016/04/20,1395/02/01,2016-04-20
1042550.0,1041500.0,1043600.0,1042900.0,6500.0,0.62,2016/04/23,1395/02/04,2016-04-23
1042350.0,1040400.0,1044300.0,1042700.0,200.0,0.02,2016/04/24,1395/02/05,2016-04-24
1043050.0,1041100.0,1045000.0,1044300.0,1600.0,0.15,2016/04/25,1395/02/06,2016-04-25
1046850.0,1044300.0,1049400.0,1046800.0,2500.0,0.24,2016/04/26,1395/02/07,2016-04-26
1054950.0,1047140.0,1064070.0,1055000.0,2800.0,0.27,2016/04/27,1395/02/08,2016-04-27
1070700.0,1067800.0,1073600.0,1070100.0,15100.0,1.43,2016/04/30,1395/02/11,2016-04-30
1070250.0,1067100.0,1073400.0,1068800.0,1300.0,0.12,2016/05/01,1395/02/12,2016-05-01
1066100.0,1060200.0,1072000.0,1062800.0,6000.0,0.56,2016/05/02,1395/02/13,2016-05-02
1058600.0,1054900.0,1062300.0,1057900.0,4900.0,0.46,2016/05/03,1395/02/14,2016-05-03
1057800.0,1055400.0,1060200.0,1057200.0,700.0,0.07,2016/05/04,1395/02/15,2016-05-04
1061300.0,1059100.0,1063500.0,1061100.0,3900.0,0.37,2016/05/07,1395/02/18,2016-05-07
1059185.0,1056760.0,1061610.0,1056760.0,4340.0,0.41,2016/05/08,1395/02/19,2016-05-08
1057800.0,1054500.0,1061100.0,1055600.0,1160.0,0.11,2016/05/09,1395/02/20,2016-05-09
1053550.0,1050800.0,1056300.0,1052200.0,3400.0,0.32,2016/05/10,1395/02/21,2016-05-10
1052750.0,1051500.0,1054000.0,1051900.0,300.0,0.03,2016/05/11,1395/02/22,2016-05-11
1051700.0,1051700.0,1051700.0,1051700.0,200.0,0.02,2016/05/12,1395/02/23,2016-05-12
1047050.0,1045200.0,1048900.0,1047300.0,4400.0,0.42,2016/05/14,1395/02/25,2016-05-14
1050050.0,1046600.0,1053500.0,1051700.0,4400.0,0.42,2016/05/15,1395/02/26,2016-05-15
1044100.0,1041800.0,1046400.0,1045900.0,5800.0,0.55,2016/05/16,1395/02/27,2016-05-16
1043500.0,1041300.0,1045700.0,1043200.0,2700.0,0.26,2016/05/17,1395/02/28,2016-05-17
1027280.0,1006730.0,1050140.0,1030260.0,440.0,0.04,2016/05/18,1395/02/29,2016-05-18
1030600.0,1029800.0,1031400.0,1030000.0,260.0,0.03,2016/05/21,1395/03/01,2016-05-21
1026300.0,1021900.0,1030700.0,1022200.0,7800.0,0.76,2016/05/23,1395/03/03,2016-05-23
1016500.0,1012900.0,1020100.0,1014800.0,7400.0,0.73,2016/05/24,1395/03/04,2016-05-24
1025080.0,1010670.0,1042600.0,1019750.0,2850.0,0.28,2016/05/25,1395/03/05,2016-05-25
1017790.0,1015020.0,1020550.0,1015940.0,3810.0,0.38,2016/05/28,1395/03/08,2016-05-28
1010980.0,1007870.0,1014090.0,1012480.0,3460.0,0.34,2016/05/29,1395/03/09,2016-05-29
1013060.0,1011100.0,1015020.0,1012940.0,460.0,0.05,2016/05/30,1395/03/10,2016-05-30
1014900.0,1012020.0,1017780.0,1015710.0,2770.0,0.27,2016/05/31,1395/03/11,2016-05-31
1030999.0,1020870.0,1045226.0,1026104.0,8094.0,0.8,2016/06/01,1395/03/12,2016-06-01
1025980.0,1022170.0,1029780.0,1024240.0,1864.0,0.18,2016/06/05,1395/03/16,2016-06-05
1021940.0,1019630.0,1024240.0,1021940.0,2300.0,0.23,2016/06/06,1395/03/17,2016-06-06
1028340.0,1024590.0,1032080.0,1031620.0,9680.0,0.95,2016/06/07,1395/03/18,2016-06-07
1041252.0,1030582.0,1059473.0,1039942.0,4402.0,0.43,2016/06/08,1395/03/19,2016-06-08
1041310.0,1039230.0,1043380.0,1041080.0,1138.0,0.11,2016/06/11,1395/03/22,2016-06-11
1044430.0,1041310.0,1047540.0,1046610.0,5530.0,0.53,2016/06/12,1395/03/23,2016-06-12
1045690.0,1042460.0,1048920.0,1046840.0,230.0,0.02,2016/06/13,1395/03/24,2016-06-13
1049040.0,1046380.0,1051690.0,1047310.0,470.0,0.04,2016/06/14,1395/03/25,2016-06-14
1059122.0,1053614.0,1070890.0,1061338.0,2112.0,0.2,2016/06/15,1395/03/26,2016-06-15
1057280.0,1054340.0,1060220.0,1057910.0,3428.0,0.32,2016/06/18,1395/03/29,2016-06-18
1049730.0,1047770.0,1051690.0,1050070.0,7840.0,0.75,2016/06/19,1395/03/30,2016-06-19
1048000.0,1043620.0,1052380.0,1046150.0,3920.0,0.37,2016/06/20,1395/03/31,2016-06-20
1044600.0,1042690.0,1046500.0,1044310.0,1840.0,0.18,2016/06/21,1395/04/01,2016-06-21
1049754.0,1032538.0,1074166.0,1065113.0,19883.0,1.9,2016/06/22,1395/04/02,2016-06-22
1084440.0,1077980.0,1090890.0,1090200.0,25087.0,2.36,2016/06/25,1395/04/05,2016-06-25
1098510.0,1089740.0,1107270.0,1098280.0,8080.0,0.74,2016/06/26,1395/04/06,2016-06-26
1096200.0,1088820.0,1103580.0,1103580.0,5300.0,0.48,2016/06/28,1395/04/08,2016-06-28
1109912.0,1102586.0,1136138.0,1117916.0,18486.0,1.68,2016/06/29,1395/04/09,2016-06-29
1116840.0,1114880.0,1118800.0,1117880.0,36.0,,2016/07/02,1395/04/12,2016-07-02
1119610.0,1115800.0,1123410.0,1119720.0,1840.0,0.16,2016/07/03,1395/04/13,2016-07-03
1117820.0,1114530.0,1121110.0,1119720.0,,,2016/07/04,1395/04/14,2016-07-04
1131030.0,1122490.0,1139560.0,1134720.0,15000.0,1.34,2016/07/05,1395/04/15,2016-07-05
1140370.0,1137710.0,1143020.0,1140940.0,6220.0,0.55,2016/07/09,1395/04/19,2016-07-09
1137710.0,1133790.0,1141630.0,1137250.0,3690.0,0.32,2016/07/10,1395/04/20,2016-07-10
1131030.0,1122950.0,1139100.0,1123640.0,13610.0,1.21,2016/07/11,1395/04/21,2016-07-11
1121230.0,1117190.0,1125260.0,1120650.0,2990.0,0.27,2016/07/12,1395/04/22,2016-07-12
1114460.0,1086910.0,1129170.0,1110120.0,380.0,0.03,2016/07/13,1395/04/23,2016-07-13
1107970.0,1106120.0,1109810.0,1107040.0,3080.0,0.28,2016/07/16,1395/04/26,2016-07-16
1101850.0,1099200.0,1104500.0,1104500.0,2540.0,0.23,2016/07/17,1395/04/27,2016-07-17
1107040.0,1104960.0,1109110.0,1109110.0,4610.0,0.42,2016/07/18,1395/04/28,2016-07-18
1105200.0,1101040.0,1109350.0,1103120.0,5990.0,0.54,2016/07/19,1395/04/29,2016-07-19
1104321.0,1094271.0,1129788.0,1106876.0,854.0,0.08,2016/07/20,1395/04/30,2016-07-20
1107950.0,1106120.0,1109780.0,1107270.0,394.0,0.04,2016/07/23,1395/05/02,2016-07-23
1107390.0,1103120.0,1111650.0,1110730.0,3460.0,0.31,2016/07/24,1395/05/03,2016-07-24
1111880.0,1108880.0,1114880.0,1112570.0,1840.0,0.17,2016/07/25,1395/05/04,2016-07-25
1115340.0,1111420.0,1119260.0,1118340.0,5770.0,0.52,2016/07/26,1395/05/05,2016-07-26
1134882.0,1113205.0,1159380.0,1137205.0,11715.0,1.04,2016/07/27,1395/05/06,2016-07-27
1137600.0,1134020.0,1141170.0,1140250.0,3045.0,0.27,2016/07/31,1395/05/10,2016-07-31
1145790.0,1140020.0,1151550.0,1150170.0,9920.0,0.87,2016/08/01,1395/05/11,2016-08-01
1148100.0,1142330.0,1153860.0,1144170.0,6000.0,0.52,2016/08/02,1395/05/12,2016-08-02
1134410.0,1111420.0,1150632.0,1132600.0,10880.0,0.96,2016/08/03,1395/05/13,2016-08-03
1130160.0,1128830.0,1131490.0,1130100.0,2500.0,0.22,2016/08/06,1395/05/16,2016-08-06
1129070.0,1127100.0,1131030.0,1129870.0,230.0,0.02,2016/08/07,1395/05/17,2016-08-07
1131430.0,1127570.0,1135290.0,1134720.0,4850.0,0.43,2016/08/08,1395/05/18,2016-08-08
1143250.0,1139330.0,1147170.0,1140370.0,5650.0,0.5,2016/08/09,1395/05/19,2016-08-09
1136389.0,1115002.0,1146275.0,1133133.0,7117.0,0.63,2016/08/10,1395/05/20,2016-08-10
1131370.0,1130100.0,1132640.0,1131030.0,2103.0,0.19,2016/08/13,1395/05/23,2016-08-13
1132870.0,1129180.0,1136560.0,1134950.0,3920.0,0.35,2016/08/14,1395/05/24,2016-08-14
1138410.0,1134250.0,1142560.0,1138410.0,3460.0,0.3,2016/08/15,1395/05/25,2016-08-15
1137490.0,1135410.0,1139560.0,1137710.0,700.0,0.06,2016/08/16,1395/05/26,2016-08-16
1134447.0,1123896.0,1148827.0,1136328.0,2312.0,0.2,2016/08/17,1395/05/27,2016-08-17
1131830.0,1130560.0,1133100.0,1131830.0,4498.0,0.4,2016/08/20,1395/05/30,2016-08-20
1129530.0,1127330.0,1131720.0,1131490.0,340.0,0.03,2016/08/21,1395/05/31,2016-08-21
1132870.0,1130560.0,1135180.0,1133330.0,1840.0,0.16,2016/08/22,1395/06/01,2016-08-22
1131030.0,1127570.0,1134480.0,1128720.0,4610.0,0.41,2016/08/23,1395/06/02,2016-08-23
1129586.0,1123932.0,1139639.0,1129580.0,400.0,0.04,2016/08/24,1395/06/03,2016-08-24
1130680.0,1128950.0,1132410.0,1131490.0,1910.0,0.17,2016/08/27,1395/06/06,2016-08-27
1131720.0,1128490.0,1134950.0,1133560.0,2070.0,0.18,2016/08/28,1395/06/07,2016-08-28
1131720.0,1128490.0,1134950.0,1130790.0,2770.0,0.24,2016/08/29,1395/06/08,2016-08-29
1128720.0,1126870.0,1130560.0,1128030.0,2760.0,0.24,2016/08/30,1395/06/09,2016-08-30
1132943.0,1113569.0,1150432.0,1135893.0,6023.0,0.53,2016/08/31,1395/06/10,2016-08-31
1137370.0,1135870.0,1138870.0,1138640.0,2747.0,0.24,2016/09/03,1395/06/13,2016-09-03
1138640.0,1136790.0,1140480.0,1137480.0,1160.0,0.1,2016/09/04,1395/06/14,2016-09-04
1140830.0,1137020.0,1144630.0,1144630.0,7150.0,0.63,2016/09/05,1395/06/15,2016-09-05
1146140.0,1139330.0,1152940.0,1140710.0,3920.0,0.34,2016/09/06,1395/06/16,2016-09-06
1136442.0,1117892.0,1144283.0,1135839.0,721.0,0.06,2016/09/07,1395/06/17,2016-09-07
1135810.0,1134250.0,1137370.0,1136560.0,721.0,0.06,2016/09/10,1395/06/20,2016-09-10
1135750.0,1134250.0,1137250.0,1134480.0,2080.0,0.18,2016/09/11,1395/06/21,2016-09-11
1138290.0,1136330.0,1140250.0,1138640.0,4160.0,0.37,2016/09/13,1395/06/23,2016-09-13
1137864.0,1114254.0,1145715.0,1135141.0,2799.0,0.25,2016/09/14,1395/06/24,2016-09-14
1134890.0,1134250.0,1135520.0,1135290.0,149.0,0.01,2016/09/17,1395/06/27,2016-09-17
1134950.0,1131490.0,1138410.0,1131950.0,3340.0,0.3,2016/09/18,1395/06/28,2016-09-18
1132530.0,1131720.0,1133330.0,1132410.0,460.0,0.04,2016/09/19,1395/06/29,2016-09-19
1140173.0,1123964.0,1146101.0,1139923.0,557.0,0.05,2016/09/21,1395/06/31,2016-09-21
1140020.0,1139330.0,1140710.0,1140250.0,327.0,0.03,2016/09/24,1395/07/03,2016-09-24
1140250.0,1137710.0,1142790.0,1141860.0,1610.0,0.14,2016/09/25,1395/07/04,2016-09-25
1138520.0,1135640.0,1141400.0,1137020.0,4840.0,0.43,2016/09/26,1395/07/05,2016-09-26
1136570.0,1134720.0,1138410.0,1136560.0,460.0,0.04,2016/09/27,1395/07/06,2016-09-27
1135758.0,1110208.0,1159381.0,1133328.0,3692.0,0.33,2016/09/28,1395/07/07,2016-09-28
1133450.0,1132180.0,1134720.0,1134250.0,922.0,0.08,2016/10/01,1395/07/10,2016-10-01
1132580.0,1130330.0,1134830.0,1131260.0,2990.0,0.26,2016/10/02,1395/07/11,2016-10-02
1119090.0,1107270.0,1130910.0,1109580.0,21680.0,1.95,2016/10/03,1395/07/12,2016-10-03
1106350.0,1101040.0,1111650.0,1106350.0,3230.0,0.29,2016/10/04,1395/07/13,2016-10-04
1099353.0,1086447.0,1118042.0,1097311.0,421.0,0.04,2016/10/05,1395/07/14,2016-10-05
1100700.0,1099890.0,1101500.0,1101500.0,4189.0,0.38,2016/10/08,1395/07/17,2016-10-08
1103580.0,1102200.0,1104960.0,1103120.0,1620.0,0.15,2016/10/09,1395/07/18,2016-10-09
1103350.0,1103350.0,1103350.0,1103350.0,230.0,0.02,2016/10/10,1395/07/19,2016-10-10
1102040.0,1084917.0,1124852.0,1101551.0,1799.0,0.16,2016/10/12,1395/07/21,2016-10-12
1095390.0,1094350.0,1096430.0,1095050.0,6501.0,0.59,2016/10/15,1395/07/24,2016-10-15
1096200.0,1095050.0,1097350.0,1097120.0,2070.0,0.19,2016/10/16,1395/07/25,2016-10-16
1098740.0,1096660.0,1100810.0,1099430.0,2310.0,0.21,2016/10/17,1395/07/26,2016-10-17
1102890.0,1099890.0,1105890.0,1102200.0,2770.0,0.25,2016/10/18,1395/07/27,2016-10-18
1100117.0,1085815.0,1112192.0,1100745.0,65.0,0.01,2016/10/19,1395/07/28,2016-10-19
1102200.0,1100120.0,1104270.0,1103810.0,3065.0,0.28,2016/10/22,1395/08/01,2016-10-22
1106240.0,1103120.0,1109350.0,1104620.0,810.0,0.07,2016/10/23,1395/08/02,2016-10-23
1108250.0,1105660.0,1110840.0,1110840.0,6220.0,0.56,2016/10/24,1395/08/03,2016-10-24
1111940.0,1109580.0,1114300.0,1110730.0,110.0,0.01,2016/10/25,1395/08/04,2016-10-25
1113669.0,1106065.0,1126476.0,1112630.0,3050.0,0.27,2016/10/26,1395/08/05,2016-10-26
1119550.0,1116030.0,1123070.0,1122490.0,9860.0,0.89,2016/10/29,1395/08/08,2016-10-29
1120530.0,1117650.0,1123410.0,1120760.0,1730.0,0.15,2016/10/30,1395/08/09,2016-10-30
1126300.0,1122030.0,1130560.0,1129180.0,8420.0,0.75,2016/10/31,1395/08/10,2016-10-31
1134950.0,1129640.0,1140250.0,1138170.0,8990.0,0.8,2016/11/01,1395/08/11,2016-11-01
1134929.0,1113478.0,1156687.0,1135232.0,982.0,0.09,2016/11/02,1395/08/12,2016-11-02
1143140.0,1140480.0,1145790.0,1143250.0,8018.0,0.71,2016/11/05,1395/08/15,2016-11-05
1128950.0,1124570.0,1133330.0,1125720.0,17530.0,1.56,2016/11/06,1395/08/16,2016-11-06
1128150.0,1123880.0,1132410.0,1125720.0,,,2016/11/07,1395/08/17,2016-11-07
1143940.0,1131950.0,1155930.0,1132180.0,6460.0,0.57,2016/11/08,1395/08/18,2016-11-08
1103700.0,1084490.0,1121880.0,1104110.0,25990.0,2.35,2016/11/09,1395/08/19,2016-11-09
1105310.0,1101730.0,1108880.0,1108420.0,4310.0,0.39,2016/11/12,1395/08/22,2016-11-12
1105080.0,1098280.0,1111880.0,1111420.0,3000.0,0.27,2016/11/13,1395/08/23,2016-11-13
1110330.0,1104730.0,1115920.0,1108310.0,3110.0,0.28,2016/11/14,1395/08/24,2016-11-14
1107730.0,1104960.0,1110500.0,1108190.0,120.0,0.01,2016/11/15,1395/08/25,2016-11-15
1104844.0,1093307.0,1116776.0,1099796.0,4474.0,0.41,2016/11/16,1395/08/26,2016-11-16
1098365.0,1082658.0,1123008.0,1099910.0,114.0,0.01,2016/11/18,1395/08/28,2016-11-18
1104620.0,1101730.0,1107500.0,1105890.0,5980.0,0.54,2016/11/21,1395/09/01,2016-11-21
1106810.0,1102200.0,1111420.0,1104500.0,1390.0,0.13,2016/11/22,1395/09/02,2016-11-22
1101123.0,1089340.0,1113019.0,1103201.0,3081.0,0.28,2016/11/23,1395/09/03,2016-11-23
1111310.0,1104040.0,1118570.0,1117650.0,14449.0,1.31,2016/11/26,1395/09/06,2016-11-26
1121460.0,1117420.0,1125490.0,1124110.0,6460.0,0.58,2016/11/27,1395/09/07,2016-11-27
1115730.0,1107696.0,1137699.0,1128446.0,4336.0,0.39,2016/11/28,1395/09/08,2016-11-28
1114370.0,1092410.0,1134810.0,1122470.0,5976.0,0.53,2016/11/30,1395/09/10,2016-11-30
1131150.0,1127570.0,1134720.0,1131030.0,8560.0,0.76,2016/12/03,1395/09/13,2016-12-03
1128490.0,1122260.0,1134720.0,1131030.0,,,2016/12/04,1395/09/14,2016-12-04
1125380.0,1121110.0,1129640.0,1122030.0,9000.0,0.8,2016/12/05,1395/09/15,2016-12-05
1123180.0,1119950.0,1126410.0,1124110.0,2080.0,0.19,2016/12/06,1395/09/16,2016-12-06
1124910.0,1123180.0,1126640.0,1124340.0,230.0,0.02,2016/12/07,1395/09/17,2016-12-07
1123880.0,1121340.0,1126410.0,1126070.0,1730.0,0.15,2016/12/10,1395/09/20,2016-12-10
1126070.0,1122720.0,1129410.0,1128950.0,2880.0,0.26,2016/12/11,1395/09/21,2016-12-11
1129530.0,1127100.0,1131950.0,1129640.0,690.0,0.06,2016/12/12,1395/09/22,2016-12-12
1132060.0,1129870.0,1134250.0,1132870.0,3230.0,0.29,2016/12/13,1395/09/23,2016-12-13
1125095.0,1110093.0,1132295.0,1123918.0,738.0,0.07,2016/12/14,1395/09/24,2016-12-14
1123990.0,1122490.0,1125490.0,1124340.0,422.0,0.04,2016/12/18,1395/09/28,2016-12-18
1125030.0,1123640.0,1126410.0,1126410.0,2070.0,0.18,2016/12/19,1395/09/29,2016-12-19
1128490.0,1125950.0,1131030.0,1127570.0,1160.0,0.1,2016/12/20,1395/09/30,2016-12-20
1127990.0,1106890.0,1154270.0,1131640.0,3840.0,0.34,2016/12/21,1395/10/01,2016-12-21
1138120.0,1134830.0,1141400.0,1140940.0,9300.0,0.82,2016/12/24,1395/10/04,2016-12-24
1149020.0,1139100.0,1158930.0,1150400.0,9460.0,0.83,2016/12/25,1395/10/05,2016-12-25
1161240.0,1154320.0,1168160.0,1158930.0,8530.0,0.74,2016/12/26,1395/10/06,2016-12-26
1149250.0,1135180.0,1163310.0,1147400.0,11530.0,1.0,2016/12/27,1395/10/07,2016-12-27
1136147.0,1117173.0,1150703.0,1144865.0,1615.0,0.14,2016/12/28,1395/10/08,2016-12-28
1117190.0,1107270.0,1127100.0,1125030.0,19835.0,1.76,2016/12/31,1395/10/11,2016-12-31
1127450.0,1122950.0,1131950.0,1130560.0,5530.0,0.49,2017/01/01,1395/10/12,2017-01-01
1131370.0,1125950.0,1136790.0,1131720.0,1160.0,0.1,2017/01/02,1395/10/13,2017-01-02
1132640.0,1129640.0,1135640.0,1133330.0,1610.0,0.14,2017/01/03,1395/10/14,2017-01-03
1138485.0,1121521.0,1159302.0,1142846.0,1906.0,0.17,2017/01/04,1395/10/15,2017-01-04
1146250.0,1143020.0,1148780.0,1147170.0,4324.0,0.38,2017/01/07,1395/10/18,2017-01-07
1147630.0,1145550.0,1148780.0,1148320.0,1150.0,0.1,2017/01/08,1395/10/19,2017-01-08
1149010.0,1147400.0,1151550.0,1149010.0,690.0,0.06,2017/01/09,1395/10/20,2017-01-09
1148320.0,1147400.0,1153860.0,1152010.0,3000.0,0.26,2017/01/10,1395/10/21,2017-01-10
1159133.0,1139706.0,1180113.0,1150173.0,8987.0,0.78,2017/01/11,1395/10/22,2017-01-11
1148090.0,1145090.0,1154090.0,1153400.0,3227.0,0.28,2017/01/14,1395/10/25,2017-01-14
1156390.0,1149940.0,1158240.0,1150860.0,2540.0,0.22,2017/01/15,1395/10/26,2017-01-15
1150630.0,1150400.0,1156160.0,1152240.0,1380.0,0.12,2017/01/16,1395/10/27,2017-01-16
1154090.0,1149480.0,1154090.0,1150860.0,1380.0,0.12,2017/01/17,1395/10/28,2017-01-17
1148024.0,1125249.0,1153764.0,1145176.0,1534.0,0.13,2017/01/18,1395/10/29,2017-01-18
1141060.0,1140250.0,1146250.0,1146020.0,844.0,0.07,2017/01/21,1395/11/02,2017-01-21
1146130.0,1146020.0,1149010.0,1147860.0,1840.0,0.16,2017/01/22,1395/11/03,2017-01-22
1147630.0,1147400.0,1150400.0,1147860.0,,,2017/01/23,1395/11/04,2017-01-23
1146480.0,1142560.0,1146480.0,1144400.0,3460.0,0.3,2017/01/24,1395/11/05,2017-01-24
1143982.0,1119710.0,1154964.0,1140119.0,2441.0,0.21,2017/01/25,1395/11/06,2017-01-25
1139100.0,1138170.0,1142090.0,1139900.0,219.0,0.02,2017/01/28,1395/11/09,2017-01-28
1139670.0,1127550.0,1139670.0,1130780.0,9120.0,0.81,2017/01/29,1395/11/10,2017-01-29
1129740.0,1129740.0,1139780.0,1137940.0,7160.0,0.63,2017/01/30,1395/11/11,2017-01-30
1138860.0,1134010.0,1142320.0,1136320.0,1620.0,0.14,2017/01/31,1395/11/12,2017-01-31
1140876.0,1120682.0,1158016.0,1145417.0,4937.0,0.43,2017/02/01,1395/11/13,2017-02-01
1149940.0,1145330.0,1154330.0,1150870.0,5453.0,0.48,2017/02/04,1395/11/16,2017-02-04
1152020.0,1150640.0,1156410.0,1155480.0,4610.0,0.4,2017/02/05,1395/11/17,2017-02-05
1157790.0,1150400.0,1157790.0,1151560.0,3920.0,0.34,2017/02/06,1395/11/18,2017-02-06
1149710.0,1147860.0,1158020.0,1154790.0,3230.0,0.28,2017/02/07,1395/11/19,2017-02-07
1154513.0,1141621.0,1162363.0,1153969.0,99.0,0.01,2017/02/08,1395/11/20,2017-02-08
1154100.0,1151100.0,1157100.0,1155020.0,1051.0,0.09,2017/02/11,1395/11/23,2017-02-11
1154100.0,1146480.0,1154100.0,1147860.0,7160.0,0.62,2017/02/12,1395/11/24,2017-02-12
1148100.0,1145330.0,1150400.0,1145790.0,2070.0,0.18,2017/02/13,1395/11/25,2017-02-13
1147860.0,1144860.0,1150400.0,1149250.0,3460.0,0.3,2017/02/14,1395/11/26,2017-02-14
1149594.0,1138442.0,1166178.0,1149737.0,433.0,0.04,2017/02/15,1395/11/27,2017-02-15
1149710.0,1147630.0,1151100.0,1148330.0,1407.0,0.12,2017/02/18,1395/11/30,2017-02-18
1148100.0,1145090.0,1149020.0,1146020.0,2310.0,0.2,2017/02/19,1395/12/01,2017-02-19
1145090.0,1144400.0,1149250.0,1149020.0,3000.0,0.26,2017/02/20,1395/12/02,2017-02-20
1148330.0,1147630.0,1151100.0,1149830.0,810.0,0.07,2017/02/21,1395/12/03,2017-02-21
1151330.0,1149480.0,1153410.0,1152940.0,3110.0,0.27,2017/02/22,1395/12/04,2017-02-22
1153170.0,1153170.0,1153170.0,1153170.0,230.0,0.02,2017/02/23,1395/12/05,2017-02-23
1160790.0,1160330.0,1164260.0,1162870.0,9700.0,0.84,2017/02/25,1395/12/07,2017-02-25
1163330.0,1157790.0,1164030.0,1160330.0,2540.0,0.22,2017/02/26,1395/12/08,2017-02-26
1157100.0,1156410.0,1161020.0,1160790.0,460.0,0.04,2017/02/27,1395/12/09,2017-02-27
1159760.0,1138919.0,1176344.0,1157791.0,3699.0,0.32,2017/02/28,1395/12/10,2017-02-28
1153640.0,1151560.0,1153870.0,1152020.0,5771.0,0.5,2017/03/04,1395/12/14,2017-03-04
1152480.0,1144170.0,1152480.0,1144630.0,7390.0,0.65,2017/03/05,1395/12/15,2017-03-05
1144860.0,1133320.0,1144860.0,1133780.0,10850.0,0.96,2017/03/06,1395/12/16,2017-03-06
1133320.0,1124550.0,1133320.0,1127780.0,6000.0,0.53,2017/03/07,1395/12/17,2017-03-07
1130381.0,1112068.0,1145074.0,1130714.0,5146.0,0.46,2017/03/08,1395/12/18,2017-03-08
1124780.0,1123620.0,1129400.0,1128930.0,1784.0,0.16,2017/03/11,1395/12/21,2017-03-11
1129160.0,1128930.0,1132860.0,1130550.0,1620.0,0.14,2017/03/12,1395/12/22,2017-03-12
1130090.0,1127320.0,1131240.0,1128240.0,2310.0,0.2,2017/03/13,1395/12/23,2017-03-13
1126390.0,1126390.0,1129400.0,1127090.0,1150.0,0.1,2017/03/14,1395/12/24,2017-03-14
1138095.0,1116585.0,1160891.0,1138911.0,281.0,0.02,2017/03/15,1395/12/25,2017-03-15
1152480.0,1151790.0,1153870.0,1153640.0,14729.0,1.29,2017/03/18,1395/12/28,2017-03-18
1156870.0,1156870.0,1172800.0,1165640.0,12000.0,1.04,2017/03/25,1396/01/05,2017-03-25
1165870.0,1165870.0,1173490.0,1170490.0,4850.0,0.42,2017/03/26,1396/01/06,2017-03-26
1170260.0,1169100.0,1172110.0,1170490.0,,,2017/03/27,1396/01/07,2017-03-27
1168640.0,1166100.0,1168870.0,1167030.0,3460.0,0.3,2017/03/28,1396/01/08,2017-03-28
1167440.0,1158380.0,1186580.0,1166200.0,100.0,0.01,2017/03/29,1396/01/09,2017-03-29
1162410.0,1162410.0,1167030.0,1164950.0,1250.0,0.11,2017/04/03,1396/01/14,2017-04-03
1165180.0,1161720.0,1167950.0,1161950.0,3000.0,0.26,2017/04/04,1396/01/15,2017-04-04
1165272.0,1148600.0,1180304.0,1165264.0,1934.0,0.17,2017/04/05,1396/01/16,2017-04-05
1165870.0,1165870.0,1168410.0,1167950.0,2686.0,0.23,2017/04/08,1396/01/19,2017-04-08
1167490.0,1165180.0,1168640.0,1167030.0,920.0,0.08,2017/04/09,1396/01/20,2017-04-09
1166910.0,1166910.0,1169680.0,1168870.0,1840.0,0.16,2017/04/10,1396/01/21,2017-04-10
1170920.0,1152536.0,1195219.0,1178369.0,7759.0,0.66,2017/04/12,1396/01/23,2017-04-12
1189650.0,1188270.0,1190340.0,1189070.0,10701.0,0.91,2017/04/15,1396/01/26,2017-04-15
1188500.0,1186880.0,1189650.0,1188730.0,340.0,0.03,2017/04/16,1396/01/27,2017-04-16
1186880.0,1185150.0,1188270.0,1187460.0,1270.0,0.11,2017/04/17,1396/01/28,2017-04-17
1188040.0,1176950.0,1188040.0,1178340.0,9120.0,0.77,2017/04/18,1396/01/29,2017-04-18
1177610.0,1156413.0,1192100.0,1179830.0,1610.0,0.14,2017/04/19,1396/01/30,2017-04-19
1181570.0,1181230.0,1182730.0,1181570.0,1740.0,0.15,2017/04/22,1396/02/02,2017-04-22
1180300.0,1174760.0,1180300.0,1177760.0,3810.0,0.32,2017/04/23,1396/02/03,2017-04-23
1177990.0,1175800.0,1177990.0,1176260.0,1500.0,0.13,2017/04/24,1396/02/04,2017-04-24
1170656.0,1155788.0,1181302.0,1171114.0,44.0,,2017/04/26,1396/02/06,2017-04-26
1172800.0,1172800.0,1177070.0,1174990.0,3876.0,0.33,2017/04/29,1396/02/09,2017-04-29
1175450.0,1165300.0,1175450.0,1166100.0,8890.0,0.76,2017/04/30,1396/02/10,2017-04-30
1164140.0,1160220.0,1164370.0,1162060.0,4040.0,0.35,2017/05/01,1396/02/11,2017-05-01
1162760.0,1159750.0,1163910.0,1161830.0,230.0,0.02,2017/05/02,1396/02/12,2017-05-02
1153618.0,1118392.0,1168730.0,1138081.0,11859.0,1.04,2017/05/03,1396/02/13,2017-05-03
1129160.0,1128360.0,1139210.0,1137590.0,491.0,0.04,2017/05/06,1396/02/16,2017-05-06
1135510.0,1135510.0,1142210.0,1140710.0,3120.0,0.27,2017/05/07,1396/02/17,2017-05-07
1141170.0,1133780.0,1141170.0,1134010.0,6700.0,0.59,2017/05/08,1396/02/18,2017-05-08
1133780.0,1133670.0,1137820.0,1134820.0,810.0,0.07,2017/05/09,1396/02/19,2017-05-09
1134735.0,1113855.0,1158873.0,1137042.0,32.0,,2017/05/10,1396/02/20,2017-05-10
1140020.0,1138510.0,1140940.0,1140590.0,3548.0,0.31,2017/05/13,1396/02/23,2017-05-13
1140710.0,1135980.0,1141290.0,1138860.0,1730.0,0.15,2017/05/14,1396/02/24,2017-05-14
1138280.0,1138280.0,1147400.0,1145900.0,7040.0,0.62,2017/05/15,1396/02/25,2017-05-15
1152140.0,1150980.0,1160680.0,1158600.0,12700.0,1.11,2017/05/16,1396/02/26,2017-05-16
1152157.0,1137524.0,1161331.0,1152572.0,138.0,0.01,2017/05/17,1396/02/27,2017-05-17
1148900.0,1147860.0,1151100.0,1150750.0,1822.0,0.16,2017/05/20,1396/02/30,2017-05-20
1150400.0,1146600.0,1153520.0,1151790.0,1040.0,0.09,2017/05/21,1396/02/31,2017-05-21
1153290.0,1148560.0,1153870.0,1149250.0,2540.0,0.22,2017/05/22,1396/03/01,2017-05-22
1148330.0,1146130.0,1149130.0,1146940.0,2310.0,0.2,2017/05/23,1396/03/02,2017-05-23
1149306.0,1139226.0,1156546.0,1147488.0,722.0,0.06,2017/05/24,1396/03/03,2017-05-24
1146940.0,1145670.0,1149250.0,1148900.0,1412.0,0.12,2017/05/27,1396/03/06,2017-05-27
1149130.0,1141860.0,1149370.0,1145560.0,3340.0,0.29,2017/05/28,1396/03/07,2017-05-28
1145210.0,1139780.0,1146830.0,1140480.0,5080.0,0.45,2017/05/29,1396/03/08,2017-05-29
1140710.0,1137070.0,1140710.0,1138510.0,1970.0,0.17,2017/05/30,1396/03/09,2017-05-30
1140743.0,1117334.0,1151009.0,1139323.0,1733.0,0.15,2017/05/31,1396/03/10,2017-05-31
1142560.0,1142440.0,1143130.0,1142790.0,3467.0,0.3,2017/06/03,1396/03/13,2017-06-03
1152250.0,1149940.0,1158480.0,1150750.0,7960.0,0.7,2017/06/06,1396/03/16,2017-06-06
1146570.0,1121860.0,1163080.0,1143590.0,3010.0,0.26,2017/06/07,1396/03/17,2017-06-07
1142320.0,1142320.0,1144520.0,1143940.0,350.0,0.03,2017/06/10,1396/03/20,2017-06-10
1143250.0,1140480.0,1144170.0,1141170.0,2770.0,0.24,2017/06/11,1396/03/21,2017-06-11
1142560.0,1136550.0,1142560.0,1142090.0,920.0,0.08,2017/06/12,1396/03/22,2017-06-12
1143020.0,1138170.0,1153640.0,1144860.0,2770.0,0.24,2017/06/13,1396/03/23,2017-06-13
1138015.0,1130048.0,1161795.0,1140133.0,2773.0,0.24,2017/06/14,1396/03/24,2017-06-14
1142210.0,1141980.0,1146830.0,1145560.0,5427.0,0.48,2017/06/17,1396/03/27,2017-06-17
1145670.0,1139670.0,1145790.0,1140130.0,5430.0,0.48,2017/06/18,1396/03/28,2017-06-18
1138980.0,1137820.0,1140820.0,1138980.0,1150.0,0.1,2017/06/19,1396/03/29,2017-06-19
1139210.0,1139090.0,1141630.0,1139900.0,920.0,0.08,2017/06/20,1396/03/30,2017-06-20
1141516.0,1126333.0,1153773.0,1146778.0,988.0,0.09,2017/06/21,1396/03/31,2017-06-21
1153170.0,1153170.0,1156640.0,1156290.0,9512.0,0.83,2017/06/24,1396/04/03,2017-06-24
1156410.0,1151100.0,1156410.0,1152250.0,4040.0,0.35,2017/06/25,1396/04/04,2017-06-25
1156491.0,1133245.0,1174026.0,1159991.0,2771.0,0.24,2017/06/28,1396/04/07,2017-06-28
1160910.0,1159290.0,1161140.0,1159520.0,471.0,0.04,2017/07/01,1396/04/10,2017-07-01
1159870.0,1148900.0,1159870.0,1148900.0,10620.0,0.92,2017/07/02,1396/04/11,2017-07-02
1149940.0,1146250.0,1150870.0,1146710.0,2190.0,0.19,2017/07/03,1396/04/12,2017-07-03
1146830.0,1143710.0,1147630.0,1145560.0,1150.0,0.1,2017/07/04,1396/04/13,2017-07-04
1144925.0,1116645.0,1167937.0,1139202.0,7628.0,0.67,2017/07/05,1396/04/14,2017-07-05
1135980.0,1135510.0,1137360.0,1137010.0,2192.0,0.19,2017/07/08,1396/04/17,2017-07-08
1137130.0,1131820.0,1137130.0,1135740.0,1270.0,0.11,2017/07/09,1396/04/18,2017-07-09
1137360.0,1131590.0,1137360.0,1134130.0,1610.0,0.14,2017/07/10,1396/04/19,2017-07-10
1134710.0,1134710.0,1138750.0,1137130.0,3000.0,0.26,2017/07/11,1396/04/20,2017-07-11
1137374.0,1113490.0,1155344.0,1133901.0,461.0,0.04,2017/07/12,1396/04/21,2017-07-12
1137250.0,1134360.0,1137480.0,1137010.0,3109.0,0.27,2017/07/15,1396/04/24,2017-07-15
1137130.0,1136490.0,1138630.0,1137820.0,810.0,0.07,2017/07/16,1396/04/25,2017-07-16
1138170.0,1136320.0,1140360.0,1138510.0,690.0,0.06,2017/07/17,1396/04/26,2017-07-17
1138280.0,1136210.0,1139090.0,1139090.0,580.0,0.05,2017/07/18,1396/04/27,2017-07-18
1138280.0,1138170.0,1140250.0,1139780.0,690.0,0.06,2017/07/19,1396/04/28,2017-07-19
1145440.0,1144290.0,1147060.0,1146480.0,6700.0,0.59,2017/07/22,1396/04/31,2017-07-22
1146020.0,1146020.0,1151330.0,1150750.0,4270.0,0.37,2017/07/23,1396/05/01,2017-07-23
1150400.0,1147860.0,1151670.0,1148560.0,2190.0,0.19,2017/07/24,1396/05/02,2017-07-24
1148330.0,1147400.0,1156520.0,1154790.0,6230.0,0.54,2017/07/25,1396/05/03,2017-07-25
1163324.0,1147222.0,1183914.0,1162451.0,961.0,0.08,2017/07/26,1396/05/04,2017-07-26
1176950.0,1176840.0,1184690.0,1179380.0,16929.0,1.46,2017/07/29,1396/05/07,2017-07-29
1179260.0,1171880.0,1179260.0,1176030.0,3350.0,0.28,2017/07/30,1396/05/08,2017-07-30
1177070.0,1174990.0,1180300.0,1179610.0,3580.0,0.3,2017/07/31,1396/05/09,2017-07-31
1179030.0,1176490.0,1181800.0,1181340.0,1730.0,0.15,2017/08/01,1396/05/10,2017-08-01
1178537.0,1168519.0,1203695.0,1180788.0,552.0,0.05,2017/08/02,1396/05/11,2017-08-02
1178450.0,1172910.0,1179610.0,1174070.0,6718.0,0.57,2017/08/05,1396/05/14,2017-08-05
1172220.0,1171410.0,1173490.0,1173030.0,1040.0,0.09,2017/08/06,1396/05/15,2017-08-06
1171880.0,1171820.0,1177420.0,1175220.0,2190.0,0.19,2017/08/07,1396/05/16,2017-08-07
1175920.0,1175920.0,1179720.0,1178570.0,3350.0,0.29,2017/08/08,1396/05/17,2017-08-08
1190377.0,1161422.0,1202518.0,1181508.0,1318.0,0.11,2017/08/09,1396/05/18,2017-08-09
1190920.0,1189650.0,1192310.0,1191730.0,10222.0,0.87,2017/08/12,1396/05/21,2017-08-12
1191500.0,1180070.0,1191500.0,1182730.0,9000.0,0.76,2017/08/13,1396/05/22,2017-08-13
1179490.0,1175800.0,1179960.0,1178110.0,4620.0,0.39,2017/08/14,1396/05/23,2017-08-14
1177650.0,1175800.0,1178340.0,1178340.0,230.0,0.02,2017/08/15,1396/05/24,2017-08-15
1184154.0,1161536.0,1205761.0,1184209.0,361.0,0.03,2017/08/16,1396/05/25,2017-08-16
1182260.0,1182260.0,1185960.0,1185730.0,1521.0,0.13,2017/08/19,1396/05/28,2017-08-19
1185960.0,1184800.0,1189420.0,1186880.0,1150.0,0.1,2017/08/20,1396/05/29,2017-08-20
1183420.0,1183190.0,1188730.0,1186880.0,,,2017/08/21,1396/05/30,2017-08-21
1186650.0,1186650.0,1192420.0,1191500.0,4620.0,0.39,2017/08/22,1396/05/31,2017-08-22
1192731.0,1180326.0,1212198.0,1202101.0,8751.0,0.73,2017/08/23,1396/06/01,2017-08-23
1208120.0,1208120.0,1214820.0,1212280.0,10179.0,0.85,2017/08/26,1396/06/04,2017-08-26
1212740.0,1209510.0,1219430.0,1218510.0,6230.0,0.51,2017/08/27,1396/06/05,2017-08-27
1220590.0,1220590.0,1232820.0,1223820.0,5310.0,0.44,2017/08/28,1396/06/06,2017-08-28
1221970.0,1218280.0,1226820.0,1225440.0,1620.0,0.13,2017/08/29,1396/06/07,2017-08-29
1225851.0,1217515.0,1252709.0,1238345.0,2525.0,0.2,2017/08/30,1396/06/08,2017-08-30
1255680.0,1255680.0,1266070.0,1264910.0,26565.0,2.15,2017/09/02,1396/06/11,2017-09-02
1267220.0,1256140.0,1268610.0,1256830.0,8080.0,0.64,2017/09/03,1396/06/12,2017-09-03
1255450.0,1247370.0,1258220.0,1254990.0,1840.0,0.15,2017/09/04,1396/06/13,2017-09-04
1256140.0,1253830.0,1262370.0,1255220.0,230.0,0.02,2017/09/05,1396/06/14,2017-09-05
1265640.0,1249838.0,1282346.0,1264507.0,517.0,0.04,2017/09/06,1396/06/15,2017-09-06
1261220.0,1253600.0,1261220.0,1255450.0,9057.0,0.72,2017/09/10,1396/06/19,2017-09-10
1251990.0,1251990.0,1256830.0,1255450.0,,,2017/09/11,1396/06/20,2017-09-11
1259830.0,1248750.0,1261220.0,1248980.0,6470.0,0.52,2017/09/12,1396/06/21,2017-09-12
1246123.0,1227761.0,1256091.0,1240163.0,6747.0,0.54,2017/09/13,1396/06/22,2017-09-13
1237670.0,1229820.0,1239290.0,1231440.0,8723.0,0.71,2017/09/16,1396/06/25,2017-09-16
1229590.0,1217120.0,1230280.0,1219430.0,12010.0,0.98,2017/09/17,1396/06/26,2017-09-17
1222200.0,1209970.0,1223820.0,1212510.0,6920.0,0.57,2017/09/18,1396/06/27,2017-09-18
1217820.0,1214120.0,1224280.0,1218510.0,6000.0,0.49,2017/09/19,1396/06/28,2017-09-19
1200832.0,1176102.0,1214041.0,1200472.0,1122.0,0.09,2017/09/20,1396/06/29,2017-09-20
1205580.0,1204660.0,1216430.0,1215970.0,15498.0,1.29,2017/09/23,1396/07/01,2017-09-23
1214120.0,1209740.0,1228900.0,1227510.0,11540.0,0.95,2017/09/24,1396/07/02,2017-09-24
1230510.0,1212510.0,1230750.0,1218740.0,8770.0,0.72,2017/09/25,1396/07/03,2017-09-25
1212970.0,1206740.0,1212970.0,1210890.0,7850.0,0.65,2017/09/26,1396/07/04,2017-09-26
1209194.0,1187912.0,1237254.0,1213114.0,316.0,0.03,2017/09/27,1396/07/05,2017-09-27
1205580.0,1204200.0,1211120.0,1207430.0,5684.0,0.47,2017/10/02,1396/07/10,2017-10-02
1208350.0,1208350.0,1219900.0,1215970.0,8540.0,0.71,2017/10/03,1396/07/11,2017-10-03
1216250.0,1196790.0,1238790.0,1216770.0,3570.0,0.29,2017/10/04,1396/07/12,2017-10-04
1227280.0,1223350.0,1240670.0,1240440.0,23670.0,1.95,2017/10/07,1396/07/15,2017-10-07
1237670.0,1236510.0,1258440.0,1255440.0,15000.0,1.21,2017/10/08,1396/07/16,2017-10-08
1253600.0,1242050.0,1256140.0,1246440.0,9000.0,0.72,2017/10/09,1396/07/17,2017-10-09
1243210.0,1240670.0,1248060.0,1241590.0,4850.0,0.39,2017/10/10,1396/07/18,2017-10-10
1246860.0,1226622.0,1270425.0,1244544.0,7206.0,0.58,2017/10/11,1396/07/19,2017-10-11
1245050.0,1238360.0,1247360.0,1244590.0,46.0,,2017/10/14,1396/07/22,2017-10-14
1244130.0,1239980.0,1246900.0,1241130.0,3460.0,0.28,2017/10/15,1396/07/23,2017-10-15
1235590.0,1221740.0,1235590.0,1232820.0,8310.0,0.67,2017/10/16,1396/07/24,2017-10-16
1233050.0,1224740.0,1234900.0,1231430.0,1390.0,0.11,2017/10/17,1396/07/25,2017-10-17
1230739.0,1203288.0,1239477.0,1224472.0,6498.0,0.53,2017/10/18,1396/07/26,2017-10-18
1220810.0,1216430.0,1222660.0,1216890.0,7582.0,0.62,2017/10/21,1396/07/29,2017-10-21
1214350.0,1212960.0,1227510.0,1226350.0,9460.0,0.78,2017/10/22,1396/07/30,2017-10-22
1229120.0,1224510.0,1229360.0,1226120.0,230.0,0.02,2017/10/23,1396/08/01,2017-10-23
1225660.0,1219890.0,1230280.0,1226590.0,470.0,0.04,2017/10/24,1396/08/02,2017-10-24
1226056.0,1205090.0,1251209.0,1235031.0,11911.0,0.97,2017/10/25,1396/08/03,2017-10-25
1242050.0,1235360.0,1242510.0,1241130.0,6099.0,0.49,2017/10/28,1396/08/06,2017-10-28
1239510.0,1235360.0,1242280.0,1239740.0,1390.0,0.11,2017/10/29,1396/08/07,2017-10-29
1239980.0,1233510.0,1241360.0,1235590.0,4150.0,0.34,2017/10/30,1396/08/08,2017-10-30
1236970.0,1236970.0,1243670.0,1241820.0,6230.0,0.5,2017/10/31,1396/08/09,2017-10-31
1237943.0,1216278.0,1258807.0,1238009.0,3811.0,0.31,2017/11/01,1396/08/10,2017-11-01
1238130.0,1237090.0,1243900.0,1243440.0,5431.0,0.44,2017/11/04,1396/08/13,2017-11-04
1243900.0,1242280.0,1249670.0,1248980.0,5540.0,0.45,2017/11/05,1396/08/14,2017-11-05
1249670.0,1240670.0,1249670.0,1242510.0,6470.0,0.52,2017/11/06,1396/08/15,2017-11-06
1243900.0,1242750.0,1254520.0,1251520.0,9010.0,0.73,2017/11/07,1396/08/16,2017-11-07
1249440.0,1249440.0,1254980.0,1254060.0,2540.0,0.2,2017/11/08,1396/08/17,2017-11-08
1243900.0,1243440.0,1260290.0,1259370.0,5310.0,0.42,2017/11/11,1396/08/20,2017-11-11
1257980.0,1257980.0,1266290.0,1260980.0,1610.0,0.13,2017/11/12,1396/08/21,2017-11-12
1262140.0,1251290.0,1262140.0,1260520.0,460.0,0.04,2017/11/13,1396/08/22,2017-11-13
1260060.0,1251750.0,1261680.0,1254060.0,6460.0,0.52,2017/11/14,1396/08/23,2017-11-14
1258145.0,1233862.0,1269444.0,1262501.0,6131.0,0.49,2017/11/15,1396/08/24,2017-11-15
1266520.0,1265140.0,1266990.0,1265370.0,2869.0,0.23,2017/11/18,1396/08/27,2017-11-18
1254290.0,1253130.0,1266520.0,1265370.0,,,2017/11/20,1396/08/29,2017-11-20
1262830.0,1262830.0,1270450.0,1269060.0,3690.0,0.29,2017/11/21,1396/08/30,2017-11-21
1272064.0,1258081.0,1296869.0,1270789.0,339.0,0.03,2017/11/22,1396/09/01,2017-11-22
1273450.0,1270220.0,1281300.0,1278760.0,7971.0,0.63,2017/11/25,1396/09/04,2017-11-25
1279220.0,1279220.0,1285690.0,1284070.0,5310.0,0.42,2017/11/26,1396/09/05,2017-11-26
1288690.0,1288690.0,1301390.0,1294920.0,10850.0,0.84,2017/11/28,1396/09/07,2017-11-28
1296540.0,1277610.0,1311007.0,1299314.0,8544.0,0.66,2017/11/29,1396/09/08,2017-11-29
1300920.0,1299770.0,1304390.0,1301390.0,2076.0,0.16,2017/12/02,1396/09/11,2017-12-02
1300460.0,1299540.0,1312930.0,1312240.0,10850.0,0.83,2017/12/03,1396/09/12,2017-12-03
1312930.0,1305770.0,1316160.0,1307620.0,4620.0,0.35,2017/12/04,1396/09/13,2017-12-04
1308310.0,1302080.0,1309930.0,1304620.0,3000.0,0.23,2017/12/05,1396/09/14,2017-12-05
1289430.0,1272538.0,1300951.0,1290755.0,13865.0,1.07,2017/12/06,1396/09/15,2017-12-06
1285230.0,1281990.0,1290070.0,1285230.0,5525.0,0.43,2017/12/09,1396/09/18,2017-12-09
1285460.0,1282690.0,1291460.0,1284300.0,930.0,0.07,2017/12/10,1396/09/19,2017-12-10
1281530.0,1276680.0,1284990.0,1278530.0,5770.0,0.45,2017/12/11,1396/09/20,2017-12-11
1281990.0,1277380.0,1283610.0,1277840.0,690.0,0.05,2017/12/12,1396/09/21,2017-12-12
1282498.0,1259222.0,1293270.0,1282043.0,407.0,0.03,2017/12/13,1396/09/22,2017-12-13
1280610.0,1277610.0,1282220.0,1279680.0,2363.0,0.18,2017/12/16,1396/09/25,2017-12-16
1280150.0,1278530.0,1282450.0,1281530.0,1850.0,0.14,2017/12/17,1396/09/26,2017-12-17
1281300.0,1281300.0,1289840.0,1285230.0,3700.0,0.29,2017/12/18,1396/09/27,2017-12-18
1287530.0,1283840.0,1290540.0,1286840.0,1610.0,0.13,2017/12/19,1396/09/28,2017-12-19
1287469.0,1279872.0,1303806.0,1291153.0,4313.0,0.34,2017/12/20,1396/09/29,2017-12-20
1295610.0,1293070.0,1300690.0,1296540.0,5387.0,0.42,2017/12/23,1396/10/02,2017-12-23
1297000.0,1295150.0,1298850.0,1298150.0,1610.0,0.12,2017/12/24,1396/10/03,2017-12-24
1298620.0,1298620.0,1303460.0,1302770.0,4620.0,0.36,2017/12/25,1396/10/04,2017-12-25
1303930.0,1303930.0,1312470.0,1310620.0,7850.0,0.6,2017/12/26,1396/10/05,2017-12-26
1319522.0,1303951.0,1356711.0,1336662.0,18882.0,1.43,2017/12/27,1396/10/06,2017-12-27
1345940.0,1333710.0,1355410.0,1347560.0,10898.0,0.82,2017/12/30,1396/10/09,2017-12-30
1347100.0,1346870.0,1371570.0,1369950.0,22390.0,1.66,2017/12/31,1396/10/10,2017-12-31
1369720.0,1369720.0,1386110.0,1383340.0,13390.0,0.98,2018/01/01,1396/10/11,2018-01-01
1391190.0,1383110.0,1402970.0,1400430.0,17090.0,1.24,2018/01/02,1396/10/12,2018-01-02
1395931.0,1339643.0,1418684.0,1363644.0,536.0,0.04,2018/01/03,1396/10/13,2018-01-03
1359560.0,1358870.0,1372720.0,1372030.0,8386.0,0.61,2018/01/06,1396/10/16,2018-01-06
1370880.0,1363260.0,1380110.0,1372260.0,230.0,0.02,2018/01/07,1396/10/17,2018-01-07
1374110.0,1365340.0,1374110.0,1369490.0,2770.0,0.2,2018/01/08,1396/10/18,2018-01-08
1370410.0,1367880.0,1384500.0,1384270.0,14780.0,1.08,2018/01/09,1396/10/19,2018-01-09
1384928.0,1377726.0,1413530.0,1388673.0,2793.0,0.2,2018/01/10,1396/10/20,2018-01-10
1413360.0,1391890.0,1421440.0,1393270.0,4597.0,0.33,2018/01/13,1396/10/23,2018-01-13
1394420.0,1394190.0,1404580.0,1402500.0,9230.0,0.66,2018/01/14,1396/10/24,2018-01-14
1402740.0,1398580.0,1405970.0,1402040.0,460.0,0.03,2018/01/15,1396/10/25,2018-01-15
1406200.0,1402740.0,1414510.0,1413820.0,11780.0,0.84,2018/01/16,1396/10/26,2018-01-16
1410576.0,1397175.0,1434081.0,1411775.0,7885.0,0.56,2018/01/17,1396/10/27,2018-01-17
1422590.0,1422130.0,1445220.0,1441750.0,29975.0,2.12,2018/01/20,1396/10/30,2018-01-20
1442680.0,1433210.0,1454680.0,1441520.0,230.0,0.02,2018/01/21,1396/11/01,2018-01-21
1444290.0,1438750.0,1449830.0,1442680.0,1160.0,0.08,2018/01/22,1396/11/02,2018-01-22
1446370.0,1443600.0,1455600.0,1448450.0,5770.0,0.4,2018/01/23,1396/11/03,2018-01-23
1447513.0,1431735.0,1455567.0,1448038.0,6412.0,0.44,2018/01/24,1396/11/04,2018-01-24
1439210.0,1439210.0,1448450.0,1447290.0,748.0,0.05,2018/01/27,1396/11/07,2018-01-27
1448450.0,1438060.0,1450990.0,1440600.0,6690.0,0.46,2018/01/28,1396/11/08,2018-01-28
1440370.0,1436900.0,1444290.0,1442680.0,2080.0,0.14,2018/01/29,1396/11/09,2018-01-29
1443600.0,1442910.0,1457220.0,1455140.0,12460.0,0.86,2018/01/30,1396/11/10,2018-01-30
1460597.0,1435182.0,1496695.0,1468933.0,11023.0,0.76,2018/01/31,1396/11/11,2018-01-31
1473610.0,1472230.0,1483770.0,1478690.0,9757.0,0.66,2018/02/03,1396/11/14,2018-02-03
1478230.0,1477540.0,1489310.0,1483310.0,4620.0,0.31,2018/02/04,1396/11/15,2018-02-04
1484460.0,1479380.0,1512170.0,1480310.0,3000.0,0.2,2018/02/05,1396/11/16,2018-02-05
1478690.0,1472230.0,1493930.0,1474770.0,5540.0,0.38,2018/02/06,1396/11/17,2018-02-06
1472971.0,1446457.0,1501066.0,1484588.0,7518.0,0.51,2018/02/07,1396/11/18,2018-02-07
1492080.0,1490230.0,1493240.0,1490460.0,5872.0,0.4,2018/02/10,1396/11/21,2018-02-10
1528560.0,1515860.0,1549100.0,1519780.0,29320.0,1.97,2018/02/12,1396/11/23,2018-02-12
1517010.0,1496240.0,1517480.0,1496470.0,23310.0,1.56,2018/02/13,1396/11/24,2018-02-13
1496900.0,1443100.0,1525400.0,1472800.0,14200.0,0.96,2018/02/14,1396/11/25,2018-02-14
1442910.0,1417970.0,1456070.0,1456070.0,16730.0,1.15,2018/02/17,1396/11/28,2018-02-17
1436576.0,1409143.0,1460279.0,1432348.0,11022.0,0.77,2018/02/18,1396/11/29,2018-02-18
1427900.0,1423280.0,1438980.0,1438750.0,6402.0,0.45,2018/02/21,1396/12/02,2018-02-21
1438520.0,1437830.0,1438980.0,1438290.0,460.0,0.03,2018/02/22,1396/12/03,2018-02-22
1451680.0,1451680.0,1465300.0,1465300.0,27010.0,1.88,2018/02/24,1396/12/05,2018-02-24
1469460.0,1469460.0,1499470.0,1494160.0,28860.0,1.97,2018/02/25,1396/12/06,2018-02-25
1495540.0,1469460.0,1496470.0,1469460.0,24700.0,1.68,2018/02/26,1396/12/07,2018-02-26
1470610.0,1463220.0,1482620.0,1474070.0,4610.0,0.31,2018/02/27,1396/12/08,2018-02-27
1473840.0,1468070.0,1477540.0,1473850.0,220.0,0.01,2018/02/28,1396/12/09,2018-02-28
1479610.0,1478920.0,1486540.0,1486080.0,12230.0,0.83,2018/03/01,1396/12/10,2018-03-01
1491860.0,1485850.0,1492090.0,1490230.0,4150.0,0.28,2018/03/03,1396/12/12,2018-03-03
1493000.0,1485390.0,1496470.0,1485390.0,4840.0,0.33,2018/03/04,1396/12/13,2018-03-04
1487460.0,1484460.0,1498310.0,1498310.0,12920.0,0.87,2018/03/05,1396/12/14,2018-03-05
1504090.0,1496010.0,1505010.0,1496930.0,1380.0,0.09,2018/03/06,1396/12/15,2018-03-06
1497620.0,1494850.0,1501080.0,1498550.0,1620.0,0.11,2018/03/07,1396/12/16,2018-03-07
1497390.0,1496470.0,1501550.0,1500620.0,2070.0,0.14,2018/03/08,1396/12/17,2018-03-08
1514470.0,1509400.0,1517940.0,1509400.0,8780.0,0.59,2018/03/10,1396/12/19,2018-03-10
1509630.0,1508010.0,1519550.0,1519550.0,10150.0,0.67,2018/03/11,1396/12/20,2018-03-11
1518400.0,1517010.0,1533870.0,1533640.0,14090.0,0.93,2018/03/12,1396/12/21,2018-03-12
1533410.0,1530640.0,1538480.0,1530640.0,3000.0,0.2,2018/03/13,1396/12/22,2018-03-13
1530870.0,1512860.0,1531100.0,1519780.0,10860.0,0.71,2018/03/14,1396/12/23,2018-03-14
1520710.0,1517250.0,1522560.0,1518630.0,1150.0,0.08,2018/03/15,1396/12/24,2018-03-15
1512860.0,1512860.0,1532710.0,1522790.0,4160.0,0.27,2018/03/17,1396/12/26,2018-03-17
1524860.0,1523020.0,1535480.0,1533640.0,10850.0,0.71,2018/03/18,1396/12/27,2018-03-18
1532480.0,1528330.0,1534790.0,1533410.0,230.0,0.01,2018/03/19,1396/12/28,2018-03-19
1599430.0,1597820.0,1623210.0,1620670.0,87260.0,5.69,2018/03/25,1397/01/05,2018-03-25
1619750.0,1594820.0,1621600.0,1595740.0,24930.0,1.56,2018/03/26,1397/01/06,2018-03-26
1595970.0,1574270.0,1595970.0,1574270.0,21470.0,1.36,2018/03/27,1397/01/07,2018-03-27
1578890.0,1576580.0,1589740.0,1588580.0,14310.0,0.91,2018/03/28,1397/01/08,2018-03-28
1589740.0,1589740.0,1591810.0,1591810.0,3230.0,0.2,2018/03/29,1397/01/09,2018-03-29
1600820.0,1600360.0,1608210.0,1601970.0,10160.0,0.64,2018/04/03,1397/01/14,2018-04-03
1599200.0,1595280.0,1608670.0,1606360.0,4390.0,0.27,2018/04/04,1397/01/15,2018-04-04
1606820.0,1606820.0,1606820.0,1606820.0,460.0,0.03,2018/04/05,1397/01/16,2018-04-05
1671460.0,1671460.0,1739570.0,1696860.0,90040.0,5.6,2018/04/07,1397/01/18,2018-04-07
1707940.0,1699170.0,1785970.0,1713020.0,16160.0,0.95,2018/04/08,1397/01/19,2018-04-08
1601050.0,1562260.0,1653230.0,1578660.0,134360.0,8.51,2018/04/09,1397/01/20,2018-04-09
1575650.0,1575420.0,1671460.0,1662460.0,83800.0,5.31,2018/04/10,1397/01/21,2018-04-10
1654150.0,1633600.0,1664540.0,1635220.0,27240.0,1.67,2018/04/11,1397/01/22,2018-04-11
1641450.0,1640070.0,1655300.0,1653920.0,18700.0,1.14,2018/04/12,1397/01/23,2018-04-12
1699860.0,1697550.0,1726870.0,1704940.0,51020.0,3.08,2018/04/15,1397/01/26,2018-04-15
1699630.0,1683930.0,1714870.0,1688320.0,16620.0,0.98,2018/04/16,1397/01/27,2018-04-16
1688090.0,1686930.0,1701940.0,1691320.0,3000.0,0.18,2018/04/17,1397/01/28,2018-04-17
1688550.0,1688090.0,1704480.0,1700780.0,9460.0,0.56,2018/04/18,1397/01/29,2018-04-18
1698710.0,1695940.0,1700090.0,1698710.0,2070.0,0.12,2018/04/19,1397/01/30,2018-04-19
1713020.0,1694550.0,1713020.0,1694550.0,4160.0,0.25,2018/04/21,1397/02/01,2018-04-21
1698710.0,1687390.0,1699170.0,1692240.0,2310.0,0.14,2018/04/22,1397/02/02,2018-04-22
1695010.0,1693170.0,1714170.0,1713250.0,21010.0,1.24,2018/04/23,1397/02/03,2018-04-23
1711400.0,1710250.0,1716480.0,1712560.0,690.0,0.04,2018/04/24,1397/02/04,2018-04-24
1713250.0,1713250.0,1725720.0,1724560.0,12000.0,0.7,2018/04/25,1397/02/05,2018-04-25
1723410.0,1722720.0,1727100.0,1727100.0,2540.0,0.15,2018/04/26,1397/02/06,2018-04-26
1736110.0,1734950.0,1770740.0,1756880.0,29780.0,1.72,2018/04/28,1397/02/08,2018-04-28
1762890.0,1760810.0,1798900.0,1797290.0,40410.0,2.3,2018/04/29,1397/02/09,2018-04-29
1798670.0,1798210.0,1843460.0,1812060.0,14770.0,0.82,2018/04/30,1397/02/10,2018-04-30
1821760.0,1821060.0,1867700.0,1867700.0,55640.0,3.07,2018/05/01,1397/02/11,2018-05-01
1882480.0,1865390.0,1885940.0,1885010.0,17310.0,0.93,2018/05/03,1397/02/13,2018-05-03
2006220.0,1954270.0,2084710.0,1965820.0,80810.0,4.29,2018/05/05,1397/02/15,2018-05-05
1966050.0,1821530.0,1966280.0,1865850.0,99970.0,5.36,2018/05/06,1397/02/16,2018-05-06
1868160.0,1842070.0,1941580.0,1891940.0,26090.0,1.4,2018/05/07,1397/02/17,2018-05-07
1960740.0,1926110.0,2031380.0,1939500.0,47560.0,2.51,2018/05/08,1397/02/18,2018-05-08
1943420.0,1942040.0,1996980.0,1995140.0,55640.0,2.87,2018/05/09,1397/02/19,2018-05-09
2009910.0,2006220.0,2041080.0,2016380.0,21240.0,1.06,2018/05/10,1397/02/20,2018-05-10
1963510.0,1904640.0,1963510.0,1913870.0,102510.0,5.36,2018/05/12,1397/02/22,2018-05-12
1907180.0,1830760.0,1909260.0,1839300.0,74570.0,4.05,2018/05/13,1397/02/23,2018-05-13
1841380.0,1826200.0,1868900.0,1855500.0,16200.0,0.88,2018/05/14,1397/02/24,2018-05-14
1857600.0,1838900.0,1867700.0,1853400.0,2100.0,0.11,2018/05/15,1397/02/25,2018-05-15
1851300.0,1842300.0,1864500.0,1864500.0,11100.0,0.6,2018/05/16,1397/02/26,2018-05-16
1856400.0,1847400.0,1857300.0,1851800.0,12700.0,0.69,2018/05/17,1397/02/27,2018-05-17
1820400.0,1793800.0,1849200.0,1830800.0,21000.0,1.15,2018/05/19,1397/02/29,2018-05-19
1836800.0,1825900.0,1904600.0,1893600.0,62800.0,3.43,2018/05/20,1397/02/30,2018-05-20
1888500.0,1850400.0,1896100.0,1872300.0,21300.0,1.14,2018/05/21,1397/02/31,2018-05-21
1867700.0,1858500.0,1886200.0,1873500.0,1200.0,0.06,2018/05/22,1397/03/01,2018-05-22
1880600.0,1879300.0,1907200.0,1905800.0,32300.0,1.72,2018/05/23,1397/03/02,2018-05-23
1911600.0,1896100.0,1912500.0,1898600.0,7200.0,0.38,2018/05/24,1397/03/03,2018-05-24
1890800.0,1888500.0,1910400.0,1910400.0,11800.0,0.62,2018/05/26,1397/03/05,2018-05-26
1903500.0,1902100.0,1938100.0,1930000.0,19600.0,1.03,2018/05/27,1397/03/06,2018-05-27
1947400.0,1947100.0,1980800.0,1980800.0,50800.0,2.63,2018/05/28,1397/03/07,2018-05-28
1994900.0,1954100.0,2008800.0,1969100.0,11700.0,0.59,2018/05/29,1397/03/08,2018-05-29
1967700.0,1961200.0,1973900.0,1969100.0,,,2018/05/30,1397/03/09,2018-05-30
1968100.0,1957700.0,1968800.0,1957700.0,11400.0,0.58,2018/05/31,1397/03/10,2018-05-31
1946200.0,1941600.0,1976200.0,1970400.0,12700.0,0.65,2018/06/02,1397/03/12,2018-06-02
1969500.0,1969100.0,1990100.0,1990100.0,19700.0,1.0,2018/06/03,1397/03/13,2018-06-03
1991200.0,1976000.0,1994000.0,1982000.0,8100.0,0.41,2018/06/07,1397/03/17,2018-06-07
2014300.0,2014300.0,2051200.0,2035100.0,53100.0,2.68,2018/06/09,1397/03/19,2018-06-09
2027000.0,2025900.0,2069300.0,2046600.0,11500.0,0.57,2018/06/10,1397/03/20,2018-06-10
2053300.0,2052900.0,2111300.0,2103000.0,56400.0,2.76,2018/06/11,1397/03/21,2018-06-11
2107300.0,2100700.0,2178200.0,2119800.0,16800.0,0.8,2018/06/12,1397/03/22,2018-06-12
2120500.0,2076600.0,2125100.0,2091400.0,28400.0,1.36,2018/06/13,1397/03/23,2018-06-13
2091000.0,2062800.0,2091000.0,2063500.0,27900.0,1.35,2018/06/14,1397/03/24,2018-06-14
2114500.0,2106700.0,2145000.0,2119800.0,56300.0,2.73,2018/06/17,1397/03/27,2018-06-17
2120000.0,2118200.0,2173600.0,2173400.0,53600.0,2.53,2018/06/18,1397/03/28,2018-06-18
2179100.0,2166700.0,2209400.0,2196700.0,23300.0,1.07,2018/06/19,1397/03/29,2018-06-19
2199000.0,2197600.0,2228100.0,2209400.0,12700.0,0.58,2018/06/20,1397/03/30,2018-06-20
2197800.0,2197800.0,2241300.0,2240300.0,30900.0,1.4,2018/06/21,1397/03/31,2018-06-21
2428700.0,2413700.0,2740400.0,2578800.0,338500.0,15.11,2018/06/23,1397/04/02,2018-06-23
2576700.0,2331700.0,2592600.0,2360400.0,218400.0,9.25,2018/06/24,1397/04/03,2018-06-24
2359000.0,2308400.0,2432200.0,2391800.0,31400.0,1.33,2018/06/25,1397/04/04,2018-06-25
2390200.0,2302900.0,2394100.0,2392900.0,1100.0,0.05,2018/06/26,1397/04/05,2018-06-26
2398900.0,2398000.0,2537200.0,2432200.0,39300.0,1.64,2018/06/27,1397/04/06,2018-06-27
2434000.0,2412600.0,2451100.0,2447400.0,15200.0,0.62,2018/06/28,1397/04/07,2018-06-28
2359500.0,2359500.0,2457600.0,2448300.0,900.0,0.04,2018/06/30,1397/04/09,2018-06-30
2447400.0,2425300.0,2495700.0,2439800.0,8500.0,0.35,2018/07/01,1397/04/10,2018-07-01
2437900.0,2386900.0,2440500.0,2402200.0,37600.0,1.57,2018/07/02,1397/04/11,2018-07-02
2408200.0,2322500.0,2409300.0,2336400.0,65800.0,2.82,2018/07/03,1397/04/12,2018-07-03
2335400.0,2271700.0,2336800.0,2278700.0,57700.0,2.53,2018/07/04,1397/04/13,2018-07-04
2278000.0,2277000.0,2395200.0,2374200.0,95500.0,4.19,2018/07/05,1397/04/14,2018-07-05
2336400.0,2331700.0,2375600.0,2351400.0,22800.0,0.97,2018/07/07,1397/04/16,2018-07-07
2353700.0,2336400.0,2354800.0,2341000.0,10400.0,0.44,2018/07/08,1397/04/17,2018-07-08
2287000.0,2250900.0,2298300.0,2259700.0,81300.0,3.6,2018/07/10,1397/04/19,2018-07-10
2260200.0,2259300.0,2300600.0,2292500.0,32800.0,1.45,2018/07/11,1397/04/20,2018-07-11
2291300.0,2276300.0,2292000.0,2282300.0,10200.0,0.45,2018/07/12,1397/04/21,2018-07-12
2384800.0,2350200.0,2414900.0,2351400.0,69100.0,3.03,2018/07/14,1397/04/23,2018-07-14
2352800.0,2292500.0,2368700.0,2306800.0,44600.0,1.93,2018/07/15,1397/04/24,2018-07-15
2307300.0,2287900.0,2368700.0,2365500.0,58700.0,2.54,2018/07/16,1397/04/25,2018-07-16
2364100.0,2359500.0,2400800.0,2377000.0,11500.0,0.49,2018/07/17,1397/04/26,2018-07-17
2374900.0,2370300.0,2435600.0,2428700.0,51700.0,2.18,2018/07/18,1397/04/27,2018-07-18
2425900.0,2405400.0,2435400.0,2405600.0,23100.0,0.96,2018/07/19,1397/04/28,2018-07-19
2613400.0,2609900.0,2689600.0,2679200.0,273600.0,11.37,2018/07/21,1397/04/30,2018-07-21
2679000.0,2679000.0,2791400.0,2754500.0,75300.0,2.81,2018/07/22,1397/04/31,2018-07-22
2693100.0,2674600.0,2795800.0,2693100.0,61400.0,2.28,2018/07/23,1397/05/01,2018-07-23
2668800.0,2635300.0,2742700.0,2687300.0,5800.0,0.22,2018/07/24,1397/05/02,2018-07-24
2698800.0,2681500.0,2775000.0,2771500.0,84200.0,3.13,2018/07/25,1397/05/03,2018-07-25
2775000.0,2750800.0,2800400.0,2772700.0,1200.0,0.04,2018/07/26,1397/05/04,2018-07-26
2919300.0,2919300.0,3232100.0,3197500.0,424800.0,15.32,2018/07/28,1397/05/06,2018-07-28
3129400.0,3070500.0,3329100.0,3287500.0,90000.0,2.81,2018/07/29,1397/05/07,2018-07-29
3117800.0,2892800.0,3266800.0,2985100.0,302400.0,10.13,2018/07/30,1397/05/08,2018-07-30
2982800.0,2934300.0,3084400.0,2955100.0,30000.0,1.02,2018/07/31,1397/05/09,2018-07-31
3001300.0,2980500.0,3049700.0,3024300.0,69200.0,2.34,2018/08/01,1397/05/10,2018-08-01
3049700.0,2979700.0,3061300.0,2998200.0,26100.0,0.87,2018/08/02,1397/05/11,2018-08-02
2885800.0,2719600.0,2885800.0,2800400.0,197800.0,7.06,2018/08/04,1397/05/13,2018-08-04
2862700.0,2698800.0,2862700.0,2758900.0,41500.0,1.5,2018/08/05,1397/05/14,2018-08-05
2631900.0,2581100.0,2731100.0,2594900.0,164000.0,6.32,2018/08/06,1397/05/15,2018-08-06
2583400.0,2581100.0,2885800.0,2883500.0,288600.0,11.12,2018/08/07,1397/05/16,2018-08-07
2920500.0,2881200.0,3045100.0,2945900.0,62400.0,2.16,2018/08/08,1397/05/17,2018-08-08
2957400.0,2943500.0,3070500.0,3054400.0,108500.0,3.68,2018/08/09,1397/05/18,2018-08-09
3033420.0,2902830.0,3074670.0,2957250.0,97150.0,3.29,2018/08/11,1397/05/20,2018-08-11
2938900.0,2928500.0,2975900.0,2971200.0,13950.0,0.47,2018/08/12,1397/05/21,2018-08-12
3024300.0,2952800.0,3031300.0,2959700.0,11500.0,0.39,2018/08/13,1397/05/22,2018-08-13
2936600.0,2884700.0,2966600.0,2900800.0,58900.0,2.03,2018/08/14,1397/05/23,2018-08-14
2913500.0,2885800.0,2968900.0,2957400.0,56600.0,1.95,2018/08/15,1397/05/24,2018-08-15
2955100.0,2927400.0,2980500.0,2930800.0,26600.0,0.91,2018/08/16,1397/05/25,2018-08-16
2900830.0,2881200.0,2947000.0,2910600.0,20200.0,0.69,2018/08/18,1397/05/27,2018-08-18
2914700.0,2898500.0,2934300.0,2913500.0,2900.0,0.1,2018/08/19,1397/05/28,2018-08-19
2923900.0,2919300.0,2966600.0,2952800.0,39300.0,1.35,2018/08/20,1397/05/29,2018-08-20
2958600.0,2956200.0,2962000.0,2956200.0,3400.0,0.12,2018/08/21,1397/05/30,2018-08-21
2940100.0,2935500.0,2944700.0,2938900.0,17300.0,0.59,2018/08/23,1397/06/01,2018-08-23
2934900.0,2934300.0,2962000.0,2958600.0,19700.0,0.67,2018/08/25,1397/06/03,2018-08-25
2955100.0,2955100.0,3054900.0,3036500.0,77900.0,2.63,2018/08/26,1397/06/04,2018-08-26
3041700.0,3041700.0,3105700.0,3077400.0,40900.0,1.35,2018/08/27,1397/06/05,2018-08-27
3047400.0,3047400.0,3107500.0,3106300.0,28900.0,0.94,2018/08/28,1397/06/06,2018-08-28
3116700.0,3100500.0,3128200.0,3113200.0,6900.0,0.22,2018/08/29,1397/06/07,2018-08-29
3128200.0,3128200.0,3331400.0,3310600.0,197400.0,6.34,2018/09/01,1397/06/10,2018-09-01
3344100.0,3324500.0,3557600.0,3453800.0,143200.0,4.33,2018/09/02,1397/06/11,2018-09-02
3511500.0,3354500.0,3654600.0,3601500.0,147700.0,4.28,2018/09/03,1397/06/12,2018-09-03
3735400.0,3571500.0,3809300.0,3714600.0,113100.0,3.14,2018/09/04,1397/06/13,2018-09-04
3647700.0,3566900.0,3693900.0,3583000.0,131600.0,3.67,2018/09/05,1397/06/14,2018-09-05
3550700.0,3476800.0,3560000.0,3543800.0,39200.0,1.11,2018/09/06,1397/06/15,2018-09-06
3428400.0,3342900.0,3474500.0,3442200.0,101600.0,2.95,2018/09/08,1397/06/17,2018-09-08
3497600.0,3497600.0,3705400.0,3673100.0,230900.0,6.71,2018/09/09,1397/06/18,2018-09-09
3765400.0,3590000.0,3906300.0,3728500.0,55400.0,1.51,2018/09/10,1397/06/19,2018-09-10
3670800.0,3599200.0,3748100.0,3716900.0,11600.0,0.31,2018/09/11,1397/06/20,2018-09-11
3777000.0,3730800.0,3802400.0,3747000.0,30100.0,0.81,2018/09/12,1397/06/21,2018-09-12
3751600.0,3747000.0,3765400.0,3752700.0,5700.0,0.15,2018/09/13,1397/06/22,2018-09-13
3924700.0,3837000.0,3977800.0,3917800.0,165100.0,4.4,2018/09/15,1397/06/24,2018-09-15
3924700.0,3894700.0,3947800.0,3943200.0,25400.0,0.65,2018/09/16,1397/06/25,2018-09-16
4007800.0,4003200.0,4024000.0,4021700.0,78500.0,1.99,2018/09/17,1397/06/26,2018-09-17
4018790.0,4018790.0,4018790.0,4018790.0,2910.0,0.07,2018/09/18,1397/06/27,2018-09-18
4007800.0,3991700.0,4231800.0,4196000.0,177210.0,4.41,2018/09/22,1397/06/31,2018-09-22
4273300.0,4254900.0,4591900.0,4522700.0,326700.0,7.79,2018/09/23,1397/07/01,2018-09-23
4485700.0,4363400.0,4903600.0,4899000.0,376300.0,8.32,2018/09/24,1397/07/02,2018-09-24
4795100.0,4795100.0,5577700.0,5490000.0,591000.0,12.06,2018/09/25,1397/07/03,2018-09-25
5217600.0,4656600.0,5309900.0,4889700.0,600300.0,12.28,2018/09/26,1397/07/04,2018-09-26
4885970.0,4885970.0,4885970.0,4885970.0,3730.0,0.08,2018/09/27,1397/07/05,2018-09-27
4882810.0,4755800.0,4990200.0,4815900.0,70070.0,1.45,2018/09/29,1397/07/07,2018-09-29
4778900.0,4259500.0,4848200.0,4259500.0,556400.0,13.06,2018/09/30,1397/07/08,2018-09-30
3624600.0,3624600.0,3624600.0,3624600.0,634900.0,17.52,2018/10/01,1397/07/09,2018-10-01
4074800.0,4030900.0,4088600.0,4030900.0,406300.0,11.21,2018/10/02,1397/07/10,2018-10-02
3783167.0,3735593.0,3820242.0,3768378.0,3632.0,0.1,2018/10/03,1397/07/11,2018-10-03
3534600.0,3509200.0,3779300.0,3779300.0,10922.0,0.29,2018/10/06,1397/07/14,2018-10-06
4086300.0,3901600.0,4097900.0,4063200.0,283900.0,7.51,2018/10/07,1397/07/15,2018-10-07
4109400.0,4109400.0,4363400.0,4236400.0,173200.0,4.26,2018/10/08,1397/07/16,2018-10-08
4305700.0,4167100.0,4414200.0,4241000.0,4600.0,0.11,2018/10/09,1397/07/17,2018-10-09
4237895.0,4164090.0,4249430.0,4226360.0,14640.0,0.35,2018/10/10,1397/07/18,2018-10-10
4226360.0,4226360.0,4226360.0,4226360.0,,,2018/10/11,1397/07/19,2018-10-11
4106241.0,4023306.0,4179332.0,4096219.0,14831.0,0.36,2018/10/13,1397/07/21,2018-10-13
4105928.0,4024441.0,4166695.0,4097792.0,1573.0,0.04,2018/10/14,1397/07/22,2018-10-14
4106093.0,4057040.0,4145100.0,4098021.0,229.0,0.01,2018/10/15,1397/07/23,2018-10-15
4105280.0,4053390.0,4122580.0,4087980.0,10041.0,0.25,2018/10/17,1397/07/25,2018-10-17
4087980.0,4087980.0,4087980.0,4087980.0,,,2018/10/18,1397/07/26,2018-10-18
3933460.0,3933460.0,3933460.0,3933460.0,154520.0,3.93,2018/10/20,1397/07/28,2018-10-20
4096050.0,4058000.0,4117960.0,4074140.0,140680.0,3.58,2018/10/21,1397/07/29,2018-10-21
4064920.0,4021100.0,4078760.0,4051080.0,23060.0,0.57,2018/10/22,1397/07/30,2018-10-22
4031480.0,4002650.0,4053390.0,4009570.0,41510.0,1.04,2018/10/23,1397/08/01,2018-10-23
4147033.0,4082339.0,4229848.0,4205457.0,170517.0,4.23,2018/10/24,1397/08/02,2018-10-24
4081419.0,4007953.0,4152905.0,4081480.0,123977.0,3.04,2018/10/26,1397/08/04,2018-10-26
4113343.0,4045472.0,4225072.0,4179516.0,98036.0,2.4,2018/10/27,1397/08/05,2018-10-27
4138750.0,4054798.0,4166893.0,4081738.0,97778.0,2.4,2018/10/28,1397/08/06,2018-10-28
4183786.0,4115508.0,4270390.0,4159600.0,77862.0,1.91,2018/10/30,1397/08/08,2018-10-30
4187711.0,4037918.0,4240894.0,4068432.0,91168.0,2.24,2018/10/31,1397/08/09,2018-10-31
4140676.0,4047600.0,4208583.0,4076544.0,8112.0,0.2,2018/11/02,1397/08/11,2018-11-02
4070494.0,4049327.0,4260704.0,4210598.0,134054.0,3.29,2018/11/03,1397/08/12,2018-11-03
4044109.0,3989917.0,4144244.0,4115845.0,94753.0,2.3,2018/11/04,1397/08/13,2018-11-04
4085270.0,4026033.0,4198192.0,4113052.0,2793.0,0.07,2018/11/05,1397/08/14,2018-11-05
4104800.0,4081700.0,4118700.0,4081700.0,31352.0,0.77,2018/11/10,1397/08/19,2018-11-10
4040200.0,3984700.0,4079400.0,3984700.0,97000.0,2.43,2018/11/11,1397/08/20,2018-11-11
3994000.0,3848500.0,3994000.0,3860100.0,124600.0,3.23,2018/11/12,1397/08/21,2018-11-12
3855500.0,3636100.0,3855500.0,3638500.0,221600.0,6.09,2018/11/13,1397/08/22,2018-11-13
3525090.0,3467270.0,3754720.0,3730110.0,290210.0,8.44,2018/11/14,1397/08/23,2018-11-14
3548360.0,3482710.0,3722940.0,3695230.0,34880.0,0.94,2018/11/16,1397/08/25,2018-11-16
3581790.0,3552410.0,3762700.0,3739150.0,43920.0,1.19,2018/11/17,1397/08/26,2018-11-17
3583510.0,3515420.0,3756980.0,3680790.0,58360.0,1.59,2018/11/18,1397/08/27,2018-11-18
3601470.0,3568690.0,3802850.0,3728290.0,47500.0,1.29,2018/11/19,1397/08/28,2018-11-19
3585780.0,3563180.0,3786780.0,3716540.0,11750.0,0.32,2018/11/20,1397/08/29,2018-11-20
3544860.0,3499130.0,3707160.0,3684690.0,31850.0,0.86,2018/11/21,1397/08/30,2018-11-21
3578150.0,3551670.0,3680260.0,3647800.0,36890.0,1.01,2018/11/23,1397/09/02,2018-11-23
3548400.0,3513200.0,3569200.0,3518400.0,129400.0,3.68,2018/11/26,1397/09/05,2018-11-26
3453800.0,3312900.0,3453800.0,3324500.0,193900.0,5.83,2018/11/27,1397/09/06,2018-11-27
3241670.0,3197900.0,3400380.0,3336650.0,13550.0,0.41,2018/11/28,1397/09/07,2018-11-28
3490500.0,3421200.0,3569200.0,3569200.0,232550.0,6.97,2018/12/01,1397/09/10,2018-12-01
3555300.0,3373000.0,3555300.0,3403000.0,166200.0,4.88,2018/12/02,1397/09/11,2018-12-02
3405300.0,3336000.0,3423700.0,3396000.0,7000.0,0.21,2018/12/03,1397/09/12,2018-12-03
3391400.0,3363700.0,3391400.0,3386800.0,9200.0,0.27,2018/12/04,1397/09/13,2018-12-04
3385690.0,3316960.0,3452850.0,3387140.0,2640.0,0.08,2018/12/05,1397/09/14,2018-12-05
3458400.0,3375300.0,3458400.0,3384500.0,2640.0,0.08,2018/12/08,1397/09/17,2018-12-08
3301170.0,3117050.0,3357280.0,3173220.0,70480.0,2.22,2018/12/09,1397/09/18,2018-12-09
3169800.0,3169800.0,3169800.0,3169800.0,3420.0,0.11,2018/12/11,1397/09/20,2018-12-11
3218580.0,3078950.0,3237890.0,3097230.0,54070.0,1.75,2018/12/12,1397/09/21,2018-12-12
3024300.0,2987400.0,3056700.0,3035900.0,61330.0,2.02,2018/12/15,1397/09/24,2018-12-15
3089000.0,3008200.0,3095900.0,3010500.0,25400.0,0.84,2018/12/16,1397/09/25,2018-12-16
3008200.0,2992000.0,3059000.0,3059000.0,48500.0,1.61,2018/12/17,1397/09/26,2018-12-17
3079800.0,3019700.0,3079800.0,3047400.0,11600.0,0.38,2018/12/18,1397/09/27,2018-12-18
3022780.0,2975320.0,3055970.0,3030820.0,4120.0,0.14,2018/12/19,1397/09/28,2018-12-19
3052100.0,3049700.0,3086700.0,3063600.0,32780.0,1.08,2018/12/22,1397/10/01,2018-12-22
3086700.0,3086700.0,3139800.0,3139800.0,76200.0,2.49,2018/12/23,1397/10/02,2018-12-23
3213700.0,3213700.0,3386800.0,3386800.0,247000.0,7.87,2018/12/24,1397/10/03,2018-12-24
3617700.0,3289800.0,3640800.0,3398400.0,11600.0,0.34,2018/12/25,1397/10/04,2018-12-25
3293000.0,3167310.0,3347000.0,3219470.0,70330.0,2.18,2018/12/26,1397/10/05,2018-12-26
3222900.0,3222900.0,3382200.0,3354500.0,135030.0,4.19,2018/12/29,1397/10/08,2018-12-29
3396000.0,3356800.0,3416800.0,3391400.0,36900.0,1.1,2018/12/30,1397/10/09,2018-12-30
3393700.0,3296800.0,3396000.0,3317500.0,73900.0,2.23,2018/12/31,1397/10/10,2018-12-31
3301400.0,3280600.0,3328400.0,3312900.0,4600.0,0.14,2019/01/01,1397/10/11,2019-01-01
3361310.0,3293670.0,3407690.0,3330310.0,19290.0,0.58,2019/01/02,1397/10/12,2019-01-02
3310000.0,3310000.0,3370600.0,3370600.0,40290.0,1.21,2019/01/05,1397/10/15,2019-01-05
3377600.0,3377600.0,3449100.0,3446800.0,76200.0,2.26,2019/01/06,1397/10/16,2019-01-06
3412200.0,3398400.0,3446800.0,3423700.0,23100.0,0.67,2019/01/07,1397/10/17,2019-01-07
3420000.0,3400700.0,3444500.0,3444500.0,20800.0,0.61,2019/01/08,1397/10/18,2019-01-08
3505710.0,3475910.0,3563630.0,3538510.0,40910.0,1.17,2019/01/09,1397/10/19,2019-01-09
3608400.0,3476800.0,3647700.0,3497600.0,40910.0,1.17,2019/01/12,1397/10/22,2019-01-12
3456100.0,3456100.0,3555300.0,3532300.0,34700.0,0.99,2019/01/13,1397/10/23,2019-01-13
3566900.0,3472700.0,3580000.0,3573000.0,40700.0,1.15,2019/01/14,1397/10/24,2019-01-14
3568000.0,3555300.0,3613100.0,3610700.0,37700.0,1.06,2019/01/15,1397/10/25,2019-01-15
3615374.0,3595489.0,3673001.0,3617651.0,2291.0,0.06,2019/01/16,1397/10/26,2019-01-16
3610000.0,3610000.0,3617700.0,3617700.0,49.0,,2019/01/19,1397/10/29,2019-01-19
3682300.0,3670800.0,3723900.0,3696200.0,78500.0,2.17,2019/01/20,1397/10/30,2019-01-20
3684600.0,3560000.0,3733100.0,3659200.0,37000.0,1.01,2019/01/21,1397/11/01,2019-01-21
3682300.0,3638400.0,3696200.0,3638400.0,20800.0,0.57,2019/01/22,1397/11/02,2019-01-22
3703360.0,3655860.0,3772240.0,3699150.0,42250.0,1.16,2019/01/23,1397/11/03,2019-01-23
3735400.0,3721600.0,3735400.0,3733100.0,33950.0,0.92,2019/01/26,1397/11/06,2019-01-26
3700800.0,3700800.0,3733100.0,3728500.0,4600.0,0.12,2019/01/27,1397/11/07,2019-01-27
3758500.0,3758500.0,3790800.0,3772300.0,43800.0,1.17,2019/01/28,1397/11/08,2019-01-28
3790800.0,3756200.0,3795400.0,3758500.0,13800.0,0.37,2019/01/29,1397/11/09,2019-01-29
3706890.0,3632790.0,3783250.0,3697880.0,32920.0,0.89,2019/01/30,1397/11/10,2019-01-30
3539200.0,3539200.0,3636100.0,3636100.0,61780.0,1.7,2019/02/02,1397/11/13,2019-02-02
3647700.0,3636100.0,3659200.0,3647700.0,11600.0,0.32,2019/02/03,1397/11/14,2019-02-03
3640800.0,3640800.0,3721600.0,3716900.0,69200.0,1.9,2019/02/04,1397/11/15,2019-02-04
3715000.0,3705400.0,3730000.0,3705400.0,11500.0,0.31,2019/02/05,1397/11/16,2019-02-05
3716900.0,3659940.0,3786030.0,3706650.0,31250.0,0.85,2019/02/06,1397/11/17,2019-02-06
3725420.0,3705300.0,3836200.0,3776910.0,70260.0,1.9,2019/02/09,1397/11/20,2019-02-09
3830100.0,3802400.0,3832400.0,3818500.0,41590.0,1.1,2019/02/12,1397/11/23,2019-02-12
3808640.0,3757980.0,3925150.0,3849700.0,63500.0,1.68,2019/02/13,1397/11/24,2019-02-13
3917800.0,3917800.0,3961700.0,3940900.0,91200.0,2.37,2019/02/16,1397/11/27,2019-02-16
3994000.0,3994000.0,4183300.0,4151000.0,210100.0,5.33,2019/02/17,1397/11/28,2019-02-17
4146400.0,4089800.0,4266400.0,4221400.0,70400.0,1.7,2019/02/18,1397/11/29,2019-02-18
4232900.0,4232900.0,4401500.0,4389900.0,168500.0,3.99,2019/02/19,1397/11/30,2019-02-19
4319460.0,4211180.0,4345800.0,4285760.0,47060.0,1.11,2019/02/20,1397/12/01,2019-02-20
4448800.0,4231800.0,4485700.0,4368000.0,82240.0,1.92,2019/02/23,1397/12/04,2019-02-23
4328700.0,4217900.0,4418800.0,4227200.0,140800.0,3.33,2019/02/24,1397/12/05,2019-02-24
4321800.0,4236400.0,4358700.0,4326400.0,99200.0,2.35,2019/02/25,1397/12/06,2019-02-25
4310300.0,4271000.0,4312600.0,4284900.0,41500.0,0.97,2019/02/26,1397/12/07,2019-02-26
4279240.0,4213390.0,4365250.0,4265000.0,3700.0,0.09,2019/02/27,1397/12/08,2019-02-27
4243300.0,4065500.0,4243300.0,4097900.0,167100.0,4.08,2019/03/02,1397/12/11,2019-03-02
4084000.0,3970900.0,4084000.0,4017100.0,80800.0,2.01,2019/03/03,1397/12/12,2019-03-03
4012400.0,4012400.0,4197100.0,4176400.0,159300.0,3.97,2019/03/04,1397/12/13,2019-03-04
4222500.0,4104800.0,4287200.0,4130200.0,46200.0,1.12,2019/03/05,1397/12/14,2019-03-05
4130780.0,4062620.0,4199050.0,4159130.0,42830.0,1.04,2019/03/06,1397/12/15,2019-03-06
4199500.0,4155600.0,4201800.0,4178000.0,18870.0,0.45,2019/03/09,1397/12/18,2019-03-09
4171700.0,4088600.0,4171700.0,4107100.0,70900.0,1.73,2019/03/10,1397/12/19,2019-03-10
4093300.0,4065500.0,4111700.0,4086300.0,20800.0,0.51,2019/03/11,1397/12/20,2019-03-11
4081700.0,4081700.0,4220200.0,4213300.0,127000.0,3.11,2019/03/12,1397/12/21,2019-03-12
4206700.0,4126350.0,4231940.0,4173940.0,27860.0,0.67,2019/03/13,1397/12/22,2019-03-13
4163100.0,4137700.0,4167700.0,4151600.0,22340.0,0.54,2019/03/16,1397/12/25,2019-03-16
4140000.0,4135400.0,4181000.0,4160200.0,8600.0,0.21,2019/03/17,1397/12/26,2019-03-17
4182570.0,4145340.0,4326890.0,4288300.0,10400.0,0.24,2019/03/18,1397/12/27,2019-03-18
4283000.0,4276000.0,4289000.0,4280000.0,8300.0,0.19,2019/03/25,1398/01/05,2019-03-25
4289000.0,4276000.0,4336000.0,4331000.0,51000.0,1.19,2019/03/26,1398/01/06,2019-03-26
4315900.0,4283500.0,4381900.0,4328300.0,700.0,0.02,2019/03/27,1398/01/07,2019-03-27
4279400.0,4216900.0,4336700.0,4283200.0,1800.0,0.04,2019/03/30,1398/01/10,2019-03-30
4283200.0,4250200.0,4383000.0,4315300.0,32100.0,0.75,2019/04/03,1398/01/14,2019-04-03
4340000.0,4308000.0,4389000.0,4380000.0,64700.0,1.5,2019/04/06,1398/01/17,2019-04-06
4389000.0,4253000.0,4569000.0,4518000.0,138000.0,3.15,2019/04/07,1398/01/18,2019-04-07
4523000.0,4446000.0,4839000.0,4567000.0,49000.0,1.08,2019/04/08,1398/01/19,2019-04-08
4569000.0,4317000.0,4573000.0,4419000.0,148000.0,3.35,2019/04/09,1398/01/20,2019-04-09
4423300.0,4340500.0,4506400.0,4371600.0,51400.0,1.18,2019/04/10,1398/01/21,2019-04-10
4356000.0,4280000.0,4382000.0,4356000.0,15600.0,0.36,2019/04/13,1398/01/24,2019-04-13
4361000.0,4359000.0,4453000.0,4403000.0,47000.0,1.08,2019/04/14,1398/01/25,2019-04-14
4412000.0,4213000.0,4412000.0,4243000.0,160000.0,3.77,2019/04/15,1398/01/26,2019-04-15
4241000.0,4241000.0,4340000.0,4301000.0,58000.0,1.37,2019/04/16,1398/01/27,2019-04-16
4293700.0,4222400.0,4383000.0,4286800.0,200.0,,2019/04/17,1398/01/28,2019-04-17
4299000.0,4261500.0,4421600.0,4376100.0,89300.0,2.08,2019/04/19,1398/01/30,2019-04-19
4373000.0,4320000.0,4391000.0,4382000.0,5900.0,0.13,2019/04/22,1398/02/02,2019-04-22
4343000.0,4324000.0,4405000.0,4393000.0,11000.0,0.25,2019/04/23,1398/02/03,2019-04-23
4404800.0,4319200.0,4473900.0,4396200.0,5200.0,0.12,2019/04/24,1398/02/04,2019-04-24
4456000.0,4440000.0,4490000.0,4460000.0,63800.0,1.45,2019/04/27,1398/02/07,2019-04-27
4456000.0,4444000.0,4481000.0,4446000.0,14000.0,0.31,2019/04/28,1398/02/08,2019-04-28
4440000.0,4426000.0,4470000.0,4435000.0,11000.0,0.25,2019/04/29,1398/02/09,2019-04-29
4490000.0,4426000.0,4527000.0,4509000.0,74000.0,1.67,2019/04/30,1398/02/10,2019-04-30
4509800.0,4482200.0,4581100.0,4550200.0,7200.0,0.16,2019/05/01,1398/02/11,2019-05-01
4576000.0,4541000.0,4694000.0,4567000.0,16800.0,0.37,2019/05/04,1398/02/14,2019-05-04
4562000.0,4560000.0,4661000.0,4661000.0,94000.0,2.06,2019/05/05,1398/02/15,2019-05-05
4682000.0,4633000.0,4710000.0,4650000.0,11000.0,0.24,2019/05/06,1398/02/16,2019-05-06
4659000.0,4647000.0,4742000.0,4703000.0,53000.0,1.14,2019/05/07,1398/02/17,2019-05-07
4732000.0,4677400.0,4815700.0,4708500.0,12500.0,0.27,2019/05/08,1398/02/18,2019-05-08
4592000.0,4493000.0,4597000.0,4523000.0,185500.0,4.1,2019/05/11,1398/02/21,2019-05-11
4527000.0,4527000.0,4613000.0,4585000.0,62000.0,1.37,2019/05/12,1398/02/22,2019-05-12
4599000.0,4594000.0,4647000.0,4647000.0,62000.0,1.35,2019/05/13,1398/02/23,2019-05-13
4643000.0,4543000.0,4643000.0,4578000.0,69000.0,1.51,2019/05/14,1398/02/24,2019-05-14
4513600.0,4463700.0,4536600.0,4495700.0,22300.0,0.5,2019/05/15,1398/02/25,2019-05-15
4444000.0,4310000.0,4470000.0,4338000.0,157700.0,3.64,2019/05/18,1398/02/28,2019-05-18
4345000.0,4091000.0,4356000.0,4181000.0,157000.0,3.76,2019/05/19,1398/02/29,2019-05-19
4144000.0,4105000.0,4294000.0,4246000.0,65000.0,1.55,2019/05/20,1398/02/30,2019-05-20
4241000.0,4241000.0,4403000.0,4403000.0,157000.0,3.7,2019/05/21,1398/02/31,2019-05-21
4307500.0,4195200.0,4343600.0,4280900.0,2900.0,0.07,2019/05/22,1398/03/01,2019-05-22
4293300.0,4228500.0,4368800.0,4290800.0,40200.0,0.94,2019/05/25,1398/03/04,2019-05-25
4199000.0,4056000.0,4202000.0,4190000.0,100800.0,2.41,2019/05/28,1398/03/07,2019-05-28
4205700.0,4147400.0,4231700.0,4198200.0,5200.0,0.12,2019/05/29,1398/03/08,2019-05-29
4176000.0,4082000.0,4384000.0,4119000.0,79200.0,1.92,2019/06/01,1398/03/11,2019-06-01
4117300.0,4058400.0,4141100.0,4116900.0,900.0,0.02,2019/06/02,1398/03/12,2019-06-02
4126000.0,4054000.0,4126000.0,4093000.0,23900.0,0.58,2019/06/08,1398/03/18,2019-06-08
4084000.0,4066000.0,4158000.0,4151000.0,58000.0,1.42,2019/06/09,1398/03/19,2019-06-09
4139000.0,4086000.0,4146000.0,4121000.0,30000.0,0.73,2019/06/10,1398/03/20,2019-06-10
4116000.0,4096000.0,4153000.0,4142000.0,21000.0,0.51,2019/06/11,1398/03/21,2019-06-11
4169300.0,4145100.0,4298700.0,4246100.0,70100.0,1.68,2019/06/12,1398/03/22,2019-06-12
4320000.0,4320000.0,4389000.0,4352000.0,105900.0,2.49,2019/06/15,1398/03/25,2019-06-15
4340000.0,4283000.0,4345000.0,4289000.0,63000.0,1.47,2019/06/16,1398/03/26,2019-06-16
4285000.0,4232000.0,4317000.0,4250000.0,39000.0,0.92,2019/06/17,1398/03/27,2019-06-17
4257000.0,4229000.0,4299000.0,4285000.0,35000.0,0.82,2019/06/18,1398/03/28,2019-06-18
4301500.0,4249800.0,4399800.0,4348500.0,12500.0,0.29,2019/06/19,1398/03/29,2019-06-19
4306000.0,4271000.0,4393000.0,4382000.0,33500.0,0.77,2019/06/22,1398/04/01,2019-06-22
4412000.0,4380000.0,4423000.0,4396000.0,14000.0,0.32,2019/06/23,1398/04/02,2019-06-23
4407000.0,4389000.0,4423000.0,4398000.0,2000.0,0.05,2019/06/24,1398/04/03,2019-06-24
4400000.0,4345000.0,4400000.0,4370000.0,28000.0,0.64,2019/06/25,1398/04/04,2019-06-25
4359000.0,4300100.0,4397300.0,4337900.0,25100.0,0.58,2019/06/26,1398/04/05,2019-06-26
4292000.0,4241000.0,4301000.0,4283000.0,54900.0,1.28,2019/06/30,1398/04/09,2019-06-30
4273000.0,4239000.0,4289000.0,4269000.0,14000.0,0.33,2019/07/01,1398/04/10,2019-07-01
4264000.0,4264000.0,4347000.0,4329000.0,60000.0,1.41,2019/07/02,1398/04/11,2019-07-02
4327900.0,4263400.0,4439300.0,4375900.0,900.0,0.02,2019/07/03,1398/04/12,2019-07-03
4375000.0,4303000.0,4380000.0,4331000.0,44900.0,1.04,2019/07/06,1398/04/15,2019-07-06
4326000.0,4289000.0,4331000.0,4299000.0,32000.0,0.74,2019/07/07,1398/04/16,2019-07-07
4292000.0,4271000.0,4313000.0,4285000.0,14000.0,0.33,2019/07/08,1398/04/17,2019-07-08
4287000.0,4287000.0,4313000.0,4301000.0,16000.0,0.37,2019/07/09,1398/04/18,2019-07-09
4292200.0,4227700.0,4354800.0,4292100.0,6900.0,0.16,2019/07/10,1398/04/19,2019-07-10
4211000.0,4163000.0,4223000.0,4176000.0,116100.0,2.78,2019/07/13,1398/04/22,2019-07-13
4183000.0,4084000.0,4331000.0,4098000.0,78000.0,1.9,2019/07/14,1398/04/23,2019-07-14
4093000.0,3915000.0,4278000.0,3948000.0,150000.0,3.8,2019/07/15,1398/04/24,2019-07-15
3943000.0,3715000.0,4010000.0,3952000.0,4000.0,0.1,2019/07/16,1398/04/25,2019-07-16
3942100.0,3916100.0,4000800.0,3937400.0,5400.0,0.14,2019/07/17,1398/04/26,2019-07-17
3989000.0,3989000.0,4121000.0,4026000.0,88600.0,2.25,2019/07/20,1398/04/29,2019-07-20
4024000.0,4003000.0,4269000.0,4084000.0,58000.0,1.44,2019/07/21,1398/04/30,2019-07-21
4075000.0,4075000.0,4220000.0,4172000.0,88000.0,2.15,2019/07/22,1398/04/31,2019-07-22
4169000.0,4017000.0,4169000.0,4033000.0,139000.0,3.45,2019/07/23,1398/05/01,2019-07-23
4020600.0,3938500.0,4127200.0,4075500.0,106500.0,2.68,2019/07/24,1398/05/02,2019-07-24
4139000.0,4022000.0,4186000.0,4047000.0,28500.0,0.7,2019/07/27,1398/05/05,2019-07-27
4054000.0,4031000.0,4105000.0,4082000.0,35000.0,0.86,2019/07/28,1398/05/06,2019-07-28
4084000.0,4066000.0,4112000.0,4084000.0,2000.0,0.05,2019/07/29,1398/05/07,2019-07-29
4089000.0,4015000.0,4089000.0,4031000.0,53000.0,1.31,2019/07/30,1398/05/08,2019-07-30
4047400.0,3990300.0,4107500.0,4058400.0,9400.0,0.23,2019/07/31,1398/05/09,2019-07-31
4049000.0,4040000.0,4089000.0,4075000.0,16600.0,0.41,2019/08/03,1398/05/12,2019-08-03
4079000.0,4079000.0,4169000.0,4142000.0,67000.0,1.64,2019/08/04,1398/05/13,2019-08-04
4144000.0,4123000.0,4165000.0,4144000.0,2000.0,0.05,2019/08/05,1398/05/14,2019-08-05
4139000.0,4139000.0,4218000.0,4211000.0,67000.0,1.62,2019/08/06,1398/05/15,2019-08-06
4192000.0,4069500.0,4239700.0,4146700.0,34300.0,0.83,2019/08/07,1398/05/16,2019-08-07
4127600.0,4059900.0,4186600.0,4160000.0,55000.0,1.34,2019/08/10,1398/05/19,2019-08-10
4160000.0,4105000.0,4356000.0,4156000.0,4000.0,0.1,2019/08/13,1398/05/22,2019-08-13
4155000.0,4133000.0,4248000.0,4167000.0,7000.0,0.17,2019/08/14,1398/05/23,2019-08-14
4202000.0,4167000.0,4202000.0,4172000.0,5000.0,0.12,2019/08/17,1398/05/26,2019-08-17
4161200.0,4091300.0,4232300.0,4149000.0,5000.0,0.12,2019/08/18,1398/05/27,2019-08-18
4139600.0,4070800.0,4214000.0,4168600.0,33600.0,0.81,2019/08/21,1398/05/30,2019-08-21
4174000.0,4100000.0,4181000.0,4119000.0,49600.0,1.2,2019/08/24,1398/06/02,2019-08-24
4151000.0,4036000.0,4158000.0,4036000.0,83000.0,2.06,2019/08/25,1398/06/03,2019-08-25
4040000.0,4008000.0,4241000.0,4079000.0,43000.0,1.07,2019/08/26,1398/06/04,2019-08-26
4084000.0,4052000.0,4096000.0,4077000.0,2000.0,0.05,2019/08/27,1398/06/05,2019-08-27
4075400.0,4017900.0,4199700.0,4117800.0,26800.0,0.66,2019/08/28,1398/06/06,2019-08-28
4128000.0,4086000.0,4139000.0,4112000.0,5800.0,0.14,2019/08/31,1398/06/09,2019-08-31
4107000.0,4079000.0,4123000.0,4119000.0,7000.0,0.17,2019/09/01,1398/06/10,2019-09-01
4114000.0,4102000.0,4144000.0,4135000.0,16000.0,0.39,2019/09/02,1398/06/11,2019-09-02
4126000.0,4116000.0,4139000.0,4128000.0,7000.0,0.17,2019/09/03,1398/06/12,2019-09-03
4123700.0,4082000.0,4169100.0,4138100.0,3900.0,0.09,2019/09/04,1398/06/13,2019-09-04
4133200.0,4100100.0,4179000.0,4131600.0,14400.0,0.35,2019/09/07,1398/06/16,2019-09-07
4108800.0,4018000.0,4194600.0,4062700.0,46300.0,1.14,2019/09/11,1398/06/20,2019-09-11
4047000.0,4012000.0,4063000.0,4040000.0,22700.0,0.56,2019/09/14,1398/06/23,2019-09-14
4070000.0,4056000.0,4091000.0,4079000.0,39000.0,0.97,2019/09/15,1398/06/24,2019-09-15
4070000.0,4045000.0,4075000.0,4075000.0,4000.0,0.1,2019/09/16,1398/06/25,2019-09-16
4068000.0,4066000.0,4105000.0,4096000.0,21000.0,0.52,2019/09/17,1398/06/26,2019-09-17
4102900.0,4063200.0,4150900.0,4097300.0,1300.0,0.03,2019/09/18,1398/06/27,2019-09-18
4112000.0,4079000.0,4112000.0,4089000.0,8300.0,0.2,2019/09/21,1398/06/30,2019-09-21
4070000.0,4054000.0,4086000.0,4077000.0,12000.0,0.29,2019/09/22,1398/06/31,2019-09-22
4072000.0,4072000.0,4114000.0,4093000.0,16000.0,0.39,2019/09/23,1398/07/01,2019-09-23
4091000.0,4084000.0,4121000.0,4089000.0,4000.0,0.1,2019/09/24,1398/07/02,2019-09-24
4084900.0,3994500.0,4142900.0,4079400.0,4600.0,0.11,2019/09/25,1398/07/03,2019-09-25
4072000.0,4070000.0,4098000.0,4098000.0,18600.0,0.46,2019/09/28,1398/07/06,2019-09-28
4096000.0,4072000.0,4114000.0,4082000.0,16000.0,0.39,2019/09/29,1398/07/07,2019-09-29
4077000.0,3585000.0,4077000.0,4056000.0,26000.0,0.64,2019/09/30,1398/07/08,2019-09-30
4059000.0,4052000.0,4096000.0,4084000.0,28000.0,0.69,2019/10/01,1398/07/09,2019-10-01
4080800.0,4013000.0,4172800.0,4092200.0,800.0,0.02,2019/10/02,1398/07/10,2019-10-02
4082000.0,4066000.0,4082000.0,4075000.0,17200.0,0.42,2019/10/05,1398/07/13,2019-10-05
4079000.0,4068000.0,4084000.0,4077000.0,2000.0,0.05,2019/10/06,1398/07/14,2019-10-06
4075000.0,4068000.0,4091000.0,4084000.0,7000.0,0.17,2019/10/07,1398/07/15,2019-10-07
4079000.0,4072000.0,4093000.0,4082000.0,2000.0,0.05,2019/10/08,1398/07/16,2019-10-08
4081500.0,4001100.0,4130800.0,4062900.0,23100.0,0.57,2019/10/09,1398/07/17,2019-10-09
4063000.0,4026000.0,4063000.0,4049000.0,13900.0,0.34,2019/10/12,1398/07/20,2019-10-12
4052000.0,4045000.0,4056000.0,4052000.0,3000.0,0.07,2019/10/13,1398/07/21,2019-10-13
4049000.0,4049000.0,4066000.0,4061000.0,9000.0,0.22,2019/10/14,1398/07/22,2019-10-14
4066000.0,4045000.0,4066000.0,4049000.0,12000.0,0.3,2019/10/15,1398/07/23,2019-10-15
4045000.0,3962100.0,4125000.0,4037700.0,11300.0,0.28,2019/10/16,1398/07/24,2019-10-16
4040000.0,4029000.0,4042000.0,4031000.0,6700.0,0.17,2019/10/20,1398/07/28,2019-10-20
4024000.0,4006000.0,4031000.0,4010000.0,21000.0,0.52,2019/10/21,1398/07/29,2019-10-21
4006000.0,3952000.0,4010000.0,3959000.0,51000.0,1.29,2019/10/22,1398/07/30,2019-10-22
3943500.0,3891000.0,3966400.0,3943600.0,9600.0,0.24,2019/10/23,1398/08/01,2019-10-23
3982600.0,3900500.0,4044200.0,3995500.0,51900.0,1.32,2019/10/25,1398/08/03,2019-10-25
3989100.0,3929600.0,4076900.0,3995400.0,100.0,,2019/10/27,1398/08/05,2019-10-27
4015800.0,3957500.0,4103200.0,4032300.0,8300.0,0.21,2019/10/30,1398/08/08,2019-10-30
4119000.0,4059000.0,4121000.0,4070000.0,37700.0,0.93,2019/11/02,1398/08/11,2019-11-02
4068000.0,4054000.0,4084000.0,4066000.0,4000.0,0.1,2019/11/03,1398/08/12,2019-11-03
4079300.0,4052700.0,4110000.0,4080300.0,1700.0,0.04,2019/11/04,1398/08/13,2019-11-04
4035200.0,3958100.0,4087400.0,4047800.0,32500.0,0.8,2019/11/06,1398/08/15,2019-11-06
4040000.0,4033000.0,4077000.0,4068000.0,20200.0,0.5,2019/11/09,1398/08/18,2019-11-09
4082000.0,4049000.0,4093000.0,4063000.0,5000.0,0.12,2019/11/10,1398/08/19,2019-11-10
4059000.0,4047000.0,4077000.0,4070000.0,7000.0,0.17,2019/11/11,1398/08/20,2019-11-11
4102000.0,4084000.0,4123000.0,4119000.0,49000.0,1.2,2019/11/12,1398/08/21,2019-11-12
4115200.0,4067000.0,4178000.0,4140800.0,24800.0,0.6,2019/11/13,1398/08/22,2019-11-13
4259000.0,4259000.0,4264000.0,4259000.0,118200.0,2.85,2019/11/16,1398/08/25,2019-11-16
4264000.0,4259000.0,4264000.0,4264000.0,5000.0,0.12,2019/11/17,1398/08/26,2019-11-17
4259000.0,4225000.0,4264000.0,4225000.0,39000.0,0.92,2019/11/18,1398/08/27,2019-11-18
4229000.0,4225000.0,4241000.0,4234000.0,9000.0,0.21,2019/11/19,1398/08/28,2019-11-19
4233200.0,4193700.0,4310600.0,4230100.0,8900.0,0.21,2019/11/20,1398/08/29,2019-11-20
4213000.0,4213000.0,4283000.0,4236000.0,5900.0,0.14,2019/11/23,1398/09/02,2019-11-23
4241000.0,4241000.0,4303000.0,4287000.0,51000.0,1.2,2019/11/24,1398/09/03,2019-11-24
4289000.0,4241000.0,4296000.0,4257000.0,30000.0,0.7,2019/11/25,1398/09/04,2019-11-25
4262000.0,4241000.0,4324000.0,4313000.0,56000.0,1.32,2019/11/26,1398/09/05,2019-11-26
4344400.0,4307000.0,4419900.0,4353800.0,1800.0,0.04,2019/11/27,1398/09/06,2019-11-27
4350000.0,4345000.0,4458000.0,4428000.0,74200.0,1.7,2019/11/30,1398/09/09,2019-11-30
4426000.0,4386000.0,4467000.0,4414000.0,14000.0,0.32,2019/12/01,1398/09/10,2019-12-01
4426000.0,4389000.0,4460000.0,4453000.0,39000.0,0.88,2019/12/02,1398/09/11,2019-12-02
4458000.0,4458000.0,4518000.0,4500000.0,47000.0,1.06,2019/12/03,1398/09/12,2019-12-03
4506600.0,4462400.0,4624800.0,4579500.0,31500.0,0.69,2019/12/04,1398/09/13,2019-12-04
4608000.0,4608000.0,4687000.0,4668000.0,88500.0,1.93,2019/12/07,1398/09/16,2019-12-07
4698000.0,4661000.0,4777000.0,4765000.0,97000.0,2.08,2019/12/08,1398/09/17,2019-12-08
4772000.0,4631000.0,4885000.0,4638000.0,127000.0,2.74,2019/12/09,1398/09/18,2019-12-09
4633000.0,4555000.0,4684000.0,4576000.0,62000.0,1.35,2019/12/10,1398/09/19,2019-12-10
4534300.0,4359900.0,4569200.0,4390200.0,104800.0,2.39,2019/12/11,1398/09/20,2019-12-11
4373000.0,4345000.0,4495000.0,4474000.0,83800.0,1.91,2019/12/14,1398/09/23,2019-12-14
4476000.0,4419000.0,4557000.0,4532000.0,58000.0,1.3,2019/12/15,1398/09/24,2019-12-15
4486000.0,4476000.0,4585000.0,4585000.0,53000.0,1.17,2019/12/16,1398/09/25,2019-12-16
4590000.0,4486000.0,4594000.0,4511000.0,74000.0,1.64,2019/12/17,1398/09/26,2019-12-17
4543500.0,4506600.0,4688700.0,4630900.0,66900.0,1.47,2019/12/18,1398/09/27,2019-12-18
4645000.0,4583000.0,4700000.0,4613000.0,17900.0,0.39,2019/12/21,1398/09/30,2019-12-21
4610000.0,4564000.0,4659000.0,4638000.0,25000.0,0.54,2019/12/22,1398/10/01,2019-12-22
4640000.0,4599000.0,4684000.0,4638000.0,,,2019/12/23,1398/10/02,2019-12-23
4645000.0,4622000.0,4687000.0,4682000.0,44000.0,0.95,2019/12/24,1398/10/03,2019-12-24
4697100.0,4627100.0,4737800.0,4699300.0,5700.0,0.12,2019/12/25,1398/10/04,2019-12-25
4705000.0,4657000.0,4714000.0,4663000.0,36300.0,0.78,2019/12/28,1398/10/07,2019-12-28
4677000.0,4659000.0,4694000.0,4694000.0,31000.0,0.66,2019/12/29,1398/10/08,2019-12-29
4689000.0,4689000.0,4788000.0,4772000.0,78000.0,1.66,2019/12/30,1398/10/09,2019-12-30
4786000.0,4726000.0,4786000.0,4754000.0,18000.0,0.38,2019/12/31,1398/10/10,2019-12-31
4795000.0,4697600.0,4879100.0,4833700.0,49700.0,1.04,2020/01/01,1398/10/11,2020-01-01
4931000.0,4929000.0,5114000.0,5019000.0,185300.0,3.83,2020/01/04,1398/10/14,2020-01-04
5012000.0,5012000.0,5169000.0,5035000.0,16000.0,0.32,2020/01/05,1398/10/15,2020-01-05
5040000.0,4989000.0,5111000.0,5065000.0,30000.0,0.6,2020/01/06,1398/10/16,2020-01-06
5063000.0,5003000.0,5162000.0,5035000.0,30000.0,0.6,2020/01/07,1398/10/17,2020-01-07
4857400.0,4768900.0,4927800.0,4809800.0,4200.0,0.09,2020/01/08,1398/10/18,2020-01-08
4814000.0,4807000.0,4901000.0,4892000.0,82200.0,1.71,2020/01/11,1398/10/21,2020-01-11
4890000.0,4876000.0,4938000.0,4908000.0,16000.0,0.33,2020/01/12,1398/10/22,2020-01-12
4915000.0,4832000.0,4945000.0,4922000.0,14000.0,0.29,2020/01/13,1398/10/23,2020-01-13
4931000.0,4931000.0,4991000.0,4959000.0,37000.0,0.75,2020/01/14,1398/10/24,2020-01-14
4951300.0,4901800.0,4988900.0,4936400.0,50600.0,1.03,2020/01/15,1398/10/25,2020-01-15
4927000.0,4920000.0,4982000.0,4975000.0,38600.0,0.78,2020/01/18,1398/10/28,2020-01-18
4973000.0,4947000.0,4998000.0,4977000.0,2000.0,0.04,2020/01/19,1398/10/29,2020-01-19
4975000.0,4915000.0,4991000.0,4934000.0,43000.0,0.87,2020/01/20,1398/10/30,2020-01-20
4931000.0,4929000.0,4994000.0,4971000.0,37000.0,0.75,2020/01/21,1398/11/01,2020-01-21
5021600.0,4979600.0,5102900.0,5007700.0,9700.0,0.19,2020/01/22,1398/11/02,2020-01-22
5033000.0,5028000.0,5068000.0,5056000.0,48300.0,0.96,2020/01/25,1398/11/05,2020-01-25
5065000.0,5058000.0,5114000.0,5111000.0,55000.0,1.09,2020/01/26,1398/11/06,2020-01-26
5104000.0,5100000.0,5139000.0,5116000.0,5000.0,0.1,2020/01/27,1398/11/07,2020-01-27
5116000.0,5116000.0,5116000.0,5116000.0,,,2020/01/28,1398/11/08,2020-01-28
5144000.0,5144000.0,5144000.0,5144000.0,28000.0,0.55,2020/01/30,1398/11/10,2020-01-30
5047000.0,5019000.0,5104000.0,5098000.0,46000.0,0.9,2020/02/01,1398/11/12,2020-02-01
5102000.0,5065000.0,5123000.0,5100000.0,2000.0,0.04,2020/02/02,1398/11/13,2020-02-02
5107000.0,5033000.0,5118000.0,5040000.0,60000.0,1.19,2020/02/03,1398/11/14,2020-02-03
5037000.0,5028000.0,5074000.0,5070000.0,30000.0,0.6,2020/02/04,1398/11/15,2020-02-04
5079000.0,5063000.0,5088000.0,5077000.0,7000.0,0.14,2020/02/05,1398/11/16,2020-02-05
5077000.0,5077000.0,5077000.0,5077000.0,,,2020/02/06,1398/11/17,2020-02-06
5160000.0,5151000.0,5185000.0,5169000.0,92000.0,1.81,2020/02/08,1398/11/19,2020-02-08
5171000.0,5171000.0,5204000.0,5192000.0,23000.0,0.44,2020/02/09,1398/11/20,2020-02-09
5192000.0,5192000.0,5192000.0,5192000.0,,,2020/02/10,1398/11/21,2020-02-10
5222000.0,5171000.0,5234000.0,5174000.0,18000.0,0.35,2020/02/12,1398/11/23,2020-02-12
5174000.0,5174000.0,5174000.0,5174000.0,,,2020/02/13,1398/11/24,2020-02-13
5308000.0,5250000.0,5342000.0,5333000.0,159000.0,3.07,2020/02/15,1398/11/26,2020-02-15
5328000.0,5287000.0,5377000.0,5365000.0,32000.0,0.6,2020/02/16,1398/11/27,2020-02-16
5354000.0,5347000.0,5414000.0,5409000.0,44000.0,0.82,2020/02/17,1398/11/28,2020-02-17
5416000.0,5370000.0,5490000.0,5483000.0,74000.0,1.37,2020/02/18,1398/11/29,2020-02-18
5478000.0,5455000.0,5504000.0,5485000.0,2000.0,0.04,2020/02/19,1398/11/30,2020-02-19
5485000.0,5485000.0,5485000.0,5485000.0,,,2020/02/20,1398/12/01,2020-02-20
5977000.0,5912000.0,6224000.0,5986000.0,501000.0,9.13,2020/02/22,1398/12/03,2020-02-22
5991000.0,5991000.0,6319000.0,6286000.0,300000.0,5.01,2020/02/23,1398/12/04,2020-02-23
6243000.0,6162000.0,6365000.0,6289000.0,3000.0,0.05,2020/02/24,1398/12/05,2020-02-24
6284000.0,6178000.0,6305000.0,6250000.0,39000.0,0.62,2020/02/25,1398/12/06,2020-02-25
6245000.0,6155000.0,6326000.0,6208000.0,42000.0,0.68,2020/02/26,1398/12/07,2020-02-26
6208000.0,6208000.0,6208000.0,6208000.0,,,2020/02/27,1398/12/08,2020-02-27
5769000.0,5746000.0,6021000.0,5993000.0,215000.0,3.59,2020/02/29,1398/12/10,2020-02-29
6060000.0,5841000.0,6097000.0,5929000.0,64000.0,1.08,2020/03/01,1398/12/11,2020-03-01
5922000.0,5864000.0,5998000.0,5989000.0,60000.0,1.01,2020/03/02,1398/12/12,2020-03-02
5984000.0,5919000.0,6028000.0,5982000.0,7000.0,0.12,2020/03/03,1398/12/13,2020-03-03
5977000.0,5852000.0,5991000.0,5989000.0,7000.0,0.12,2020/03/04,1398/12/14,2020-03-04
5989000.0,5989000.0,5989000.0,5989000.0,,,2020/03/05,1398/12/15,2020-03-05
6030000.0,6030000.0,6030000.0,6030000.0,41000.0,0.68,2020/03/07,1398/12/17,2020-03-07
6053000.0,6030000.0,6123000.0,6079000.0,49000.0,0.81,2020/03/09,1398/12/19,2020-03-09
6074000.0,5929000.0,6079000.0,5929000.0,150000.0,2.53,2020/03/10,1398/12/20,2020-03-10
5931000.0,5852000.0,5961000.0,5915000.0,14000.0,0.24,2020/03/11,1398/12/21,2020-03-11
5915000.0,5915000.0,5915000.0,5915000.0,,,2020/03/12,1398/12/22,2020-03-12
5820000.0,5804000.0,6007000.0,5975000.0,60000.0,1.01,2020/03/14,1398/12/24,2020-03-14
5989000.0,5882000.0,6171000.0,5889000.0,86000.0,1.46,2020/03/15,1398/12/25,2020-03-15
5899000.0,5882000.0,6153000.0,6095000.0,206000.0,3.5,2020/03/16,1398/12/26,2020-03-16
6083000.0,6014000.0,6127000.0,6026000.0,69000.0,1.15,2020/03/17,1398/12/27,2020-03-17
6026000.0,6026000.0,6026000.0,6026000.0,,,2020/03/18,1398/12/28,2020-03-18
6192000.0,6146000.0,6203000.0,6178000.0,152000.0,2.52,2020/03/24,1399/01/05,2020-03-24
6139000.0,6123000.0,6187000.0,6176000.0,2000.0,0.03,2020/03/25,1399/01/06,2020-03-25
6176000.0,6176000.0,6176000.0,6176000.0,,,2020/03/26,1399/01/07,2020-03-26
6259000.0,6252000.0,6386000.0,6374000.0,198000.0,3.21,2020/03/28,1399/01/09,2020-03-28
6367000.0,6240000.0,6469000.0,6388000.0,14000.0,0.22,2020/03/29,1399/01/10,2020-03-29
6381000.0,6344000.0,6473000.0,6390000.0,2000.0,0.03,2020/03/30,1399/01/11,2020-03-30
6372000.0,6372000.0,6372000.0,6372000.0,18000.0,0.28,2020/04/02,1399/01/14,2020-04-02
6540000.0,6508000.0,6603000.0,6543000.0,171000.0,2.68,2020/04/04,1399/01/16,2020-04-04
6554000.0,6527000.0,6598000.0,6534000.0,9000.0,0.14,2020/04/05,1399/01/17,2020-04-05
6561000.0,6448000.0,6591000.0,6483000.0,51000.0,0.79,2020/04/06,1399/01/18,2020-04-06
6487000.0,6319000.0,6487000.0,6326000.0,157000.0,2.48,2020/04/07,1399/01/19,2020-04-07
6339500.0,6326000.0,6353000.0,6326000.0,,,2020/04/08,1399/01/20,2020-04-08
6490000.0,6427000.0,6520000.0,6437000.0,111000.0,1.75,2020/04/11,1399/01/23,2020-04-11
6434000.0,6367000.0,6448000.0,6411000.0,26000.0,0.41,2020/04/12,1399/01/24,2020-04-12
6409000.0,6370000.0,6446000.0,6400000.0,11000.0,0.17,2020/04/13,1399/01/25,2020-04-13
6402000.0,6353000.0,6411000.0,6363000.0,37000.0,0.58,2020/04/14,1399/01/26,2020-04-14
6365000.0,6263000.0,6365000.0,6291000.0,72000.0,1.14,2020/04/15,1399/01/27,2020-04-15
6291000.0,6291000.0,6291000.0,6291000.0,,,2020/04/16,1399/01/28,2020-04-16
5996000.0,5880000.0,6109000.0,6104000.0,187000.0,3.06,2020/04/18,1399/01/30,2020-04-18
6099000.0,6056000.0,6143000.0,6116000.0,12000.0,0.2,2020/04/19,1399/01/31,2020-04-19
6118000.0,6118000.0,6289000.0,6268000.0,152000.0,2.49,2020/04/20,1399/02/01,2020-04-20
6307000.0,6307000.0,6547000.0,6545000.0,277000.0,4.42,2020/04/21,1399/02/02,2020-04-21
6540000.0,6393000.0,6575000.0,6457000.0,88000.0,1.36,2020/04/22,1399/02/03,2020-04-22
6457000.0,6457000.0,6457000.0,6457000.0,,,2020/04/23,1399/02/04,2020-04-23
6524000.0,6356000.0,6575000.0,6370000.0,87000.0,1.37,2020/04/25,1399/02/06,2020-04-25
6360000.0,6305000.0,6383000.0,6379000.0,9000.0,0.14,2020/04/26,1399/02/07,2020-04-26
6377000.0,6351000.0,6416000.0,6383000.0,4000.0,0.06,2020/04/27,1399/02/08,2020-04-27
6423000.0,6388000.0,6467000.0,6407000.0,24000.0,0.38,2020/04/28,1399/02/09,2020-04-28
6457000.0,6400000.0,6480000.0,6400000.0,7000.0,0.11,2020/04/29,1399/02/10,2020-04-29
6400000.0,6400000.0,6400000.0,6400000.0,,,2020/04/30,1399/02/11,2020-04-30
6347000.0,6333000.0,6409000.0,6393000.0,7000.0,0.11,2020/05/02,1399/02/13,2020-05-02
6402000.0,6400000.0,6480000.0,6460000.0,67000.0,1.05,2020/05/03,1399/02/14,2020-05-03
6457000.0,6416000.0,6476000.0,6453000.0,7000.0,0.11,2020/05/04,1399/02/15,2020-05-04
6499000.0,6469000.0,6529000.0,6480000.0,27000.0,0.42,2020/05/05,1399/02/16,2020-05-05
6487000.0,6487000.0,6529000.0,6517000.0,37000.0,0.57,2020/05/06,1399/02/17,2020-05-06
6517000.0,6517000.0,6517000.0,6517000.0,,,2020/05/07,1399/02/18,2020-05-07
6637000.0,6624000.0,6679000.0,6665000.0,148000.0,2.27,2020/05/09,1399/02/20,2020-05-09
6672000.0,6660000.0,6757000.0,6753000.0,88000.0,1.32,2020/05/10,1399/02/21,2020-05-10
6757000.0,6757000.0,6917000.0,6873000.0,120000.0,1.78,2020/05/11,1399/02/22,2020-05-11
6866000.0,6866000.0,7023000.0,6901000.0,28000.0,0.41,2020/05/12,1399/02/23,2020-05-12
6880000.0,6838000.0,6894000.0,6843000.0,58000.0,0.85,2020/05/13,1399/02/24,2020-05-13
6843000.0,6843000.0,6843000.0,6843000.0,,,2020/05/14,1399/02/25,2020-05-14
7071000.0,7071000.0,7219000.0,7152000.0,309000.0,4.52,2020/05/16,1399/02/27,2020-05-16
7159000.0,7159000.0,7436000.0,7210000.0,58000.0,0.81,2020/05/17,1399/02/28,2020-05-17
7205000.0,7173000.0,7434000.0,7408000.0,198000.0,2.75,2020/05/18,1399/02/29,2020-05-18
7413000.0,7395000.0,7441000.0,7425000.0,17000.0,0.23,2020/05/19,1399/02/30,2020-05-19
7376000.0,7360000.0,7455000.0,7367000.0,58000.0,0.79,2020/05/20,1399/02/31,2020-05-20
7367000.0,7367000.0,7367000.0,7367000.0,,,2020/05/21,1399/03/01,2020-05-21
7293000.0,7293000.0,7293000.0,7293000.0,74000.0,1.01,2020/05/23,1399/03/03,2020-05-23
7104000.0,6921000.0,7138000.0,6974000.0,319000.0,4.57,2020/05/26,1399/03/06,2020-05-26
7101000.0,7048000.0,7205000.0,7196000.0,222000.0,3.18,2020/05/27,1399/03/07,2020-05-27
7196000.0,7196000.0,7196000.0,7196000.0,,,2020/05/28,1399/03/08,2020-05-28
7335000.0,7185000.0,7335000.0,7194000.0,2000.0,0.03,2020/05/30,1399/03/10,2020-05-30
7198000.0,7198000.0,7314000.0,7265000.0,71000.0,0.99,2020/05/31,1399/03/11,2020-05-31
7289200.0,7129500.0,7375900.0,7226400.0,101600.0,1.41,2020/06/01,1399/03/12,2020-06-01
7118000.0,7090000.0,7173000.0,7127000.0,99400.0,1.39,2020/06/06,1399/03/17,2020-06-06
7120000.0,7058000.0,7120000.0,7099000.0,28000.0,0.39,2020/06/07,1399/03/18,2020-06-07
7168000.0,7150000.0,7288000.0,7282000.0,183000.0,2.58,2020/06/08,1399/03/19,2020-06-08
7263000.0,7263000.0,7390000.0,7346000.0,64000.0,0.88,2020/06/09,1399/03/20,2020-06-09
7434000.0,7404000.0,7466000.0,7404000.0,58000.0,0.79,2020/06/10,1399/03/21,2020-06-10
7404000.0,7404000.0,7404000.0,7404000.0,,,2020/06/11,1399/03/22,2020-06-11
7328000.0,7328000.0,7438000.0,7418000.0,14000.0,0.19,2020/06/13,1399/03/24,2020-06-13
7425000.0,7395000.0,7459000.0,7402000.0,16000.0,0.22,2020/06/14,1399/03/25,2020-06-14
7408000.0,7408000.0,7570000.0,7563000.0,161000.0,2.18,2020/06/15,1399/03/26,2020-06-15
7563000.0,7563000.0,7563000.0,7563000.0,,,2020/06/16,1399/03/27,2020-06-16
7658000.0,7658000.0,7658000.0,7658000.0,95000.0,1.26,2020/06/18,1399/03/29,2020-06-18
7875000.0,7875000.0,8027000.0,8027000.0,369000.0,4.82,2020/06/20,1399/03/31,2020-06-20
8177000.0,8152000.0,8214000.0,8214000.0,187000.0,2.33,2020/06/21,1399/04/01,2020-06-21
8210000.0,8210000.0,8447000.0,8445000.0,231000.0,2.81,2020/06/22,1399/04/02,2020-06-22
8440000.0,8337000.0,8496000.0,8355000.0,90000.0,1.08,2020/06/23,1399/04/03,2020-06-23
8360000.0,8124000.0,8360000.0,8124000.0,231000.0,2.84,2020/06/24,1399/04/04,2020-06-24
8124000.0,8124000.0,8124000.0,8124000.0,,,2020/06/25,1399/04/05,2020-06-25
8556000.0,8547000.0,8556000.0,8556000.0,432000.0,5.32,2020/06/27,1399/04/07,2020-06-27
8637000.0,8561000.0,8637000.0,8570000.0,14000.0,0.16,2020/06/28,1399/04/08,2020-06-28
8717000.0,8662000.0,8741000.0,8741000.0,171000.0,2.0,2020/06/29,1399/04/09,2020-06-29
8604000.0,8537000.0,8671000.0,8655000.0,86000.0,0.99,2020/06/30,1399/04/10,2020-06-30
8713700.0,8555900.0,9109600.0,9033800.0,142800.0,1.61,2020/07/01,1399/04/11,2020-07-01
9071000.0,9071000.0,9304000.0,9297000.0,263200.0,2.91,2020/07/04,1399/04/14,2020-07-04
9302000.0,9253000.0,9380000.0,9292000.0,5000.0,0.05,2020/07/05,1399/04/15,2020-07-05
9299000.0,9269000.0,9385000.0,9385000.0,93000.0,1.0,2020/07/06,1399/04/16,2020-07-06
9574000.0,9553000.0,9590000.0,9590000.0,205000.0,2.18,2020/07/07,1399/04/17,2020-07-07
9586000.0,9586000.0,9766000.0,9664000.0,74000.0,0.77,2020/07/08,1399/04/18,2020-07-08
9664000.0,9664000.0,9664000.0,9664000.0,,,2020/07/09,1399/04/19,2020-07-09
9646000.0,9636000.0,9743000.0,9664000.0,,,2020/07/11,1399/04/21,2020-07-11
9659000.0,9659000.0,9872000.0,9867000.0,203000.0,2.1,2020/07/12,1399/04/22,2020-07-12
9957000.0,9826000.0,9960000.0,9955000.0,88000.0,0.89,2020/07/13,1399/04/23,2020-07-13
9960000.0,9955000.0,10188000.0,10183000.0,228000.0,2.29,2020/07/14,1399/04/24,2020-07-14
10188000.0,10183000.0,10377000.0,10370000.0,187000.0,1.84,2020/07/15,1399/04/25,2020-07-15
10370000.0,10370000.0,10370000.0,10370000.0,,,2020/07/16,1399/04/26,2020-07-16
11144000.0,10514000.0,11151000.0,10585000.0,215000.0,2.07,2020/07/18,1399/04/28,2020-07-18
10583000.0,9779000.0,10585000.0,9796000.0,789000.0,8.05,2020/07/19,1399/04/29,2020-07-19
9807000.0,9018000.0,9918000.0,9500000.0,296000.0,3.12,2020/07/20,1399/04/30,2020-07-20
9496000.0,9313000.0,9860000.0,9664000.0,164000.0,1.73,2020/07/21,1399/04/31,2020-07-21
9690000.0,9523000.0,9690000.0,9523000.0,141000.0,1.48,2020/07/22,1399/05/01,2020-07-22
9523000.0,9523000.0,9523000.0,9523000.0,,,2020/07/23,1399/05/02,2020-07-23
10414000.0,10091000.0,10800000.0,10170000.0,647000.0,6.79,2020/07/25,1399/05/04,2020-07-25
10160000.0,10156000.0,10738000.0,10631000.0,461000.0,4.53,2020/07/26,1399/05/05,2020-07-26
10636000.0,10551000.0,10721000.0,10650000.0,19000.0,0.18,2020/07/27,1399/05/06,2020-07-27
10645000.0,10597000.0,10772000.0,10747000.0,97000.0,0.91,2020/07/28,1399/05/07,2020-07-28
10744000.0,10742000.0,10883000.0,10844000.0,97000.0,0.9,2020/07/29,1399/05/08,2020-07-29
10844000.0,10844000.0,10844000.0,10844000.0,,,2020/07/30,1399/05/09,2020-07-30
10514000.0,10310000.0,10763000.0,10689000.0,155000.0,1.45,2020/08/01,1399/05/11,2020-08-01
10714000.0,10698000.0,10869000.0,10756000.0,67000.0,0.63,2020/08/02,1399/05/12,2020-08-02
10731000.0,10726000.0,10830000.0,10788000.0,32000.0,0.3,2020/08/03,1399/05/13,2020-08-03
10793000.0,10788000.0,11407000.0,11100000.0,312000.0,2.89,2020/08/04,1399/05/14,2020-08-04
11105000.0,11100000.0,11315000.0,11287000.0,187000.0,1.68,2020/08/05,1399/05/15,2020-08-05
11287000.0,11287000.0,11287000.0,11287000.0,,,2020/08/06,1399/05/16,2020-08-06
10096000.0,9999000.0,10456000.0,10352000.0,935000.0,9.03,2020/08/09,1399/05/19,2020-08-09
10347000.0,10223000.0,10652000.0,10317000.0,35000.0,0.34,2020/08/10,1399/05/20,2020-08-10
10322000.0,10103000.0,10322000.0,10137000.0,180000.0,1.78,2020/08/11,1399/05/21,2020-08-11
10142000.0,10135000.0,10310000.0,10250000.0,113000.0,1.11,2020/08/12,1399/05/22,2020-08-12
10250000.0,10250000.0,10250000.0,10250000.0,,,2020/08/13,1399/05/23,2020-08-13
9994000.0,9946000.0,10403000.0,10387000.0,137000.0,1.34,2020/08/15,1399/05/25,2020-08-15
10382000.0,10382000.0,10708000.0,10684000.0,297000.0,2.86,2020/08/16,1399/05/26,2020-08-16
10661000.0,10592000.0,10830000.0,10594000.0,90000.0,0.85,2020/08/17,1399/05/27,2020-08-17
10597000.0,10454000.0,10675000.0,10479000.0,115000.0,1.1,2020/08/18,1399/05/28,2020-08-18
10474000.0,10410000.0,10622000.0,10521000.0,42000.0,0.4,2020/08/19,1399/05/29,2020-08-19
10521000.0,10521000.0,10521000.0,10521000.0,,,2020/08/20,1399/05/30,2020-08-20
10497000.0,10403000.0,10618000.0,10405000.0,116000.0,1.11,2020/08/22,1399/06/01,2020-08-22
10412000.0,10380000.0,10599000.0,10500000.0,95000.0,0.91,2020/08/23,1399/06/02,2020-08-23
10576000.0,10507000.0,10588000.0,10530000.0,30000.0,0.29,2020/08/24,1399/06/03,2020-08-24
10521000.0,10407000.0,10754000.0,10597000.0,67000.0,0.64,2020/08/25,1399/06/04,2020-08-25
10592000.0,10588000.0,10714000.0,10613000.0,16000.0,0.15,2020/08/26,1399/06/05,2020-08-26
10613000.0,10613000.0,10613000.0,10613000.0,,,2020/08/27,1399/06/06,2020-08-27
10936000.0,10931000.0,11206000.0,11162000.0,549000.0,5.17,2020/08/31,1399/06/10,2020-08-31
11278000.0,11061000.0,11338000.0,11065000.0,97000.0,0.88,2020/09/01,1399/06/11,2020-09-01
11061000.0,11061000.0,11065000.0,11061000.0,4000.0,0.04,2020/09/02,1399/06/12,2020-09-02
11061000.0,11061000.0,11061000.0,11061000.0,,,2020/09/03,1399/06/13,2020-09-03
11012000.0,10871000.0,11118000.0,10975000.0,86000.0,0.78,2020/09/05,1399/06/15,2020-09-05
10968000.0,10920000.0,11026000.0,11005000.0,30000.0,0.27,2020/09/06,1399/06/16,2020-09-06
11010000.0,11005000.0,11250000.0,11222000.0,217000.0,1.97,2020/09/07,1399/06/17,2020-09-07
11227000.0,11222000.0,11453000.0,11442000.0,220000.0,1.96,2020/09/08,1399/06/18,2020-09-08
11437000.0,11437000.0,11589000.0,11541000.0,99000.0,0.87,2020/09/09,1399/06/19,2020-09-09
11541000.0,11541000.0,11541000.0,11541000.0,,,2020/09/10,1399/06/20,2020-09-10
11707000.0,11703000.0,11998000.0,11977000.0,436000.0,3.78,2020/09/12,1399/06/22,2020-09-12
11973000.0,11710000.0,12210000.0,11786000.0,191000.0,1.62,2020/09/13,1399/06/23,2020-09-13
11788000.0,11788000.0,12231000.0,12194000.0,408000.0,3.46,2020/09/14,1399/06/24,2020-09-14
12190000.0,12190000.0,12492000.0,12284000.0,90000.0,0.74,2020/09/15,1399/06/25,2020-09-15
12280000.0,12054000.0,12305000.0,12153000.0,131000.0,1.08,2020/09/16,1399/06/26,2020-09-16
12153000.0,12153000.0,12153000.0,12153000.0,,,2020/09/17,1399/06/27,2020-09-17
12054000.0,12054000.0,12492000.0,12488000.0,335000.0,2.76,2020/09/19,1399/06/29,2020-09-19
12492000.0,12238000.0,12538000.0,12257000.0,231000.0,1.88,2020/09/20,1399/06/30,2020-09-20
12261000.0,12102000.0,12397000.0,12356000.0,99000.0,0.81,2020/09/21,1399/06/31,2020-09-21
12361000.0,12337000.0,12492000.0,12464000.0,108000.0,0.87,2020/09/22,1399/07/01,2020-09-22
12469000.0,12464000.0,12469000.0,12469000.0,5000.0,0.04,2020/09/23,1399/07/02,2020-09-23
12469000.0,12469000.0,12469000.0,12469000.0,,,2020/09/24,1399/07/03,2020-09-24
12494000.0,12494000.0,12594000.0,12568000.0,99000.0,0.79,2020/09/26,1399/07/05,2020-09-26
12564000.0,12564000.0,12654000.0,12649000.0,81000.0,0.64,2020/09/27,1399/07/06,2020-09-27
12654000.0,12649000.0,12935000.0,12926000.0,277000.0,2.19,2020/09/28,1399/07/07,2020-09-28
12931000.0,12926000.0,13245000.0,13240000.0,314000.0,2.43,2020/09/29,1399/07/08,2020-09-29
13245000.0,13240000.0,13566000.0,13515000.0,275000.0,2.08,2020/09/30,1399/07/09,2020-09-30
13515000.0,13515000.0,13515000.0,13515000.0,,,2020/10/01,1399/07/10,2020-10-01
13388000.0,13000000.0,13393000.0,13012000.0,503000.0,3.87,2020/10/03,1399/07/12,2020-10-03
13007000.0,13007000.0,13420000.0,13383000.0,371000.0,2.85,2020/10/04,1399/07/13,2020-10-04
13388000.0,13383000.0,13658000.0,13653000.0,270000.0,2.02,2020/10/05,1399/07/14,2020-10-05
13658000.0,13429000.0,13658000.0,13561000.0,92000.0,0.68,2020/10/06,1399/07/15,2020-10-06
13563500.0,13561000.0,13566000.0,13561000.0,,,2020/10/07,1399/07/16,2020-10-07
14201000.0,14201000.0,14692000.0,14489000.0,928000.0,6.84,2020/10/10,1399/07/19,2020-10-10
14485000.0,14231000.0,14743000.0,14738000.0,249000.0,1.72,2020/10/11,1399/07/20,2020-10-11
14743000.0,14727000.0,14974000.0,14755000.0,17000.0,0.12,2020/10/12,1399/07/21,2020-10-12
14750000.0,14547000.0,14870000.0,14644000.0,111000.0,0.76,2020/10/13,1399/07/22,2020-10-13
14886800.0,14679000.0,15147300.0,14769100.0,174900.0,1.18,2020/10/14,1399/07/23,2020-10-14
14708000.0,14034000.0,14720000.0,14062000.0,707100.0,5.03,2020/10/18,1399/07/27,2020-10-18
14057000.0,12137000.0,14062000.0,12930000.0,1132000.0,8.75,2020/10/19,1399/07/28,2020-10-19
12171000.0,12049000.0,13233000.0,12875000.0,55000.0,0.43,2020/10/20,1399/07/29,2020-10-20
12885000.0,12875000.0,13700000.0,13568000.0,693000.0,5.38,2020/10/21,1399/07/30,2020-10-21
13568000.0,13568000.0,13568000.0,13568000.0,,,2020/10/22,1399/08/01,2020-10-22
13155000.0,13155000.0,13155000.0,13155000.0,413000.0,3.14,2020/10/24,1399/08/03,2020-10-24
12638000.0,12635000.0,12945000.0,12818000.0,337000.0,2.63,2020/10/26,1399/08/05,2020-10-26
12822000.0,12460000.0,12829000.0,12534000.0,284000.0,2.27,2020/10/27,1399/08/06,2020-10-27
12529000.0,12391000.0,12596000.0,12418000.0,116000.0,0.93,2020/10/28,1399/08/07,2020-10-28
12418000.0,12418000.0,12418000.0,12418000.0,,,2020/10/29,1399/08/08,2020-10-29
11746000.0,11740000.0,12367000.0,12365000.0,53000.0,0.43,2020/10/31,1399/08/10,2020-10-31
12367000.0,12120000.0,13339000.0,13152000.0,787000.0,6.36,2020/11/01,1399/08/11,2020-11-01
13152000.0,13152000.0,13152000.0,13152000.0,,,2020/11/02,1399/08/12,2020-11-02
11733000.0,11671900.0,12161500.0,12073400.0,160600.0,1.33,2020/11/04,1399/08/14,2020-11-04
11407000.0,10839000.0,11776000.0,11663000.0,410400.0,3.52,2020/11/07,1399/08/17,2020-11-07
11654000.0,11647000.0,13215000.0,12231000.0,568000.0,4.87,2020/11/08,1399/08/18,2020-11-08
12467000.0,12224000.0,12633000.0,12229000.0,2000.0,0.02,2020/11/09,1399/08/19,2020-11-09
12241000.0,11901000.0,12471000.0,12192000.0,37000.0,0.3,2020/11/10,1399/08/20,2020-11-10
12187000.0,12120000.0,12192000.0,12134000.0,58000.0,0.48,2020/11/11,1399/08/21,2020-11-11
12134000.0,12134000.0,12134000.0,12134000.0,,,2020/11/12,1399/08/22,2020-11-12
12054000.0,10899000.0,12056000.0,11617000.0,517000.0,4.45,2020/11/14,1399/08/24,2020-11-14
11615000.0,11603000.0,11710000.0,11710000.0,93000.0,0.8,2020/11/15,1399/08/25,2020-11-15
11698000.0,11532000.0,11710000.0,11603000.0,107000.0,0.92,2020/11/16,1399/08/26,2020-11-16
11606000.0,11197000.0,11606000.0,11225000.0,378000.0,3.37,2020/11/17,1399/08/27,2020-11-17
11209000.0,11047000.0,11209000.0,11130000.0,95000.0,0.85,2020/11/18,1399/08/28,2020-11-18
11130000.0,11130000.0,11130000.0,11130000.0,,,2020/11/19,1399/08/29,2020-11-19
11398000.0,11107000.0,11398000.0,11299000.0,169000.0,1.52,2020/11/21,1399/09/01,2020-11-21
11303000.0,11105000.0,11372000.0,11128000.0,171000.0,1.54,2020/11/22,1399/09/02,2020-11-22
10689000.0,10608000.0,10784000.0,10634000.0,494000.0,4.65,2020/11/23,1399/09/03,2020-11-23
10648000.0,10391000.0,10728000.0,10562000.0,72000.0,0.68,2020/11/24,1399/09/04,2020-11-24
10576000.0,10380000.0,10576000.0,10461000.0,101000.0,0.97,2020/11/25,1399/09/05,2020-11-25
10461000.0,10461000.0,10461000.0,10461000.0,,,2020/11/26,1399/09/06,2020-11-26
10340000.0,10232000.0,10555000.0,10530000.0,69000.0,0.66,2020/11/28,1399/09/08,2020-11-28
10532000.0,10447000.0,10622000.0,10555000.0,25000.0,0.24,2020/11/29,1399/09/09,2020-11-29
10553000.0,10553000.0,11179000.0,11079000.0,524000.0,4.96,2020/11/30,1399/09/10,2020-11-30
11068000.0,10948000.0,11248000.0,11070000.0,9000.0,0.08,2020/12/01,1399/09/11,2020-12-01
11309700.0,10986400.0,11542600.0,11128900.0,153100.0,1.38,2020/12/02,1399/09/12,2020-12-02
11118000.0,11047000.0,11296000.0,11275000.0,146100.0,1.31,2020/12/05,1399/09/15,2020-12-05
11262000.0,11075000.0,11329000.0,11301000.0,26000.0,0.23,2020/12/06,1399/09/16,2020-12-06
11303000.0,11303000.0,11460000.0,11442000.0,141000.0,1.25,2020/12/07,1399/09/17,2020-12-07
11456000.0,11456000.0,11670000.0,11525000.0,83000.0,0.73,2020/12/08,1399/09/18,2020-12-08
11523000.0,11310000.0,11523000.0,11520000.0,5000.0,0.04,2020/12/09,1399/09/19,2020-12-09
11520000.0,11520000.0,11520000.0,11520000.0,,,2020/12/10,1399/09/20,2020-12-10
11363000.0,11185000.0,11490000.0,11294000.0,226000.0,2.0,2020/12/12,1399/09/22,2020-12-12
11176000.0,11142000.0,11292000.0,11271000.0,23000.0,0.2,2020/12/13,1399/09/23,2020-12-13
11255000.0,11229000.0,11402000.0,11379000.0,108000.0,0.96,2020/12/14,1399/09/24,2020-12-14
11453000.0,11296000.0,11456000.0,11299000.0,80000.0,0.71,2020/12/15,1399/09/25,2020-12-15
11372000.0,11354000.0,11421000.0,11372000.0,73000.0,0.65,2020/12/16,1399/09/26,2020-12-16
11372000.0,11372000.0,11372000.0,11372000.0,,,2020/12/17,1399/09/27,2020-12-17
11322000.0,11255000.0,11370000.0,11370000.0,2000.0,0.02,2020/12/19,1399/09/29,2020-12-19
11428000.0,11312000.0,11435000.0,11412000.0,42000.0,0.37,2020/12/20,1399/09/30,2020-12-20
11421000.0,11280000.0,11428000.0,11421000.0,9000.0,0.08,2020/12/21,1399/10/01,2020-12-21
11446000.0,11435000.0,11518000.0,11490000.0,69000.0,0.6,2020/12/22,1399/10/02,2020-12-22
11495000.0,11453000.0,11548000.0,11539000.0,49000.0,0.43,2020/12/23,1399/10/03,2020-12-23
11539000.0,11539000.0,11539000.0,11539000.0,,,2020/12/24,1399/10/04,2020-12-24
11384000.0,11382000.0,11509000.0,11465000.0,74000.0,0.65,2020/12/26,1399/10/06,2020-12-26
11462000.0,11416000.0,11499000.0,11493000.0,28000.0,0.24,2020/12/27,1399/10/07,2020-12-27
11465000.0,11412000.0,11502000.0,11437000.0,56000.0,0.49,2020/12/28,1399/10/08,2020-12-28
11439000.0,11428000.0,11509000.0,11469000.0,32000.0,0.28,2020/12/29,1399/10/09,2020-12-29
11490100.0,11258000.0,11703800.0,11479600.0,68400.0,0.6,2020/12/30,1399/10/10,2020-12-30
11467000.0,11456000.0,11583000.0,11580000.0,100400.0,0.87,2021/01/02,1399/10/13,2021-01-02
11583000.0,11573000.0,11906000.0,11883000.0,303000.0,2.62,2021/01/03,1399/10/14,2021-01-03
11890000.0,11890000.0,12123000.0,12065000.0,182000.0,1.53,2021/01/04,1399/10/15,2021-01-04
12067000.0,11622000.0,12079000.0,11668000.0,397000.0,3.4,2021/01/05,1399/10/16,2021-01-05
11663000.0,11541000.0,11696000.0,11573000.0,95000.0,0.82,2021/01/06,1399/10/17,2021-01-06
11573000.0,11573000.0,11573000.0,11573000.0,,,2021/01/07,1399/10/18,2021-01-07
10964000.0,10962000.0,11130000.0,11086000.0,487000.0,4.39,2021/01/09,1399/10/20,2021-01-09
11077000.0,10962000.0,11206000.0,11015000.0,71000.0,0.64,2021/01/10,1399/10/21,2021-01-10
11010000.0,10934000.0,11077000.0,11061000.0,46000.0,0.42,2021/01/11,1399/10/22,2021-01-11
11056000.0,10772000.0,11056000.0,10828000.0,233000.0,2.15,2021/01/12,1399/10/23,2021-01-12
10835000.0,10347000.0,10835000.0,10391000.0,437000.0,4.21,2021/01/13,1399/10/24,2021-01-13
10391000.0,10391000.0,10391000.0,10391000.0,,,2021/01/14,1399/10/25,2021-01-14
9999000.0,9932000.0,9999000.0,9999000.0,392000.0,3.92,2021/01/16,1399/10/27,2021-01-16
9205000.0,9172000.0,9900000.0,9622000.0,377000.0,3.92,2021/01/18,1399/10/29,2021-01-18
9629000.0,9622000.0,10461000.0,9923000.0,301000.0,3.13,2021/01/19,1399/10/30,2021-01-19
10112000.0,10112000.0,10539000.0,10352000.0,429000.0,4.32,2021/01/20,1399/11/01,2021-01-20
10352000.0,10352000.0,10352000.0,10352000.0,,,2021/01/21,1399/11/02,2021-01-21
10401000.0,10327000.0,10855000.0,10546000.0,194000.0,1.87,2021/01/23,1399/11/04,2021-01-23
10548000.0,10548000.0,10682000.0,10650000.0,104000.0,0.99,2021/01/24,1399/11/05,2021-01-24
10516000.0,10280000.0,10516000.0,10465000.0,185000.0,1.77,2021/01/25,1399/11/06,2021-01-25
10585000.0,10442000.0,10929000.0,10557000.0,92000.0,0.88,2021/01/26,1399/11/07,2021-01-26
10560000.0,10557000.0,10786000.0,10731000.0,174000.0,1.65,2021/01/27,1399/11/08,2021-01-27
10731000.0,10731000.0,10731000.0,10731000.0,,,2021/01/28,1399/11/09,2021-01-28
10881000.0,10881000.0,11266000.0,11077000.0,346000.0,3.22,2021/01/30,1399/11/11,2021-01-30
11079000.0,10851000.0,11109000.0,10941000.0,136000.0,1.24,2021/01/31,1399/11/12,2021-01-31
10938000.0,10915000.0,11086000.0,10955000.0,14000.0,0.13,2021/02/01,1399/11/13,2021-02-01
10964000.0,10823000.0,11003000.0,10883000.0,72000.0,0.66,2021/02/02,1399/11/14,2021-02-02
10781000.0,10638000.0,10911000.0,10744000.0,139000.0,1.29,2021/02/03,1399/11/15,2021-02-03
10744000.0,10744000.0,10744000.0,10744000.0,,,2021/02/04,1399/11/16,2021-02-04
10899000.0,10858000.0,10971000.0,10876000.0,132000.0,1.23,2021/02/06,1399/11/18,2021-02-06
11079000.0,11031000.0,11317000.0,11310000.0,434000.0,3.99,2021/02/07,1399/11/19,2021-02-07
11308000.0,11285000.0,11513000.0,11398000.0,88000.0,0.78,2021/02/08,1399/11/20,2021-02-08
11398000.0,11398000.0,11398000.0,11398000.0,,,2021/02/09,1399/11/21,2021-02-09
11649000.0,11649000.0,11649000.0,11649000.0,251000.0,2.2,2021/02/11,1399/11/23,2021-02-11
11820000.0,11446000.0,11827000.0,11529000.0,120000.0,1.04,2021/02/13,1399/11/25,2021-02-13
11416000.0,11262000.0,11513000.0,11345000.0,184000.0,1.62,2021/02/14,1399/11/26,2021-02-14
11336000.0,11329000.0,11583000.0,11534000.0,189000.0,1.67,2021/02/15,1399/11/27,2021-02-15
11518000.0,11315000.0,11527000.0,11349000.0,185000.0,1.63,2021/02/16,1399/11/28,2021-02-16
11458000.0,11389000.0,11490000.0,11409000.0,60000.0,0.53,2021/02/17,1399/11/29,2021-02-17
11409000.0,11409000.0,11409000.0,11409000.0,,,2021/02/18,1399/11/30,2021-02-18
11015000.0,10805000.0,11098000.0,10825000.0,584000.0,5.39,2021/02/20,1399/12/02,2021-02-20
10830000.0,10661000.0,10936000.0,10721000.0,104000.0,0.97,2021/02/21,1399/12/03,2021-02-21
10719000.0,10696000.0,10959000.0,10915000.0,194000.0,1.81,2021/02/22,1399/12/04,2021-02-22
10908000.0,10828000.0,11075000.0,11019000.0,104000.0,0.95,2021/02/23,1399/12/05,2021-02-23
11019000.0,11019000.0,11019000.0,11019000.0,,,2021/02/24,1399/12/06,2021-02-24
10805000.0,10634000.0,10805000.0,10772000.0,247000.0,2.29,2021/02/27,1399/12/09,2021-02-27
10689000.0,10684000.0,10867000.0,10818000.0,46000.0,0.43,2021/02/28,1399/12/10,2021-02-28
10811000.0,10557000.0,10818000.0,10650000.0,168000.0,1.58,2021/03/01,1399/12/11,2021-03-01
10557000.0,10557000.0,10837000.0,10624000.0,26000.0,0.24,2021/03/02,1399/12/12,2021-03-02
10622000.0,10500000.0,10832000.0,10521000.0,103000.0,0.98,2021/03/03,1399/12/13,2021-03-03
10521000.0,10521000.0,10521000.0,10521000.0,,,2021/03/04,1399/12/14,2021-03-04
10105000.0,9976000.0,10310000.0,10287000.0,234000.0,2.27,2021/03/06,1399/12/16,2021-03-06
10283000.0,10091000.0,10320000.0,10126000.0,161000.0,1.59,2021/03/07,1399/12/17,2021-03-07
10128000.0,10073000.0,10260000.0,10211000.0,85000.0,0.84,2021/03/08,1399/12/18,2021-03-08
10262000.0,10177000.0,10301000.0,10287000.0,76000.0,0.74,2021/03/09,1399/12/19,2021-03-09
10287000.0,10287000.0,10287000.0,10287000.0,,,2021/03/10,1399/12/20,2021-03-10
10502000.0,10373000.0,10551000.0,10442000.0,155000.0,1.51,2021/03/13,1399/12/23,2021-03-13
10447000.0,10396000.0,10511000.0,10504000.0,62000.0,0.59,2021/03/14,1399/12/24,2021-03-14
10507000.0,10477000.0,10694000.0,10664000.0,160000.0,1.52,2021/03/15,1399/12/25,2021-03-15
10661000.0,10659000.0,10786000.0,10768000.0,104000.0,0.98,2021/03/16,1399/12/26,2021-03-16
10770000.0,10770000.0,11017000.0,10855000.0,87000.0,0.81,2021/03/17,1399/12/27,2021-03-17
10855000.0,10855000.0,10855000.0,10855000.0,,,2021/03/18,1399/12/28,2021-03-18
11009900.0,10738900.0,11148600.0,10832100.0,22900.0,0.21,2021/03/24,1400/01/04,2021-03-24
10828000.0,10818000.0,11005000.0,10955000.0,122900.0,1.13,2021/03/27,1400/01/07,2021-03-27
10959000.0,10957000.0,11109000.0,11031000.0,76000.0,0.69,2021/03/28,1400/01/08,2021-03-28
10874000.0,10747000.0,10874000.0,10846000.0,185000.0,1.71,2021/03/30,1400/01/10,2021-03-30
10846000.0,10837000.0,10846000.0,10846000.0,,,2021/03/31,1400/01/11,2021-03-31
10544000.0,10507000.0,10636000.0,10599000.0,247000.0,2.33,2021/04/03,1400/01/14,2021-04-03
10606000.0,10574000.0,10652000.0,10592000.0,7000.0,0.07,2021/04/04,1400/01/15,2021-04-04
10631000.0,10604000.0,10740000.0,10701000.0,109000.0,1.03,2021/04/05,1400/01/16,2021-04-05
10703000.0,10574000.0,10703000.0,10585000.0,116000.0,1.1,2021/04/06,1400/01/17,2021-04-06
10583000.0,10424000.0,10583000.0,10511000.0,74000.0,0.7,2021/04/07,1400/01/18,2021-04-07
10511000.0,10511000.0,10511000.0,10511000.0,,,2021/04/08,1400/01/19,2021-04-08
10377000.0,10322000.0,10449000.0,10329000.0,182000.0,1.76,2021/04/10,1400/01/21,2021-04-10
10299000.0,10299000.0,10428000.0,10391000.0,62000.0,0.6,2021/04/11,1400/01/22,2021-04-11
10419000.0,10257000.0,10444000.0,10428000.0,37000.0,0.36,2021/04/12,1400/01/23,2021-04-12
10433000.0,10350000.0,10433000.0,10375000.0,53000.0,0.51,2021/04/13,1400/01/24,2021-04-13
10387000.0,10384000.0,10458000.0,10454000.0,79000.0,0.76,2021/04/14,1400/01/25,2021-04-14
10454000.0,10454000.0,10454000.0,10454000.0,,,2021/04/15,1400/01/26,2021-04-15
10387000.0,10290000.0,10414000.0,10396000.0,58000.0,0.56,2021/04/17,1400/01/28,2021-04-17
10389000.0,10165000.0,10417000.0,10190000.0,206000.0,2.02,2021/04/18,1400/01/29,2021-04-18
10183000.0,9913000.0,10428000.0,10228000.0,38000.0,0.37,2021/04/19,1400/01/30,2021-04-19
10188000.0,10153000.0,10322000.0,10216000.0,12000.0,0.12,2021/04/20,1400/01/31,2021-04-20
10223000.0,10061000.0,10232000.0,10117000.0,99000.0,0.98,2021/04/21,1400/02/01,2021-04-21
10117000.0,10117000.0,10117000.0,10117000.0,,,2021/04/22,1400/02/02,2021-04-22
10112000.0,10038000.0,10230000.0,10057000.0,60000.0,0.6,2021/04/24,1400/02/04,2021-04-24
10059000.0,9923000.0,10080000.0,9936000.0,121000.0,1.22,2021/04/25,1400/02/05,2021-04-25
9943000.0,9934000.0,10070000.0,9983000.0,47000.0,0.47,2021/04/26,1400/02/06,2021-04-26
9990000.0,9925000.0,10061000.0,9964000.0,19000.0,0.19,2021/04/27,1400/02/07,2021-04-27
9966000.0,9858000.0,9966000.0,9874000.0,90000.0,0.91,2021/04/28,1400/02/08,2021-04-28
9874000.0,9874000.0,9874000.0,9874000.0,,,2021/04/29,1400/02/09,2021-04-29
9673000.0,9302000.0,9673000.0,9399000.0,475000.0,5.05,2021/05/01,1400/02/11,2021-05-01
9424000.0,9341000.0,9493000.0,9394000.0,5000.0,0.05,2021/05/02,1400/02/12,2021-05-02
9394000.0,9394000.0,9394000.0,9394000.0,,,2021/05/03,1400/02/13,2021-05-03
8974000.0,8974000.0,9574000.0,9399000.0,5000.0,0.05,2021/05/05,1400/02/15,2021-05-05
9399000.0,9399000.0,9399000.0,9399000.0,,,2021/05/06,1400/02/16,2021-05-06
9299000.0,9103000.0,9433000.0,9387000.0,12000.0,0.13,2021/05/08,1400/02/18,2021-05-08
9565500.0,9431500.0,9829500.0,9703400.0,18400.0,0.19,2021/05/09,1400/02/19,2021-05-09
9683000.0,9683000.0,10015000.0,9853000.0,149600.0,1.54,2021/05/11,1400/02/21,2021-05-11
9846000.0,9823000.0,10038000.0,9943000.0,90000.0,0.91,2021/05/12,1400/02/22,2021-05-12
10003000.0,9966000.0,10306000.0,10287000.0,344000.0,3.46,2021/05/15,1400/02/25,2021-05-15
10195000.0,10029000.0,10237000.0,10142000.0,145000.0,1.43,2021/05/16,1400/02/26,2021-05-16
10144000.0,10142000.0,10431000.0,10290000.0,148000.0,1.46,2021/05/17,1400/02/27,2021-05-17
10278000.0,9876000.0,10322000.0,10156000.0,134000.0,1.32,2021/05/18,1400/02/28,2021-05-18
10147000.0,10137000.0,10317000.0,10193000.0,37000.0,0.36,2021/05/19,1400/02/29,2021-05-19
10193000.0,10193000.0,10193000.0,10193000.0,,,2021/05/20,1400/02/30,2021-05-20
10211000.0,10193000.0,10322000.0,10292000.0,99000.0,0.97,2021/05/22,1400/03/01,2021-05-22
10285000.0,10269000.0,10527000.0,10368000.0,76000.0,0.74,2021/05/23,1400/03/02,2021-05-23
10352000.0,10158000.0,10377000.0,10329000.0,39000.0,0.38,2021/05/24,1400/03/03,2021-05-24
10324000.0,10324000.0,10622000.0,10442000.0,113000.0,1.09,2021/05/25,1400/03/04,2021-05-25
10449000.0,10433000.0,10497000.0,10467000.0,25000.0,0.24,2021/05/26,1400/03/05,2021-05-26
10467000.0,10467000.0,10467000.0,10467000.0,,,2021/05/27,1400/03/06,2021-05-27
10665260.0,10599000.0,10901000.0,10800000.0,333000.0,3.18,2021/05/29,1400/03/08,2021-05-29
10821000.0,10821000.0,11169000.0,11003000.0,203000.0,1.88,2021/05/30,1400/03/09,2021-05-30
11008000.0,10793000.0,11019000.0,10980000.0,23000.0,0.21,2021/05/31,1400/03/10,2021-05-31
10957000.0,10920000.0,11035000.0,10964000.0,16000.0,0.15,2021/06/01,1400/03/11,2021-06-01
10915000.0,10735000.0,10927000.0,10793000.0,171000.0,1.58,2021/06/02,1400/03/12,2021-06-02
10793000.0,10793000.0,10793000.0,10793000.0,,,2021/06/03,1400/03/13,2021-06-03
10855000.0,10735000.0,10860000.0,10747000.0,46000.0,0.43,2021/06/07,1400/03/17,2021-06-07
10742000.0,10742000.0,10846000.0,10832000.0,85000.0,0.79,2021/06/08,1400/03/18,2021-06-08
10805000.0,10714000.0,10823000.0,10735000.0,97000.0,0.9,2021/06/09,1400/03/19,2021-06-09
10735000.0,10735000.0,10735000.0,10735000.0,,,2021/06/10,1400/03/20,2021-06-10
10708000.0,10708000.0,10816000.0,10758000.0,23000.0,0.21,2021/06/12,1400/03/22,2021-06-12
10763000.0,10636000.0,10768000.0,10682000.0,76000.0,0.71,2021/06/13,1400/03/23,2021-06-13
10694000.0,10694000.0,10744000.0,10717000.0,35000.0,0.33,2021/06/14,1400/03/24,2021-06-14
10726000.0,10659000.0,10823000.0,10809000.0,92000.0,0.86,2021/06/15,1400/03/25,2021-06-15
10805000.0,10654000.0,10809000.0,10654000.0,155000.0,1.45,2021/06/16,1400/03/26,2021-06-16
10654000.0,10654000.0,10654000.0,10654000.0,,,2021/06/17,1400/03/27,2021-06-17
10133000.0,10133000.0,10320000.0,10283000.0,371000.0,3.61,2021/06/19,1400/03/29,2021-06-19
10285000.0,10257000.0,10354000.0,10352000.0,69000.0,0.67,2021/06/20,1400/03/30,2021-06-20
10354000.0,10343000.0,10454000.0,10440000.0,88000.0,0.85,2021/06/21,1400/03/31,2021-06-21
10424000.0,10359000.0,10437000.0,10382000.0,58000.0,0.56,2021/06/22,1400/04/01,2021-06-22
10380000.0,10292000.0,10387000.0,10338000.0,44000.0,0.43,2021/06/23,1400/04/02,2021-06-23
10338000.0,10338000.0,10338000.0,10338000.0,,,2021/06/24,1400/04/03,2021-06-24
10502000.0,10470000.0,10588000.0,10585000.0,247000.0,2.39,2021/06/26,1400/04/05,2021-06-26
10588000.0,10588000.0,10710000.0,10657000.0,72000.0,0.68,2021/06/27,1400/04/06,2021-06-27
10645000.0,10629000.0,10791000.0,10641000.0,16000.0,0.15,2021/06/28,1400/04/07,2021-06-28
10654000.0,10654000.0,10735000.0,10724000.0,83000.0,0.78,2021/06/29,1400/04/08,2021-06-29
10738000.0,10615000.0,10738000.0,10678000.0,46000.0,0.43,2021/06/30,1400/04/09,2021-06-30
10678000.0,10678000.0,10678000.0,10678000.0,,,2021/07/01,1400/04/10,2021-07-01
10673000.0,10592000.0,10756000.0,10597000.0,81000.0,0.76,2021/07/03,1400/04/12,2021-07-03
10606000.0,10548000.0,10613000.0,10576000.0,21000.0,0.2,2021/07/04,1400/04/13,2021-07-04
10588000.0,10576000.0,10698000.0,10673000.0,97000.0,0.92,2021/07/05,1400/04/14,2021-07-05
10680000.0,10525000.0,10680000.0,10604000.0,69000.0,0.65,2021/07/06,1400/04/15,2021-07-06
10621900.0,10539000.0,10842000.0,10635700.0,5300.0,0.05,2021/07/07,1400/04/16,2021-07-07
10631000.0,10599000.0,10654000.0,10648000.0,12300.0,0.12,2021/07/10,1400/04/19,2021-07-10
10638000.0,10592000.0,10652000.0,10613000.0,35000.0,0.33,2021/07/11,1400/04/20,2021-07-11
10624000.0,10507000.0,10624000.0,10539000.0,74000.0,0.7,2021/07/12,1400/04/21,2021-07-12
10548000.0,10456000.0,10555000.0,10491000.0,48000.0,0.46,2021/07/13,1400/04/22,2021-07-13
10502000.0,10491000.0,10608000.0,10590000.0,99000.0,0.94,2021/07/14,1400/04/23,2021-07-14
10590000.0,10590000.0,10590000.0,10590000.0,,,2021/07/15,1400/04/24,2021-07-15
10532000.0,10484000.0,10546000.0,10507000.0,83000.0,0.79,2021/07/17,1400/04/26,2021-07-17
10509000.0,10421000.0,10516000.0,10477000.0,30000.0,0.29,2021/07/18,1400/04/27,2021-07-18
10525000.0,10500000.0,10597000.0,10560000.0,83000.0,0.79,2021/07/19,1400/04/28,2021-07-19
10560000.0,10560000.0,10560000.0,10560000.0,,,2021/07/20,1400/04/29,2021-07-20
10537000.0,10537000.0,10537000.0,10537000.0,23000.0,0.22,2021/07/22,1400/04/31,2021-07-22
10530000.0,10523000.0,10721000.0,10606000.0,69000.0,0.65,2021/07/24,1400/05/02,2021-07-24
10613000.0,10604000.0,10795000.0,10749000.0,143000.0,1.35,2021/07/25,1400/05/03,2021-07-25
10754000.0,10751000.0,10841000.0,10775000.0,26000.0,0.24,2021/07/26,1400/05/04,2021-07-26
10765000.0,10765000.0,10994000.0,10957000.0,182000.0,1.69,2021/07/27,1400/05/05,2021-07-27
10957000.0,10957000.0,10957000.0,10957000.0,,,2021/07/28,1400/05/06,2021-07-28
11107000.0,10941000.0,11139000.0,10975000.0,18000.0,0.16,2021/07/31,1400/05/09,2021-07-31
10968000.0,10883000.0,11033000.0,10938000.0,37000.0,0.34,2021/08/01,1400/05/10,2021-08-01
10941000.0,10929000.0,11038000.0,10996000.0,58000.0,0.53,2021/08/02,1400/05/11,2021-08-02
10994000.0,10874000.0,11035000.0,10989000.0,7000.0,0.06,2021/08/03,1400/05/12,2021-08-03
10982000.0,10966000.0,11028000.0,11008000.0,19000.0,0.17,2021/08/04,1400/05/13,2021-08-04
11008000.0,11008000.0,11008000.0,11008000.0,,,2021/08/05,1400/05/14,2021-08-05
10816000.0,10816000.0,10911000.0,10865000.0,143000.0,1.32,2021/08/07,1400/05/16,2021-08-07
10869000.0,10800000.0,10906000.0,10848000.0,17000.0,0.16,2021/08/08,1400/05/17,2021-08-08
10835000.0,10835000.0,10955000.0,10920000.0,72000.0,0.66,2021/08/09,1400/05/18,2021-08-09
10904000.0,10904000.0,11137000.0,11102000.0,182000.0,1.67,2021/08/10,1400/05/19,2021-08-10
11116000.0,11042000.0,11139000.0,11070000.0,32000.0,0.29,2021/08/11,1400/05/20,2021-08-11
11070000.0,11070000.0,11070000.0,11070000.0,,,2021/08/12,1400/05/21,2021-08-12
11160000.0,11149000.0,11426000.0,11377000.0,307000.0,2.77,2021/08/14,1400/05/23,2021-08-14
11389000.0,11382000.0,11513000.0,11488000.0,111000.0,0.98,2021/08/15,1400/05/24,2021-08-15
11486000.0,11439000.0,11502000.0,11449000.0,39000.0,0.34,2021/08/16,1400/05/25,2021-08-16
11449000.0,11449000.0,11449000.0,11449000.0,,,2021/08/17,1400/05/26,2021-08-17
11467000.0,11462000.0,11684000.0,11548000.0,99000.0,0.86,2021/08/21,1400/05/30,2021-08-21
11541000.0,11504000.0,11733000.0,11733000.0,185000.0,1.6,2021/08/22,1400/05/31,2021-08-22
11730000.0,11677000.0,11841000.0,11756000.0,23000.0,0.2,2021/08/23,1400/06/01,2021-08-23
11749000.0,11712000.0,11906000.0,11719000.0,37000.0,0.32,2021/08/24,1400/06/02,2021-08-24
11714000.0,11677000.0,11765000.0,11712000.0,7000.0,0.06,2021/08/25,1400/06/03,2021-08-25
11712000.0,11712000.0,11712000.0,11712000.0,,,2021/08/26,1400/06/04,2021-08-26
12010000.0,11793000.0,12010000.0,11823000.0,111000.0,0.95,2021/08/28,1400/06/06,2021-08-28
11832000.0,11534000.0,11832000.0,11539000.0,284000.0,2.46,2021/08/29,1400/06/07,2021-08-29
11548000.0,11548000.0,11744000.0,11652000.0,113000.0,0.98,2021/08/30,1400/06/08,2021-08-30
11640000.0,11525000.0,11661000.0,11543000.0,109000.0,0.94,2021/08/31,1400/06/09,2021-08-31
11548000.0,11548000.0,11622000.0,11619000.0,76000.0,0.66,2021/09/01,1400/06/10,2021-09-01
11619000.0,11619000.0,11619000.0,11619000.0,,,2021/09/02,1400/06/11,2021-09-02
11613000.0,11613000.0,11765000.0,11691000.0,72000.0,0.62,2021/09/04,1400/06/13,2021-09-04
11680000.0,11619000.0,11703000.0,11661000.0,30000.0,0.26,2021/09/05,1400/06/14,2021-09-05
11673000.0,11661000.0,11740000.0,11682000.0,21000.0,0.18,2021/09/06,1400/06/15,2021-09-06
11680000.0,11680000.0,11855000.0,11806000.0,124000.0,1.06,2021/09/07,1400/06/16,2021-09-07
11820000.0,11779000.0,11867000.0,11836000.0,30000.0,0.25,2021/09/08,1400/06/17,2021-09-08
11836000.0,11836000.0,11836000.0,11836000.0,,,2021/09/09,1400/06/18,2021-09-09
11735000.0,11557000.0,11749000.0,11573000.0,263000.0,2.27,2021/09/11,1400/06/20,2021-09-11
11583000.0,11412000.0,11583000.0,11559000.0,14000.0,0.12,2021/09/12,1400/06/21,2021-09-12
11573000.0,11504000.0,11684000.0,11668000.0,109000.0,0.94,2021/09/13,1400/06/22,2021-09-13
11677000.0,11527000.0,11677000.0,11546000.0,122000.0,1.06,2021/09/14,1400/06/23,2021-09-14
11532000.0,11322000.0,11543000.0,11516000.0,30000.0,0.26,2021/09/15,1400/06/24,2021-09-15
11516000.0,11516000.0,11516000.0,11516000.0,,,2021/09/16,1400/06/25,2021-09-16
11294000.0,11273000.0,11396000.0,11336000.0,180000.0,1.59,2021/09/18,1400/06/27,2021-09-18
11324000.0,11273000.0,11340000.0,11322000.0,14000.0,0.12,2021/09/19,1400/06/28,2021-09-19
11366000.0,11366000.0,11462000.0,11426000.0,104000.0,0.92,2021/09/20,1400/06/29,2021-09-20
11366000.0,11366000.0,11462000.0,11426000.0,,,2021/09/21,1400/06/30,2021-09-21
11428000.0,11428000.0,11559000.0,11523000.0,97000.0,0.85,2021/09/22,1400/06/31,2021-09-22
11518000.0,11495000.0,11601000.0,11562000.0,39000.0,0.34,2021/09/23,1400/07/01,2021-09-23
11566000.0,11386000.0,11566000.0,11419000.0,143000.0,1.25,2021/09/25,1400/07/03,2021-09-25
11460000.0,11460000.0,11460000.0,11460000.0,41000.0,0.36,2021/09/26,1400/07/04,2021-09-26
11476000.0,11449000.0,11516000.0,11513000.0,53000.0,0.46,2021/09/28,1400/07/06,2021-09-28
11580000.0,11543000.0,11649000.0,11573000.0,60000.0,0.52,2021/09/29,1400/07/07,2021-09-29
11608000.0,11587000.0,11659000.0,11645000.0,72000.0,0.62,2021/09/30,1400/07/08,2021-09-30
11626000.0,11585000.0,11645000.0,11608000.0,37000.0,0.32,2021/10/02,1400/07/10,2021-10-02
11589000.0,11585000.0,11698000.0,11691000.0,83000.0,0.72,2021/10/03,1400/07/11,2021-10-03
11691000.0,11691000.0,11691000.0,11691000.0,,,2021/10/04,1400/07/12,2021-10-04
11594000.0,11594000.0,11594000.0,11594000.0,97000.0,0.84,2021/10/06,1400/07/14,2021-10-06
11408800.0,11243300.0,11519400.0,11394900.0,19100.0,0.17,2021/10/09,1400/07/17,2021-10-09
11414000.0,11287000.0,11423000.0,11319000.0,75900.0,0.67,2021/10/11,1400/07/19,2021-10-11
11257000.0,11215000.0,11426000.0,11414000.0,95000.0,0.84,2021/10/12,1400/07/20,2021-10-12
11412000.0,11393000.0,11465000.0,11416000.0,2000.0,0.02,2021/10/13,1400/07/21,2021-10-13
11416000.0,11416000.0,11416000.0,11416000.0,,,2021/10/14,1400/07/22,2021-10-14
11451000.0,11402000.0,11460000.0,11412000.0,4000.0,0.04,2021/10/16,1400/07/24,2021-10-16
11336000.0,11315000.0,11426000.0,11370000.0,42000.0,0.37,2021/10/17,1400/07/25,2021-10-17
11356000.0,11349000.0,11479000.0,11472000.0,102000.0,0.9,2021/10/18,1400/07/26,2021-10-18
11458000.0,11405000.0,11472000.0,11426000.0,46000.0,0.4,2021/10/19,1400/07/27,2021-10-19
11430000.0,11423000.0,11523000.0,11490000.0,64000.0,0.56,2021/10/20,1400/07/28,2021-10-20
11490000.0,11490000.0,11490000.0,11490000.0,,,2021/10/21,1400/07/29,2021-10-21
11629000.0,11629000.0,11629000.0,11629000.0,139000.0,1.21,2021/10/23,1400/08/01,2021-10-23
11673000.0,11599000.0,11682000.0,11633000.0,4000.0,0.03,2021/10/25,1400/08/03,2021-10-25
11645000.0,11622000.0,11770000.0,11714000.0,81000.0,0.7,2021/10/26,1400/08/04,2021-10-26
11735000.0,11691000.0,11735000.0,11716000.0,2000.0,0.02,2021/10/27,1400/08/05,2021-10-27
11716000.0,11716000.0,11716000.0,11716000.0,,,2021/10/28,1400/08/06,2021-10-28
11696000.0,11622000.0,11707000.0,11684000.0,32000.0,0.27,2021/10/30,1400/08/08,2021-10-30
11691000.0,11691000.0,11765000.0,11716000.0,32000.0,0.27,2021/10/31,1400/08/09,2021-10-31
11733000.0,11668000.0,11733000.0,11684000.0,32000.0,0.27,2021/11/01,1400/08/10,2021-11-01
11682000.0,11680000.0,11733000.0,11716000.0,32000.0,0.27,2021/11/02,1400/08/11,2021-11-02
11656000.0,11649000.0,11693000.0,11684000.0,32000.0,0.27,2021/11/03,1400/08/12,2021-11-03
11684000.0,11684000.0,11684000.0,11684000.0,,,2021/11/04,1400/08/13,2021-11-04
11980000.0,11922000.0,12030000.0,12014000.0,330000.0,2.82,2021/11/06,1400/08/15,2021-11-06
12023000.0,12014000.0,12084000.0,12037000.0,23000.0,0.19,2021/11/07,1400/08/16,2021-11-07
12118000.0,12067000.0,12169000.0,12146000.0,109000.0,0.91,2021/11/08,1400/08/17,2021-11-08
12217000.0,12217000.0,12545000.0,12520000.0,374000.0,3.08,2021/11/09,1400/08/18,2021-11-09
12494000.0,12494000.0,12684000.0,12638000.0,118000.0,0.94,2021/11/10,1400/08/19,2021-11-10
12638000.0,12638000.0,12638000.0,12638000.0,,,2021/11/11,1400/08/20,2021-11-11
12760000.0,12677000.0,12813000.0,12702000.0,64000.0,0.51,2021/11/13,1400/08/22,2021-11-13
12695000.0,12545000.0,12695000.0,12608000.0,94000.0,0.75,2021/11/14,1400/08/23,2021-11-14
12603000.0,12474000.0,12617000.0,12550000.0,58000.0,0.46,2021/11/15,1400/08/24,2021-11-15
12534000.0,12469000.0,12550000.0,12494000.0,56000.0,0.45,2021/11/16,1400/08/25,2021-11-16
12504000.0,12400000.0,12511000.0,12404000.0,90000.0,0.73,2021/11/17,1400/08/26,2021-11-17
12404000.0,12404000.0,12404000.0,12404000.0,,,2021/11/18,1400/08/27,2021-11-18
12365000.0,12310000.0,12428000.0,12395000.0,9000.0,0.07,2021/11/20,1400/08/29,2021-11-20
12397000.0,12395000.0,12520000.0,12520000.0,125000.0,1.01,2021/11/21,1400/08/30,2021-11-21
12506000.0,12305000.0,12520000.0,12358000.0,162000.0,1.31,2021/11/22,1400/09/01,2021-11-22
12361000.0,12347000.0,12552000.0,12524000.0,166000.0,1.34,2021/11/23,1400/09/02,2021-11-23
12531000.0,12488000.0,12534000.0,12504000.0,20000.0,0.16,2021/11/24,1400/09/03,2021-11-24
12504000.0,12504000.0,12504000.0,12504000.0,,,2021/11/25,1400/09/04,2021-11-25
12543000.0,12527000.0,12591000.0,12573000.0,69000.0,0.55,2021/11/27,1400/09/06,2021-11-27
12688000.0,12642000.0,12753000.0,12695000.0,122000.0,0.97,2021/11/28,1400/09/07,2021-11-28
12698000.0,12446000.0,12700000.0,12511000.0,184000.0,1.47,2021/11/29,1400/09/08,2021-11-29
12584000.0,12564000.0,12626000.0,12615000.0,104000.0,0.83,2021/11/30,1400/09/09,2021-11-30
12621000.0,12580000.0,12624000.0,12589000.0,26000.0,0.21,2021/12/01,1400/09/10,2021-12-01
12589000.0,12589000.0,12589000.0,12589000.0,,,2021/12/02,1400/09/11,2021-12-02
13097000.0,12965000.0,13102000.0,13044000.0,455000.0,3.61,2021/12/04,1400/09/13,2021-12-04
13053000.0,13051000.0,13219000.0,13194000.0,150000.0,1.15,2021/12/05,1400/09/14,2021-12-05
13203000.0,13159000.0,13240000.0,13169000.0,25000.0,0.19,2021/12/06,1400/09/15,2021-12-06
13185000.0,13035000.0,13217000.0,13095000.0,74000.0,0.57,2021/12/07,1400/09/16,2021-12-07
13097000.0,13062000.0,13143000.0,13067000.0,28000.0,0.21,2021/12/08,1400/09/17,2021-12-08
13067000.0,13067000.0,13067000.0,13067000.0,,,2021/12/09,1400/09/18,2021-12-09
12982000.0,12889000.0,13021000.0,12933000.0,134000.0,1.04,2021/12/11,1400/09/20,2021-12-11
12887000.0,12806000.0,12928000.0,12868000.0,65000.0,0.51,2021/12/12,1400/09/21,2021-12-12
12857000.0,12739000.0,12991000.0,12979000.0,111000.0,0.86,2021/12/13,1400/09/22,2021-12-13
13035000.0,12889000.0,13060000.0,12922000.0,57000.0,0.44,2021/12/14,1400/09/23,2021-12-14
12917000.0,12915000.0,13014000.0,12991000.0,69000.0,0.53,2021/12/15,1400/09/24,2021-12-15
12991000.0,12991000.0,12991000.0,12991000.0,,,2021/12/16,1400/09/25,2021-12-16
12802000.0,12769000.0,12848000.0,12815000.0,176000.0,1.37,2021/12/18,1400/09/27,2021-12-18
12832000.0,12785000.0,12868000.0,12862000.0,47000.0,0.37,2021/12/19,1400/09/28,2021-12-19
12845000.0,12845000.0,13005000.0,12972000.0,110000.0,0.86,2021/12/20,1400/09/29,2021-12-20
12993000.0,12968000.0,13079000.0,13005000.0,33000.0,0.25,2021/12/21,1400/09/30,2021-12-21
13109000.0,12972000.0,13109000.0,13019000.0,14000.0,0.11,2021/12/22,1400/10/01,2021-12-22
13019000.0,13019000.0,13019000.0,13019000.0,,,2021/12/23,1400/10/02,2021-12-23
12901000.0,12875000.0,13005000.0,12979000.0,40000.0,0.31,2021/12/25,1400/10/04,2021-12-25
12991000.0,12905000.0,12993000.0,12935000.0,44000.0,0.34,2021/12/26,1400/10/05,2021-12-26
12864000.0,12815000.0,12898000.0,12873000.0,62000.0,0.48,2021/12/27,1400/10/06,2021-12-27
12875000.0,12855000.0,12912000.0,12878000.0,5000.0,0.04,2021/12/28,1400/10/07,2021-12-28
12928000.0,12928000.0,12995000.0,12975000.0,97000.0,0.75,2021/12/29,1400/10/08,2021-12-29
12975000.0,12975000.0,12975000.0,12975000.0,,,2021/12/30,1400/10/09,2021-12-30
12933000.0,12836000.0,12959000.0,12938000.0,37000.0,0.29,2022/01/01,1400/10/11,2022-01-01
12843000.0,12785000.0,12878000.0,12808000.0,130000.0,1.01,2022/01/02,1400/10/12,2022-01-02
12783000.0,12582000.0,12813000.0,12668000.0,140000.0,1.11,2022/01/03,1400/10/13,2022-01-03
12672000.0,12531000.0,12684000.0,12654000.0,14000.0,0.11,2022/01/04,1400/10/14,2022-01-04
12654000.0,12654000.0,12654000.0,12654000.0,,,2022/01/05,1400/10/15,2022-01-05
12116000.0,11675000.0,12393000.0,11737000.0,917000.0,7.81,2022/01/08,1400/10/18,2022-01-08
11765000.0,11677000.0,12084000.0,11984000.0,247000.0,2.1,2022/01/09,1400/10/19,2022-01-09
11987000.0,11973000.0,12268000.0,12254000.0,270000.0,2.25,2022/01/10,1400/10/20,2022-01-10
12252000.0,12074000.0,12367000.0,12109000.0,145000.0,1.2,2022/01/11,1400/10/21,2022-01-11
12215000.0,12127000.0,12337000.0,12275000.0,166000.0,1.37,2022/01/12,1400/10/22,2022-01-12
12275000.0,12275000.0,12275000.0,12275000.0,,,2022/01/13,1400/10/23,2022-01-13
11984000.0,11933000.0,12058000.0,11977000.0,298000.0,2.49,2022/01/15,1400/10/25,2022-01-15
11984000.0,11811000.0,11989000.0,11855000.0,122000.0,1.03,2022/01/16,1400/10/26,2022-01-16
11860000.0,11716000.0,11968000.0,11917000.0,62000.0,0.52,2022/01/17,1400/10/27,2022-01-17
11933000.0,11924000.0,12120000.0,12100000.0,183000.0,1.54,2022/01/18,1400/10/28,2022-01-18
12093000.0,12088000.0,12215000.0,12180000.0,80000.0,0.66,2022/01/19,1400/10/29,2022-01-19
12180000.0,12180000.0,12180000.0,12180000.0,,,2022/01/20,1400/10/30,2022-01-20
12130000.0,12074000.0,12397000.0,12349000.0,169000.0,1.39,2022/01/22,1400/11/02,2022-01-22
12363000.0,12351000.0,12541000.0,12416000.0,67000.0,0.54,2022/01/23,1400/11/03,2022-01-23
12432000.0,12314000.0,12434000.0,12397000.0,19000.0,0.15,2022/01/24,1400/11/04,2022-01-24
12384000.0,12381000.0,12841000.0,12381000.0,16000.0,0.13,2022/01/25,1400/11/05,2022-01-25
12391000.0,12236000.0,12402000.0,12324000.0,57000.0,0.46,2022/01/26,1400/11/06,2022-01-26
12324000.0,12324000.0,12324000.0,12324000.0,,,2022/01/27,1400/11/07,2022-01-27
12254000.0,12150000.0,12324000.0,12277000.0,47000.0,0.38,2022/01/29,1400/11/09,2022-01-29
12273000.0,12118000.0,12287000.0,12167000.0,110000.0,0.9,2022/01/30,1400/11/10,2022-01-30
12157000.0,12127000.0,12310000.0,12169000.0,2000.0,0.02,2022/01/31,1400/11/11,2022-01-31
12130000.0,12040000.0,12134000.0,12088000.0,81000.0,0.67,2022/02/01,1400/11/12,2022-02-01
12102000.0,12067000.0,12162000.0,12109000.0,21000.0,0.17,2022/02/02,1400/11/13,2022-02-02
12109000.0,12109000.0,12109000.0,12109000.0,,,2022/02/03,1400/11/14,2022-02-03
11705000.0,11610000.0,11880000.0,11848000.0,261000.0,2.2,2022/02/05,1400/11/16,2022-02-05
11855000.0,11753000.0,11855000.0,11776000.0,72000.0,0.61,2022/02/06,1400/11/17,2022-02-06
11788000.0,11518000.0,11788000.0,11555000.0,221000.0,1.91,2022/02/07,1400/11/18,2022-02-07
11573000.0,11559000.0,11712000.0,11656000.0,101000.0,0.87,2022/02/08,1400/11/19,2022-02-08
11661000.0,11543000.0,11696000.0,11636000.0,20000.0,0.17,2022/02/09,1400/11/20,2022-02-09
11636000.0,11636000.0,11636000.0,11636000.0,,,2022/02/10,1400/11/21,2022-02-10
12033000.0,12033000.0,12210000.0,12176000.0,540000.0,4.64,2022/02/12,1400/11/23,2022-02-12
12174000.0,11905000.0,12275000.0,12095000.0,25000.0,0.21,2022/02/13,1400/11/24,2022-02-13
12040400.0,11655300.0,12235400.0,11904100.0,144900.0,1.22,2022/02/16,1400/11/27,2022-02-16
11862000.0,11686000.0,11867000.0,11730000.0,174100.0,1.48,2022/02/19,1400/11/30,2022-02-19
11723000.0,11696000.0,11804000.0,11749000.0,19000.0,0.16,2022/02/20,1400/12/01,2022-02-20
11756000.0,11746000.0,12040000.0,11885000.0,136000.0,1.16,2022/02/21,1400/12/02,2022-02-21
11883000.0,11860000.0,12021000.0,11908000.0,23000.0,0.19,2022/02/22,1400/12/03,2022-02-22
11901000.0,11897000.0,12331000.0,12301000.0,393000.0,3.3,2022/02/23,1400/12/04,2022-02-23
12301000.0,12301000.0,12301000.0,12301000.0,,,2022/02/24,1400/12/05,2022-02-24
12044000.0,11950000.0,12054000.0,12021000.0,280000.0,2.33,2022/02/26,1400/12/07,2022-02-26
12030000.0,12017000.0,12100000.0,12030000.0,9000.0,0.07,2022/02/27,1400/12/08,2022-02-27
12030000.0,12030000.0,12030000.0,12030000.0,,,2022/02/28,1400/12/09,2022-02-28
11996000.0,11982000.0,12067000.0,12000000.0,30000.0,0.25,2022/03/02,1400/12/11,2022-03-02
12000000.0,12000000.0,12000000.0,12000000.0,,,2022/03/03,1400/12/12,2022-03-03
11989000.0,11908000.0,11998000.0,11966000.0,34000.0,0.28,2022/03/05,1400/12/14,2022-03-05
11959000.0,11957000.0,12153000.0,12086000.0,120000.0,1.0,2022/03/06,1400/12/15,2022-03-06
12116000.0,12104000.0,12536000.0,12481000.0,395000.0,3.27,2022/03/07,1400/12/16,2022-03-07
12478000.0,12137000.0,12490000.0,12238000.0,243000.0,1.99,2022/03/08,1400/12/17,2022-03-08
12229000.0,12047000.0,12247000.0,12178000.0,60000.0,0.49,2022/03/09,1400/12/18,2022-03-09
12178000.0,12178000.0,12178000.0,12178000.0,,,2022/03/10,1400/12/19,2022-03-10
12234000.0,12234000.0,12451000.0,12384000.0,206000.0,1.69,2022/03/12,1400/12/21,2022-03-12
12402000.0,12197000.0,12404000.0,12301000.0,83000.0,0.67,2022/03/13,1400/12/22,2022-03-13
12307000.0,12178000.0,12347000.0,12241000.0,60000.0,0.49,2022/03/14,1400/12/23,2022-03-14
12247000.0,12118000.0,12268000.0,12157000.0,84000.0,0.69,2022/03/15,1400/12/24,2022-03-15
12167000.0,12137000.0,12305000.0,12291000.0,134000.0,1.1,2022/03/16,1400/12/25,2022-03-16
12291000.0,12291000.0,12291000.0,12291000.0,,,2022/03/17,1400/12/26,2022-03-17
12300000.0,12063800.0,12582800.0,12331300.0,40300.0,0.33,2022/03/18,1400/12/27,2022-03-18
12349000.0,12333000.0,12471000.0,12451000.0,119700.0,0.97,2022/03/26,1401/01/06,2022-03-26
12460000.0,12414000.0,12520000.0,12448000.0,3000.0,0.02,2022/03/27,1401/01/07,2022-03-27
12462000.0,12414000.0,12508000.0,12494000.0,46000.0,0.37,2022/03/28,1401/01/08,2022-03-28
12508000.0,12437000.0,12573000.0,12571000.0,77000.0,0.62,2022/03/29,1401/01/09,2022-03-29
12573000.0,12518000.0,12598000.0,12578000.0,7000.0,0.06,2022/03/30,1401/01/10,2022-03-30
12578000.0,12578000.0,12578000.0,12578000.0,,,2022/03/31,1401/01/11,2022-03-31
12511000.0,12497000.0,12776000.0,12758000.0,180000.0,1.43,2022/04/03,1401/01/14,2022-04-03
12755000.0,12753000.0,13012000.0,12940000.0,182000.0,1.43,2022/04/04,1401/01/15,2022-04-04
12931000.0,12758000.0,12945000.0,12802000.0,138000.0,1.08,2022/04/05,1401/01/16,2022-04-05
12795000.0,12795000.0,12949000.0,12878000.0,76000.0,0.59,2022/04/06,1401/01/17,2022-04-06
12878000.0,12878000.0,12878000.0,12878000.0,,,2022/04/07,1401/01/18,2022-04-07
13023000.0,13016000.0,13226000.0,13210000.0,332000.0,2.58,2022/04/09,1401/01/20,2022-04-09
13162000.0,13141000.0,13272000.0,13182000.0,28000.0,0.21,2022/04/10,1401/01/21,2022-04-10
13328000.0,13180000.0,13344000.0,13242000.0,60000.0,0.46,2022/04/11,1401/01/22,2022-04-11
13245000.0,13125000.0,13245000.0,13148000.0,94000.0,0.71,2022/04/12,1401/01/23,2022-04-12
13139000.0,13030000.0,13150000.0,13069000.0,79000.0,0.6,2022/04/13,1401/01/24,2022-04-13
13069000.0,13069000.0,13069000.0,13069000.0,,,2022/04/14,1401/01/25,2022-04-14
13222000.0,13157000.0,13263000.0,13166000.0,97000.0,0.74,2022/04/16,1401/01/27,2022-04-16
13215000.0,13118000.0,13272000.0,13136000.0,30000.0,0.23,2022/04/17,1401/01/28,2022-04-17
13076000.0,12975000.0,13134000.0,12993000.0,143000.0,1.1,2022/04/18,1401/01/29,2022-04-18
12933000.0,12926000.0,13118000.0,13076000.0,83000.0,0.64,2022/04/19,1401/01/30,2022-04-19
13106100.0,12838700.0,13324900.0,12938400.0,137600.0,1.06,2022/04/20,1401/01/31,2022-04-20
12859000.0,12767000.0,12901000.0,12778000.0,160400.0,1.26,2022/04/24,1401/02/04,2022-04-24
12781000.0,12748000.0,12922000.0,12862000.0,84000.0,0.66,2022/04/25,1401/02/05,2022-04-25
12859000.0,12855000.0,12977000.0,12924000.0,62000.0,0.48,2022/04/26,1401/02/06,2022-04-26
12901000.0,12882000.0,12986000.0,12949000.0,25000.0,0.19,2022/04/27,1401/02/07,2022-04-27
12949000.0,12949000.0,12949000.0,12949000.0,,,2022/04/28,1401/02/08,2022-04-28
12892000.0,12871000.0,12998000.0,12965000.0,16000.0,0.12,2022/04/30,1401/02/10,2022-04-30
12945000.0,12905000.0,12998000.0,12922000.0,43000.0,0.33,2022/05/01,1401/02/11,2022-05-01
12922000.0,12922000.0,12922000.0,12922000.0,,,2022/05/02,1401/02/12,2022-05-02
13072000.0,13072000.0,13072000.0,13072000.0,150000.0,1.16,2022/05/05,1401/02/15,2022-05-05
13134000.0,13085000.0,13176000.0,13111000.0,39000.0,0.3,2022/05/07,1401/02/17,2022-05-07
13139000.0,13081000.0,13162000.0,13104000.0,7000.0,0.05,2022/05/08,1401/02/18,2022-05-08
13157600.0,13083900.0,13570000.0,13423700.0,238700.0,1.81,2022/05/09,1401/02/19,2022-05-09
13180000.0,13180000.0,13614000.0,13441000.0,17300.0,0.13,2022/05/11,1401/02/21,2022-05-11
13951000.0,13951000.0,13951000.0,13951000.0,510000.0,3.79,2022/05/12,1401/02/22,2022-05-12
13623000.0,13580000.0,13843000.0,13817000.0,134000.0,0.97,2022/05/14,1401/02/24,2022-05-14
13820000.0,13693000.0,13824000.0,13746000.0,71000.0,0.52,2022/05/15,1401/02/25,2022-05-15
13748000.0,13559000.0,13778000.0,13600000.0,146000.0,1.07,2022/05/16,1401/02/26,2022-05-16
13593000.0,13464000.0,13593000.0,13501000.0,99000.0,0.73,2022/05/17,1401/02/27,2022-05-17
13489000.0,13487000.0,13570000.0,13561000.0,60000.0,0.44,2022/05/18,1401/02/28,2022-05-18
13561000.0,13561000.0,13561000.0,13561000.0,,,2022/05/19,1401/02/29,2022-05-19
13840000.0,13739000.0,14020000.0,13797000.0,236000.0,1.74,2022/05/21,1401/02/31,2022-05-21
13743000.0,13711000.0,13843000.0,13783000.0,14000.0,0.1,2022/05/22,1401/03/01,2022-05-22
13780000.0,13764000.0,13917000.0,13794000.0,11000.0,0.08,2022/05/23,1401/03/02,2022-05-23
13797000.0,13794000.0,13868000.0,13801000.0,7000.0,0.05,2022/05/24,1401/03/03,2022-05-24
13867800.0,13690200.0,14077200.0,13892500.0,3500.0,0.03,2022/05/25,1401/03/04,2022-05-25
13905000.0,13887000.0,14071000.0,14067000.0,174500.0,1.26,2022/05/28,1401/03/07,2022-05-28
14101000.0,14069000.0,14256000.0,14217000.0,150000.0,1.07,2022/05/29,1401/03/08,2022-05-29
14182000.0,14177000.0,14344000.0,14270000.0,53000.0,0.37,2022/05/30,1401/03/09,2022-05-30
14281000.0,14221000.0,14478000.0,14473000.0,203000.0,1.42,2022/05/31,1401/03/10,2022-05-31
14443000.0,14279000.0,14450000.0,14304000.0,169000.0,1.18,2022/06/01,1401/03/11,2022-06-01
14304000.0,14304000.0,14304000.0,14304000.0,,,2022/06/02,1401/03/12,2022-06-02
14288000.0,14233000.0,14466000.0,14420000.0,116000.0,0.81,2022/06/06,1401/03/16,2022-06-06
14397000.0,14388000.0,14461000.0,14429000.0,9000.0,0.06,2022/06/07,1401/03/17,2022-06-07
14870000.0,14870000.0,14870000.0,14870000.0,441000.0,3.06,2022/06/08,1401/03/18,2022-06-08
14408000.0,14408000.0,14408000.0,14408000.0,462000.0,3.21,2022/06/09,1401/03/19,2022-06-09
14831000.0,14775000.0,15163000.0,15082000.0,674000.0,4.68,2022/06/11,1401/03/21,2022-06-11
15078000.0,14690000.0,15101000.0,14715000.0,367000.0,2.49,2022/06/12,1401/03/22,2022-06-12
14720000.0,14429000.0,14738000.0,14448000.0,267000.0,1.85,2022/06/13,1401/03/23,2022-06-13
14434000.0,14231000.0,14496000.0,14274000.0,174000.0,1.22,2022/06/14,1401/03/24,2022-06-14
14286000.0,14007000.0,14295000.0,14145000.0,129000.0,0.91,2022/06/15,1401/03/25,2022-06-15
14145000.0,14145000.0,14145000.0,14145000.0,,,2022/06/16,1401/03/26,2022-06-16
14503000.0,14233000.0,14531000.0,14270000.0,125000.0,0.88,2022/06/18,1401/03/28,2022-06-18
14286000.0,14254000.0,14385000.0,14326000.0,56000.0,0.39,2022/06/19,1401/03/29,2022-06-19
14344000.0,14286000.0,14441000.0,14390000.0,64000.0,0.45,2022/06/20,1401/03/30,2022-06-20
14418000.0,14397000.0,14505000.0,14434000.0,44000.0,0.31,2022/06/21,1401/03/31,2022-06-21
14445000.0,14351000.0,14498000.0,14445000.0,11000.0,0.08,2022/06/22,1401/04/01,2022-06-22
14445000.0,14445000.0,14445000.0,14445000.0,,,2022/06/23,1401/04/02,2022-06-23
14131000.0,13928000.0,14164000.0,13935000.0,510000.0,3.66,2022/06/25,1401/04/04,2022-06-25
13942000.0,13365000.0,14020000.0,13538000.0,397000.0,2.93,2022/06/26,1401/04/05,2022-06-26
13543000.0,13536000.0,13702000.0,13577000.0,39000.0,0.29,2022/06/27,1401/04/06,2022-06-27
13584000.0,13580000.0,13914000.0,13843000.0,266000.0,1.96,2022/06/28,1401/04/07,2022-06-28
13854000.0,13843000.0,14441000.0,14341000.0,498000.0,3.6,2022/06/29,1401/04/08,2022-06-29
14341000.0,14341000.0,14341000.0,14341000.0,,,2022/06/30,1401/04/09,2022-06-30
14551000.0,14228000.0,14581000.0,14235000.0,106000.0,0.74,2022/07/02,1401/04/11,2022-07-02
14194000.0,13787000.0,14265000.0,14247000.0,12000.0,0.08,2022/07/03,1401/04/12,2022-07-03
14228000.0,13640000.0,14244000.0,13646000.0,601000.0,4.4,2022/07/04,1401/04/13,2022-07-04
13642000.0,13642000.0,14085000.0,13720000.0,74000.0,0.54,2022/07/05,1401/04/14,2022-07-05
13676000.0,13538000.0,13887000.0,13817000.0,97000.0,0.71,2022/07/06,1401/04/15,2022-07-06
13817000.0,13817000.0,13817000.0,13817000.0,,,2022/07/07,1401/04/16,2022-07-07
13851000.0,13836000.0,13857000.0,13845000.0,28000.0,0.2,2022/07/09,1401/04/18,2022-07-09
13898000.0,13764000.0,13903000.0,13813000.0,32000.0,0.23,2022/07/11,1401/04/20,2022-07-11
13817000.0,13750000.0,14030000.0,13997000.0,184000.0,1.33,2022/07/12,1401/04/21,2022-07-12
13979000.0,13799000.0,13986000.0,13810000.0,187000.0,1.35,2022/07/13,1401/04/22,2022-07-13
13810000.0,13810000.0,13810000.0,13810000.0,,,2022/07/14,1401/04/23,2022-07-14
13739000.0,13506000.0,13739000.0,13672000.0,138000.0,1.01,2022/07/16,1401/04/25,2022-07-16
13672000.0,13672000.0,13672000.0,13672000.0,,,2022/07/17,1401/04/26,2022-07-17
13501000.0,13369000.0,13550000.0,13506000.0,166000.0,1.23,2022/07/19,1401/04/28,2022-07-19
13496000.0,13358000.0,13552000.0,13536000.0,30000.0,0.22,2022/07/20,1401/04/29,2022-07-20
13536000.0,13536000.0,13536000.0,13536000.0,,,2022/07/21,1401/04/30,2022-07-21
13559000.0,13450000.0,13577000.0,13485000.0,51000.0,0.38,2022/07/23,1401/05/01,2022-07-23
13476000.0,13376000.0,13586000.0,13457000.0,28000.0,0.21,2022/07/24,1401/05/02,2022-07-24
13455000.0,13446000.0,13651000.0,13538000.0,81000.0,0.6,2022/07/25,1401/05/03,2022-07-25
13554000.0,13480000.0,13598000.0,13531000.0,7000.0,0.05,2022/07/26,1401/05/04,2022-07-26
13522000.0,13520000.0,13748000.0,13623000.0,92000.0,0.68,2022/07/27,1401/05/05,2022-07-27
13623000.0,13623000.0,13623000.0,13623000.0,,,2022/07/28,1401/05/06,2022-07-28
13767000.0,13646000.0,13783000.0,13683000.0,60000.0,0.44,2022/07/30,1401/05/08,2022-07-30
13656000.0,13570000.0,13679000.0,13598000.0,85000.0,0.63,2022/07/31,1401/05/09,2022-07-31
13582000.0,13582000.0,13757000.0,13665000.0,67000.0,0.49,2022/08/01,1401/05/10,2022-08-01
13660000.0,13478000.0,13690000.0,13550000.0,115000.0,0.85,2022/08/02,1401/05/11,2022-08-02
13561000.0,13559000.0,13750000.0,13741000.0,191000.0,1.41,2022/08/03,1401/05/12,2022-08-03
13741000.0,13741000.0,13741000.0,13741000.0,,,2022/08/04,1401/05/13,2022-08-04
13676000.0,13676000.0,13676000.0,13676000.0,65000.0,0.48,2022/08/06,1401/05/15,2022-08-06
13727000.0,13478000.0,13730000.0,13589000.0,87000.0,0.64,2022/08/09,1401/05/18,2022-08-09
13563000.0,13515000.0,13741000.0,13732000.0,143000.0,1.05,2022/08/10,1401/05/19,2022-08-10
13732000.0,13732000.0,13732000.0,13732000.0,,,2022/08/11,1401/05/20,2022-08-11
13266000.0,13132000.0,13291000.0,13282000.0,450000.0,3.39,2022/08/13,1401/05/22,2022-08-13
13279000.0,12982000.0,13293000.0,13005000.0,277000.0,2.13,2022/08/14,1401/05/23,2022-08-14
13007000.0,13005000.0,13169000.0,13028000.0,23000.0,0.18,2022/08/15,1401/05/24,2022-08-15
13025000.0,12695000.0,13032000.0,12845000.0,183000.0,1.42,2022/08/16,1401/05/25,2022-08-16
12822000.0,12723000.0,12894000.0,12751000.0,94000.0,0.74,2022/08/17,1401/05/26,2022-08-17
12751000.0,12751000.0,12751000.0,12751000.0,,,2022/08/18,1401/05/27,2022-08-18
11892000.0,11850000.0,12513000.0,12361000.0,390000.0,3.16,2022/08/20,1401/05/29,2022-08-20
12349000.0,12301000.0,12723000.0,12337000.0,24000.0,0.19,2022/08/21,1401/05/30,2022-08-21
12344000.0,12335000.0,12670000.0,12511000.0,174000.0,1.41,2022/08/22,1401/05/31,2022-08-22
12508000.0,12312000.0,12524000.0,12485000.0,26000.0,0.21,2022/08/23,1401/06/01,2022-08-23
12492000.0,12451000.0,12880000.0,12845000.0,360000.0,2.88,2022/08/24,1401/06/02,2022-08-24
12845000.0,12845000.0,12845000.0,12845000.0,,,2022/08/25,1401/06/03,2022-08-25
12728000.0,12554000.0,13019000.0,12561000.0,284000.0,2.26,2022/08/27,1401/06/05,2022-08-27
12557000.0,12531000.0,12684000.0,12647000.0,86000.0,0.68,2022/08/28,1401/06/06,2022-08-28
12651000.0,12573000.0,12718000.0,12654000.0,7000.0,0.06,2022/08/29,1401/06/07,2022-08-29
12656000.0,12640000.0,12795000.0,12691000.0,37000.0,0.29,2022/08/30,1401/06/08,2022-08-30
12681000.0,12543000.0,12686000.0,12564000.0,127000.0,1.01,2022/08/31,1401/06/09,2022-08-31
12564000.0,12564000.0,12564000.0,12564000.0,,,2022/09/01,1401/06/10,2022-09-01
12702000.0,12688000.0,12871000.0,12834000.0,270000.0,2.15,2022/09/03,1401/06/12,2022-09-03
12836000.0,12716000.0,12848000.0,12730000.0,104000.0,0.82,2022/09/04,1401/06/13,2022-09-04
12710000.0,12710000.0,12836000.0,12762000.0,32000.0,0.25,2022/09/05,1401/06/14,2022-09-05
12753000.0,12633000.0,12778000.0,12758000.0,4000.0,0.03,2022/09/06,1401/06/15,2022-09-06
12767000.0,12758000.0,12871000.0,12827000.0,69000.0,0.54,2022/09/07,1401/06/16,2022-09-07
12827000.0,12827000.0,12827000.0,12827000.0,,,2022/09/08,1401/06/17,2022-09-08
12864000.0,12848000.0,12998000.0,12989000.0,162000.0,1.26,2022/09/10,1401/06/19,2022-09-10
13122000.0,13088000.0,13272000.0,13259000.0,270000.0,2.08,2022/09/11,1401/06/20,2022-09-11
13249000.0,13231000.0,13492000.0,13379000.0,120000.0,0.91,2022/09/12,1401/06/21,2022-09-12
13376000.0,13120000.0,13379000.0,13252000.0,127000.0,0.96,2022/09/13,1401/06/22,2022-09-13
13236000.0,13224000.0,13339000.0,13224000.0,28000.0,0.21,2022/09/14,1401/06/23,2022-09-14
13224000.0,13224000.0,13224000.0,13224000.0,,,2022/09/15,1401/06/24,2022-09-15
13088000.0,13021000.0,13136000.0,13069000.0,155000.0,1.19,2022/09/18,1401/06/27,2022-09-18
13062000.0,13039000.0,13166000.0,13065000.0,4000.0,0.03,2022/09/19,1401/06/28,2022-09-19
13079000.0,12935000.0,13275000.0,13212000.0,147000.0,1.13,2022/09/20,1401/06/29,2022-09-20
13215000.0,13189000.0,13346000.0,13323000.0,111000.0,0.84,2022/09/21,1401/06/30,2022-09-21
13323000.0,13323000.0,13323000.0,13323000.0,,,2022/09/22,1401/06/31,2022-09-22
13109000.0,13109000.0,13109000.0,13109000.0,214000.0,1.63,2022/09/24,1401/07/02,2022-09-24
13113000.0,13113000.0,13113000.0,13113000.0,4000.0,0.03,2022/09/26,1401/07/04,2022-09-26
13176000.0,13159000.0,13305000.0,13298000.0,185000.0,1.41,2022/09/28,1401/07/06,2022-09-28
13298000.0,13298000.0,13298000.0,13298000.0,,,2022/09/29,1401/07/07,2022-09-29
13748000.0,13697000.0,13863000.0,13767000.0,469000.0,3.53,2022/10/01,1401/07/09,2022-10-01
13778000.0,13720000.0,13979000.0,13928000.0,161000.0,1.17,2022/10/02,1401/07/10,2022-10-02
13935000.0,13891000.0,14002000.0,13986000.0,58000.0,0.42,2022/10/03,1401/07/11,2022-10-03
13986000.0,13986000.0,13986000.0,13986000.0,,,2022/10/04,1401/07/12,2022-10-04
13865300.0,13671100.0,13959500.0,13762000.0,224000.0,1.63,2022/10/05,1401/07/13,2022-10-05
13757000.0,13501000.0,13760000.0,13501000.0,261000.0,1.93,2022/10/08,1401/07/16,2022-10-08
13517000.0,13439000.0,13656000.0,13538000.0,37000.0,0.27,2022/10/09,1401/07/17,2022-10-09
13536000.0,13536000.0,13672000.0,13598000.0,60000.0,0.44,2022/10/10,1401/07/18,2022-10-10
13586000.0,13570000.0,13656000.0,13614000.0,16000.0,0.12,2022/10/11,1401/07/19,2022-10-11
13616000.0,13603000.0,13709000.0,13616000.0,2000.0,0.01,2022/10/12,1401/07/20,2022-10-12
13616000.0,13616000.0,13616000.0,13616000.0,,,2022/10/13,1401/07/21,2022-10-13
13462000.0,13455000.0,13616000.0,13550000.0,66000.0,0.49,2022/10/15,1401/07/23,2022-10-15
13556000.0,13473000.0,13580000.0,13492000.0,58000.0,0.43,2022/10/16,1401/07/24,2022-10-16
13501000.0,13374000.0,13501000.0,13450000.0,42000.0,0.31,2022/10/17,1401/07/25,2022-10-17
13448000.0,13386000.0,13494000.0,13404000.0,46000.0,0.34,2022/10/18,1401/07/26,2022-10-18
13395000.0,13305000.0,13439000.0,13406000.0,2000.0,0.01,2022/10/19,1401/07/27,2022-10-19
13406000.0,13406000.0,13406000.0,13406000.0,,,2022/10/20,1401/07/28,2022-10-20
13538000.0,13404000.0,13563000.0,13420000.0,14000.0,0.1,2022/10/22,1401/07/30,2022-10-22
13423000.0,13351000.0,13443000.0,13369000.0,51000.0,0.38,2022/10/23,1401/08/01,2022-10-23
13376000.0,13374000.0,13494000.0,13483000.0,114000.0,0.85,2022/10/24,1401/08/02,2022-10-24
13469000.0,13469000.0,13619000.0,13616000.0,133000.0,0.99,2022/10/25,1401/08/03,2022-10-25
13603900.0,13440900.0,13847400.0,13539800.0,76200.0,0.56,2022/10/26,1401/08/04,2022-10-26
13485000.0,13473000.0,13577000.0,13561000.0,21200.0,0.16,2022/10/29,1401/08/07,2022-10-29
13559000.0,13556000.0,13633000.0,13605000.0,44000.0,0.32,2022/10/30,1401/08/08,2022-10-30
13600000.0,13593000.0,13787000.0,13748000.0,143000.0,1.05,2022/10/31,1401/08/09,2022-10-31
13734000.0,13732000.0,14094000.0,13965000.0,217000.0,1.58,2022/11/01,1401/08/10,2022-11-01
13963000.0,13891000.0,13963000.0,13930000.0,35000.0,0.25,2022/11/02,1401/08/11,2022-11-02
13930000.0,13930000.0,13930000.0,13930000.0,,,2022/11/03,1401/08/12,2022-11-03
14491000.0,14471000.0,14808000.0,14801000.0,871000.0,6.25,2022/11/05,1401/08/14,2022-11-05
14808000.0,14725000.0,15057000.0,14861000.0,60000.0,0.41,2022/11/06,1401/08/15,2022-11-06
14859000.0,14535000.0,14859000.0,14745000.0,116000.0,0.79,2022/11/07,1401/08/16,2022-11-07
14755000.0,14519000.0,14870000.0,14667000.0,78000.0,0.53,2022/11/08,1401/08/17,2022-11-08
14674000.0,14498000.0,14688000.0,14660000.0,7000.0,0.05,2022/11/09,1401/08/18,2022-11-09
14660000.0,14660000.0,14660000.0,14660000.0,,,2022/11/10,1401/08/19,2022-11-10
14805000.0,14773000.0,14923000.0,14870000.0,210000.0,1.43,2022/11/12,1401/08/21,2022-11-12
14875000.0,14868000.0,15110000.0,15089000.0,219000.0,1.47,2022/11/13,1401/08/22,2022-11-13
15082000.0,15082000.0,15269000.0,15205000.0,116000.0,0.77,2022/11/14,1401/08/23,2022-11-14
15207000.0,15140000.0,15207000.0,15147000.0,58000.0,0.38,2022/11/15,1401/08/24,2022-11-15
15142000.0,14812000.0,15149000.0,14856000.0,291000.0,1.96,2022/11/16,1401/08/25,2022-11-16
14856000.0,14856000.0,14856000.0,14856000.0,,,2022/11/17,1401/08/26,2022-11-17
14872000.0,14815000.0,15052000.0,15013000.0,157000.0,1.06,2022/11/19,1401/08/28,2022-11-19
14912000.0,14879000.0,14995000.0,14916000.0,97000.0,0.65,2022/11/20,1401/08/29,2022-11-20
14919000.0,14895000.0,15034000.0,14997000.0,81000.0,0.54,2022/11/21,1401/08/30,2022-11-21
15020000.0,14928000.0,15032000.0,14955000.0,42000.0,0.28,2022/11/22,1401/09/01,2022-11-22
14962000.0,14955000.0,15671000.0,15034000.0,79000.0,0.53,2022/11/23,1401/09/02,2022-11-23
15034000.0,15034000.0,15034000.0,15034000.0,,,2022/11/24,1401/09/03,2022-11-24
15043000.0,15018000.0,15323000.0,15297000.0,263000.0,1.75,2022/11/26,1401/09/05,2022-11-26
15390000.0,15237000.0,15496000.0,15286000.0,11000.0,0.07,2022/11/27,1401/09/06,2022-11-27
15293000.0,15221000.0,15369000.0,15276000.0,10000.0,0.07,2022/11/28,1401/09/07,2022-11-28
15269000.0,15267000.0,15551000.0,15544000.0,268000.0,1.75,2022/11/29,1401/09/08,2022-11-29
15542000.0,15542000.0,15782000.0,15773000.0,229000.0,1.47,2022/11/30,1401/09/09,2022-11-30
15773000.0,15773000.0,15773000.0,15773000.0,,,2022/12/01,1401/09/10,2022-12-01
15918000.0,15863000.0,15978000.0,15948000.0,175000.0,1.11,2022/12/03,1401/09/12,2022-12-03
15944000.0,15692000.0,16154000.0,15807000.0,141000.0,0.89,2022/12/04,1401/09/13,2022-12-04
15812000.0,15720000.0,15840000.0,15747000.0,60000.0,0.38,2022/12/05,1401/09/14,2022-12-05
15738000.0,15639000.0,15791000.0,15764000.0,17000.0,0.11,2022/12/06,1401/09/15,2022-12-06
15918600.0,15778500.0,16292000.0,16035500.0,101500.0,0.64,2022/12/07,1401/09/16,2022-12-07
16267000.0,16258000.0,16472000.0,16463000.0,427500.0,2.67,2022/12/10,1401/09/19,2022-12-10
16454000.0,16412000.0,16724000.0,16724000.0,261000.0,1.59,2022/12/11,1401/09/20,2022-12-11
16717000.0,16611000.0,17017000.0,16978000.0,254000.0,1.52,2022/12/12,1401/09/21,2022-12-12
16982000.0,16535000.0,17121000.0,16752000.0,226000.0,1.35,2022/12/13,1401/09/22,2022-12-13
16942000.0,16632000.0,16982000.0,16902000.0,150000.0,0.9,2022/12/14,1401/09/23,2022-12-14
16902000.0,16902000.0,16902000.0,16902000.0,,,2022/12/15,1401/09/24,2022-12-15
17629000.0,17079000.0,17664000.0,17421000.0,519000.0,3.07,2022/12/17,1401/09/26,2022-12-17
17437000.0,17296000.0,17673000.0,17664000.0,243000.0,1.39,2022/12/18,1401/09/27,2022-12-18
17657000.0,17093000.0,17754000.0,17417000.0,247000.0,1.42,2022/12/19,1401/09/28,2022-12-19
17421000.0,17389000.0,17779000.0,17694000.0,277000.0,1.59,2022/12/20,1401/09/29,2022-12-20
17689000.0,17689000.0,18021000.0,18001000.0,307000.0,1.74,2022/12/21,1401/09/30,2022-12-21
18001000.0,18001000.0,18001000.0,18001000.0,,,2022/12/22,1401/10/01,2022-12-22
18326000.0,18266000.0,18518000.0,18460000.0,459000.0,2.55,2022/12/24,1401/10/03,2022-12-24
18453000.0,18451000.0,18968000.0,18783000.0,323000.0,1.75,2022/12/25,1401/10/04,2022-12-25
18783000.0,18783000.0,18783000.0,18783000.0,,,2022/12/26,1401/10/05,2022-12-26
19917000.0,19917000.0,19926000.0,19921000.0,1138000.0,6.06,2022/12/28,1401/10/07,2022-12-28
19153000.0,19153000.0,19153000.0,19153000.0,768000.0,4.01,2022/12/29,1401/10/08,2022-12-29
18028000.0,17943000.0,18617000.0,18552000.0,601000.0,3.24,2022/12/31,1401/10/10,2022-12-31
18543000.0,18497000.0,18552000.0,18497000.0,55000.0,0.3,2023/01/01,1401/10/11,2023-01-01
18502000.0,17539000.0,18506000.0,17952000.0,545000.0,3.04,2023/01/02,1401/10/12,2023-01-02
17961000.0,17781000.0,18238000.0,18056000.0,104000.0,0.58,2023/01/03,1401/10/13,2023-01-03
18047000.0,17954000.0,18079000.0,18049000.0,7000.0,0.04,2023/01/04,1401/10/14,2023-01-04
18049000.0,18049000.0,18049000.0,18049000.0,,,2023/01/05,1401/10/15,2023-01-05
18952000.0,18405000.0,19210000.0,18991000.0,942000.0,5.22,2023/01/07,1401/10/17,2023-01-07
18916800.0,18522100.0,19104000.0,18852100.0,6100.0,0.03,2023/01/08,1401/10/18,2023-01-08
18841000.0,18716000.0,18956000.0,18878000.0,25900.0,0.14,2023/01/10,1401/10/20,2023-01-10
18936200.0,18680500.0,19650000.0,19253400.0,167400.0,0.88,2023/01/11,1401/10/21,2023-01-11
19307000.0,19113000.0,19326000.0,19215000.0,38400.0,0.2,2023/01/14,1401/10/24,2023-01-14
19217000.0,19217000.0,19420000.0,19418000.0,203000.0,1.06,2023/01/15,1401/10/25,2023-01-15
19411000.0,19411000.0,20053000.0,19914000.0,496000.0,2.55,2023/01/16,1401/10/26,2023-01-16
19921000.0,19882000.0,20365000.0,20272000.0,358000.0,1.8,2023/01/17,1401/10/27,2023-01-17
20237600.0,19849000.0,20939900.0,20591900.0,256900.0,1.26,2023/01/18,1401/10/28,2023-01-18
20614000.0,20540000.0,21380000.0,20840000.0,248100.0,1.2,2023/01/21,1401/11/01,2023-01-21
20854000.0,20656000.0,21184000.0,20838000.0,2000.0,0.01,2023/01/22,1401/11/02,2023-01-22
20831000.0,20194000.0,21023000.0,20365000.0,473000.0,2.32,2023/01/23,1401/11/03,2023-01-23
20360000.0,20035000.0,20769000.0,20626000.0,261000.0,1.28,2023/01/24,1401/11/04,2023-01-24
20778200.0,20628500.0,21490100.0,21075000.0,100000.0,0.47,2023/01/25,1401/11/05,2023-01-25
20960000.0,20960000.0,21461000.0,21369000.0,294000.0,1.4,2023/01/28,1401/11/08,2023-01-28
21360000.0,20946000.0,21404000.0,21127000.0,242000.0,1.15,2023/01/29,1401/11/09,2023-01-29
21120000.0,20681000.0,21127000.0,20702000.0,425000.0,2.05,2023/01/30,1401/11/10,2023-01-30
20711000.0,20702000.0,21415000.0,21415000.0,713000.0,3.44,2023/01/31,1401/11/11,2023-01-31
21637000.0,21476000.0,21918000.0,21632000.0,148000.0,0.68,2023/02/01,1401/11/12,2023-02-01
20889000.0,20681000.0,21233000.0,20690000.0,942000.0,4.55,2023/02/05,1401/11/16,2023-02-05
20699000.0,20510000.0,20976000.0,20681000.0,9000.0,0.04,2023/02/06,1401/11/17,2023-02-06
20746000.0,20531000.0,21030000.0,20880000.0,199000.0,0.96,2023/02/07,1401/11/18,2023-02-07
20936200.0,20718400.0,21373900.0,21164400.0,47400.0,0.22,2023/02/08,1401/11/19,2023-02-08
21323000.0,21163000.0,21457000.0,21198000.0,33600.0,0.16,2023/02/12,1401/11/23,2023-02-12
21196000.0,21196000.0,21484000.0,21424000.0,226000.0,1.07,2023/02/13,1401/11/24,2023-02-13
21707400.0,21325300.0,22280400.0,21845700.0,171700.0,0.79,2023/02/14,1401/11/25,2023-02-14
21847000.0,21838000.0,22156000.0,22015000.0,169300.0,0.77,2023/02/16,1401/11/27,2023-02-16
22812000.0,22812000.0,23701000.0,23438000.0,1423000.0,6.46,2023/02/19,1401/11/30,2023-02-19
23442000.0,23094000.0,23615000.0,23135000.0,303000.0,1.31,2023/02/20,1401/12/01,2023-02-20
23179000.0,23170000.0,24035000.0,24008000.0,873000.0,3.77,2023/02/21,1401/12/02,2023-02-21
26630000.0,25790000.0,27160000.0,26350000.0,50000.0,0.19,2023/02/22,1401/12/03,2023-02-22
27320000.0,26920000.0,27660000.0,27290000.0,940000.0,3.57,2023/02/25,1401/12/06,2023-02-25
27902200.0,25473100.0,28278800.0,25740900.0,1549100.0,6.02,2023/02/26,1401/12/07,2023-02-26
25777200.0,25292500.0,26425400.0,26050300.0,309400.0,1.2,2023/02/27,1401/12/08,2023-02-27
25340000.0,24319000.0,25511000.0,25086000.0,964300.0,3.84,2023/02/28,1401/12/09,2023-02-28
25049000.0,24918700.0,25330100.0,25129100.0,112100.0,0.45,2023/03/01,1401/12/10,2023-03-01
25148000.0,23135000.0,25155000.0,23433000.0,1696100.0,7.24,2023/03/04,1401/12/13,2023-03-04
23435000.0,22897000.0,23666000.0,23472000.0,39000.0,0.17,2023/03/05,1401/12/14,2023-03-05
23481000.0,21750000.0,23481000.0,23204000.0,268000.0,1.15,2023/03/06,1401/12/15,2023-03-06
23480700.0,22561900.0,23760100.0,22928800.0,275200.0,1.2,2023/03/07,1401/12/16,2023-03-07
22819000.0,22098900.0,23120200.0,22492600.0,436200.0,1.94,2023/03/08,1401/12/17,2023-03-08
20469000.0,19912000.0,21219000.0,19926000.0,2566600.0,12.88,2023/03/11,1401/12/20,2023-03-11
19912000.0,19912000.0,22396000.0,21704000.0,1778000.0,8.92,2023/03/12,1401/12/21,2023-03-12
21697000.0,21690000.0,23250000.0,22840000.0,1136000.0,5.23,2023/03/13,1401/12/22,2023-03-13
22837000.0,22533000.0,23170000.0,23165000.0,325000.0,1.42,2023/03/14,1401/12/23,2023-03-14
23141800.0,23026000.0,24720700.0,24217000.0,1070000.0,4.62,2023/03/15,1401/12/24,2023-03-15
25671600.0,25245400.0,26802700.0,26323700.0,82300.0,0.31,2023/03/18,1401/12/27,2023-03-18
25707500.0,25388700.0,26721500.0,26370800.0,47100.0,0.18,2023/03/24,1402/01/04,2023-03-24
25790000.0,25289600.0,26401000.0,26018600.0,352200.0,1.35,2023/03/25,1402/01/05,2023-03-25
25754800.0,25481700.0,26641900.0,26328600.0,310000.0,1.19,2023/03/26,1402/01/06,2023-03-26
25551500.0,25364900.0,26143600.0,25933600.0,395000.0,1.52,2023/03/27,1402/01/07,2023-03-27
25783800.0,25654800.0,26711800.0,26301500.0,367900.0,1.42,2023/03/28,1402/01/08,2023-03-28
25755400.0,25466900.0,26277000.0,26009200.0,292300.0,1.12,2023/03/29,1402/01/09,2023-03-29
25753000.0,24903000.0,25848000.0,25827000.0,182200.0,0.71,2023/04/03,1402/01/14,2023-04-03
25832000.0,25799000.0,26344000.0,25952000.0,125000.0,0.48,2023/04/04,1402/01/15,2023-04-04
25938000.0,25291000.0,25952000.0,25490000.0,462000.0,1.81,2023/04/05,1402/01/16,2023-04-05
25533000.0,25043000.0,25982000.0,25487000.0,3000.0,0.01,2023/04/06,1402/01/17,2023-04-06
25481000.0,24728000.0,25485000.0,24869000.0,618000.0,2.49,2023/04/08,1402/01/19,2023-04-08
24878000.0,24426000.0,25017000.0,24899000.0,30000.0,0.12,2023/04/09,1402/01/20,2023-04-09
25411500.0,25149700.0,25974300.0,25542700.0,41700.0,0.16,2023/04/10,1402/01/21,2023-04-10
25541800.0,25243000.0,25907000.0,25472300.0,70400.0,0.28,2023/04/12,1402/01/23,2023-04-12
25130000.0,24910000.0,25605000.0,25501000.0,28700.0,0.11,2023/04/15,1402/01/26,2023-04-15
26028000.0,26000000.0,26328000.0,26300000.0,799000.0,3.13,2023/04/16,1402/01/27,2023-04-16
25682000.0,25361000.0,25797000.0,25545000.0,755000.0,2.96,2023/04/17,1402/01/28,2023-04-17
25795000.0,25615000.0,25933000.0,25908000.0,363000.0,1.42,2023/04/18,1402/01/29,2023-04-18
26032200.0,25867400.0,26519000.0,26021000.0,35000.0,0.13,2023/04/19,1402/01/30,2023-04-19
25968900.0,25355200.0,26410300.0,25733500.0,287500.0,1.12,2023/04/23,1402/02/03,2023-04-23
25725000.0,25645000.0,25815000.0,25730000.0,3500.0,0.01,2023/04/25,1402/02/05,2023-04-25
26333000.0,26330000.0,26737000.0,26580000.0,850000.0,3.3,2023/04/26,1402/02/06,2023-04-26
26580000.0,26580000.0,26580000.0,26580000.0,,,2023/04/27,1402/02/07,2023-04-27
27099000.0,27004000.0,27498000.0,27452000.0,872000.0,3.28,2023/04/29,1402/02/09,2023-04-29
27787000.0,25869000.0,28145000.0,27480000.0,28000.0,0.1,2023/04/30,1402/02/10,2023-04-30
27473000.0,27004000.0,27683000.0,27217000.0,263000.0,0.97,2023/05/01,1402/02/11,2023-05-01
27221000.0,27057000.0,27510000.0,27263000.0,46000.0,0.17,2023/05/02,1402/02/12,2023-05-02
27258000.0,27235000.0,27695000.0,27346000.0,83000.0,0.3,2023/05/03,1402/02/13,2023-05-03
27346000.0,27346000.0,27346000.0,27346000.0,,,2023/05/04,1402/02/14,2023-05-04
26413000.0,26226000.0,26755000.0,26344000.0,1002000.0,3.8,2023/05/06,1402/02/16,2023-05-06
26390000.0,26307000.0,26753000.0,26587000.0,243000.0,0.92,2023/05/07,1402/02/17,2023-05-07
26591000.0,26358000.0,27009000.0,26409000.0,178000.0,0.67,2023/05/08,1402/02/18,2023-05-08
26416000.0,26092000.0,26580000.0,26522000.0,113000.0,0.43,2023/05/09,1402/02/19,2023-05-09
26529000.0,26312000.0,26598000.0,26425000.0,97000.0,0.37,2023/05/10,1402/02/20,2023-05-10
26425000.0,26425000.0,26425000.0,26425000.0,,,2023/05/11,1402/02/21,2023-05-11
25695000.0,25141000.0,25975000.0,25234000.0,1191000.0,4.72,2023/05/13,1402/02/23,2023-05-13
25232000.0,24709600.0,25690000.0,25317900.0,576100.0,2.28,2023/05/14,1402/02/24,2023-05-14
25157000.0,24901000.0,25167000.0,24998000.0,319900.0,1.28,2023/05/17,1402/02/27,2023-05-17
24998000.0,24998000.0,24998000.0,24998000.0,,,2023/05/18,1402/02/28,2023-05-18
25520000.0,25520000.0,26056000.0,25642000.0,644000.0,2.58,2023/05/20,1402/02/30,2023-05-20
25647000.0,25647000.0,26032000.0,25774000.0,132000.0,0.51,2023/05/21,1402/02/31,2023-05-21
25778000.0,25395000.0,25963000.0,25633000.0,141000.0,0.55,2023/05/22,1402/03/01,2023-05-22
25647000.0,25294000.0,25998000.0,25361000.0,272000.0,1.07,2023/05/23,1402/03/02,2023-05-23
25368000.0,24959000.0,25368000.0,25271000.0,90000.0,0.36,2023/05/24,1402/03/03,2023-05-24
25271000.0,25271000.0,25271000.0,25271000.0,,,2023/05/25,1402/03/04,2023-05-25
25003000.0,24797000.0,25037000.0,24959000.0,312000.0,1.25,2023/05/27,1402/03/06,2023-05-27
24970000.0,24841000.0,25411000.0,25268000.0,309000.0,1.24,2023/05/28,1402/03/07,2023-05-28
25280000.0,24853000.0,25280000.0,24957000.0,311000.0,1.25,2023/05/29,1402/03/08,2023-05-29
24966000.0,24488000.0,25144000.0,24950000.0,7000.0,0.03,2023/05/30,1402/03/09,2023-05-30
24959000.0,24703000.0,25097000.0,25040000.0,90000.0,0.36,2023/05/31,1402/03/10,2023-05-31
25040000.0,25040000.0,25040000.0,25040000.0,,,2023/06/01,1402/03/11,2023-06-01
24647000.0,24647000.0,24647000.0,24647000.0,393000.0,1.59,2023/06/03,1402/03/13,2023-06-03
24585000.0,23839000.0,24590000.0,23869000.0,778000.0,3.26,2023/06/06,1402/03/16,2023-06-06
23666000.0,23103000.0,23678000.0,23486000.0,383000.0,1.63,2023/06/07,1402/03/17,2023-06-07
23486000.0,23486000.0,23486000.0,23486000.0,,,2023/06/08,1402/03/18,2023-06-08
23181000.0,22431000.0,23444000.0,22472000.0,1014000.0,4.51,2023/06/10,1402/03/20,2023-06-10
22327000.0,21976000.0,22805000.0,22768000.0,296000.0,1.32,2023/06/11,1402/03/21,2023-06-11
22770000.0,22770000.0,23569000.0,23465000.0,697000.0,3.06,2023/06/12,1402/03/22,2023-06-12
23468000.0,23075000.0,23885000.0,23278000.0,187000.0,0.8,2023/06/13,1402/03/23,2023-06-13
23193000.0,22867000.0,23262000.0,23077000.0,201000.0,0.87,2023/06/14,1402/03/24,2023-06-14
23077000.0,23077000.0,23077000.0,23077000.0,,,2023/06/15,1402/03/25,2023-06-15
23516000.0,23336000.0,23805000.0,23585000.0,508000.0,2.2,2023/06/17,1402/03/27,2023-06-17
23581000.0,23098000.0,23581000.0,23107000.0,478000.0,2.07,2023/06/18,1402/03/28,2023-06-18
23112000.0,23112000.0,23435000.0,23297000.0,190000.0,0.82,2023/06/19,1402/03/29,2023-06-19
22950000.0,22937000.0,23124000.0,23008000.0,289000.0,1.26,2023/06/20,1402/03/30,2023-06-20
23334000.0,23283000.0,23447000.0,23352000.0,344000.0,1.5,2023/06/21,1402/03/31,2023-06-21
23352000.0,23352000.0,23352000.0,23352000.0,,,2023/06/22,1402/04/01,2023-06-22
24303000.0,23444000.0,24303000.0,23581000.0,229000.0,0.98,2023/06/24,1402/04/03,2023-06-24
23588000.0,23306000.0,23735000.0,23597000.0,16000.0,0.07,2023/06/25,1402/04/04,2023-06-25
23590000.0,23306000.0,23770000.0,23511000.0,86000.0,0.37,2023/06/26,1402/04/05,2023-06-26
23493000.0,23306000.0,23532000.0,23484000.0,27000.0,0.11,2023/06/27,1402/04/06,2023-06-27
23484000.0,23484000.0,23484000.0,23484000.0,,,2023/06/28,1402/04/07,2023-06-28
24005000.0,23842000.0,24232000.0,24001000.0,517000.0,2.2,2023/07/01,1402/04/10,2023-07-01
23989000.0,23560000.0,23989000.0,23832000.0,169000.0,0.71,2023/07/02,1402/04/11,2023-07-02
23823000.0,23618000.0,23902000.0,23846000.0,14000.0,0.06,2023/07/03,1402/04/12,2023-07-03
23701000.0,23539000.0,23978000.0,23807000.0,39000.0,0.16,2023/07/04,1402/04/13,2023-07-04
23861000.0,23781000.0,23885000.0,23837000.0,30000.0,0.13,2023/07/05,1402/04/14,2023-07-05
23837000.0,23837000.0,23837000.0,23837000.0,,,2023/07/06,1402/04/15,2023-07-06
23594500.0,23426000.0,23611000.0,23578000.0,259000.0,1.1,2023/07/08,1402/04/17,2023-07-08
23530000.0,23438000.0,23574000.0,23486000.0,92000.0,0.39,2023/07/09,1402/04/18,2023-07-09
23405000.0,23158000.0,23532000.0,23278000.0,208000.0,0.89,2023/07/10,1402/04/19,2023-07-10
23474500.0,23063000.0,23493000.0,23456000.0,178000.0,0.76,2023/07/11,1402/04/20,2023-07-11
23539000.0,23440000.0,23585000.0,23493000.0,37000.0,0.16,2023/07/12,1402/04/21,2023-07-12
23493000.0,23493000.0,23493000.0,23493000.0,,,2023/07/13,1402/04/22,2023-07-13
23252000.0,23121000.0,23320000.0,23184000.0,309000.0,1.33,2023/07/15,1402/04/24,2023-07-15
23291000.0,23163000.0,23320000.0,23262000.0,78000.0,0.34,2023/07/16,1402/04/25,2023-07-16
23219500.0,23052000.0,23313000.0,23126000.0,136000.0,0.59,2023/07/17,1402/04/26,2023-07-17
23150000.0,23020000.0,23193000.0,23107000.0,19000.0,0.08,2023/07/18,1402/04/27,2023-07-18
23200000.0,23013000.0,23223000.0,23177000.0,70000.0,0.3,2023/07/19,1402/04/28,2023-07-19
23177000.0,23177000.0,23177000.0,23177000.0,,,2023/07/20,1402/04/29,2023-07-20
22902000.0,22696000.0,23082000.0,22722000.0,455000.0,2.0,2023/07/22,1402/04/31,2023-07-22
23269000.0,22666000.0,23269000.0,23269000.0,547000.0,2.41,2023/07/23,1402/05/01,2023-07-23
23360500.0,23098000.0,23380000.0,23341000.0,72000.0,0.31,2023/07/24,1402/05/02,2023-07-24
23431500.0,23262000.0,23534000.0,23329000.0,12000.0,0.05,2023/07/25,1402/05/03,2023-07-25
23332500.0,23329000.0,23336000.0,23329000.0,,,2023/07/26,1402/05/04,2023-07-26
23351000.0,23257000.0,23440000.0,23262000.0,67000.0,0.29,2023/07/29,1402/05/07,2023-07-29
23703000.0,23244000.0,23728000.0,23678000.0,416000.0,1.79,2023/07/30,1402/05/08,2023-07-30
23965000.0,23645000.0,24012000.0,23918000.0,240000.0,1.01,2023/07/31,1402/05/09,2023-07-31
23811100.0,23420500.0,24305700.0,23857200.0,60800.0,0.25,2023/08/01,1402/05/10,2023-08-01
23902000.0,23405200.0,24081200.0,23670400.0,186800.0,0.79,2023/08/02,1402/05/11,2023-08-02
23666000.0,23539000.0,23728000.0,23604000.0,66400.0,0.28,2023/08/05,1402/05/14,2023-08-05
23591000.0,23509000.0,23666000.0,23516000.0,88000.0,0.37,2023/08/06,1402/05/15,2023-08-06
23461500.0,23375000.0,23516000.0,23407000.0,109000.0,0.47,2023/08/07,1402/05/16,2023-08-07
23546000.0,23407000.0,23585000.0,23507000.0,100000.0,0.43,2023/08/08,1402/05/17,2023-08-08
23512500.0,23456000.0,23530000.0,23495000.0,12000.0,0.05,2023/08/09,1402/05/18,2023-08-09
23495000.0,23495000.0,23495000.0,23495000.0,,,2023/08/10,1402/05/19,2023-08-10
23262000.0,23038000.0,23308000.0,23216000.0,279000.0,1.2,2023/08/12,1402/05/21,2023-08-12
23367000.0,23184000.0,23523000.0,23211000.0,5000.0,0.02,2023/08/13,1402/05/22,2023-08-13
23241000.0,23084000.0,23262000.0,23220000.0,9000.0,0.04,2023/08/14,1402/05/23,2023-08-14
23215500.0,23077000.0,23354000.0,23077000.0,143000.0,0.62,2023/08/15,1402/05/24,2023-08-15
23063500.0,22990000.0,23084000.0,23043000.0,34000.0,0.15,2023/08/16,1402/05/25,2023-08-16
23043000.0,23043000.0,23043000.0,23043000.0,,,2023/08/17,1402/05/26,2023-08-17
22854500.0,22632000.0,23077000.0,22632000.0,411000.0,1.82,2023/08/19,1402/05/28,2023-08-19
22926000.0,22632000.0,23054000.0,22798000.0,166000.0,0.73,2023/08/20,1402/05/29,2023-08-20
23202000.0,22798000.0,23214000.0,23190000.0,392000.0,1.72,2023/08/21,1402/05/30,2023-08-21
23186000.0,23114000.0,23209000.0,23163000.0,27000.0,0.12,2023/08/22,1402/05/31,2023-08-22
23184500.0,23128000.0,23239000.0,23130000.0,33000.0,0.14,2023/08/23,1402/06/01,2023-08-23
23130000.0,23130000.0,23130000.0,23130000.0,,,2023/08/24,1402/06/02,2023-08-24
23185000.0,22973000.0,23200000.0,23170000.0,40000.0,0.17,2023/08/26,1402/06/04,2023-08-26
23209000.0,22865000.0,23306000.0,23112000.0,58000.0,0.25,2023/08/27,1402/06/05,2023-08-27
23234500.0,23110000.0,23244000.0,23225000.0,113000.0,0.49,2023/08/28,1402/06/06,2023-08-28
23429500.0,23091000.0,23544000.0,23315000.0,90000.0,0.39,2023/08/29,1402/06/07,2023-08-29
23312500.0,23267000.0,23331000.0,23294000.0,21000.0,0.09,2023/08/30,1402/06/08,2023-08-30
23294000.0,23294000.0,23294000.0,23294000.0,,,2023/08/31,1402/06/09,2023-08-31
23710000.0,23594000.0,23786000.0,23634000.0,340000.0,1.46,2023/09/02,1402/06/11,2023-09-02
23754000.0,23604000.0,23800000.0,23708000.0,74000.0,0.31,2023/09/03,1402/06/12,2023-09-03
23678000.0,23604000.0,23731000.0,23625000.0,83000.0,0.35,2023/09/04,1402/06/13,2023-09-04
23625000.0,23625000.0,23625000.0,23625000.0,,,2023/09/05,1402/06/14,2023-09-05
23534000.0,23534000.0,23534000.0,23534000.0,91000.0,0.39,2023/09/07,1402/06/16,2023-09-07
23538000.0,23444000.0,23620000.0,23456000.0,78000.0,0.33,2023/09/09,1402/06/18,2023-09-09
23460500.0,23398000.0,23507000.0,23414000.0,42000.0,0.18,2023/09/10,1402/06/19,2023-09-10
23450500.0,23246000.0,23544000.0,23357000.0,57000.0,0.24,2023/09/11,1402/06/20,2023-09-11
23495000.0,23357000.0,23504000.0,23486000.0,129000.0,0.55,2023/09/12,1402/06/21,2023-09-12
23486000.0,23486000.0,23486000.0,23486000.0,,,2023/09/13,1402/06/22,2023-09-13
23388000.0,23281000.0,23431000.0,23345000.0,141000.0,0.6,2023/09/17,1402/06/26,2023-09-17
23472000.0,23297000.0,23541000.0,23403000.0,58000.0,0.25,2023/09/18,1402/06/27,2023-09-18
23368500.0,23244000.0,23403000.0,23334000.0,69000.0,0.3,2023/09/19,1402/06/28,2023-09-19
23284000.0,23200000.0,23334000.0,23234000.0,100000.0,0.43,2023/09/20,1402/06/29,2023-09-20
23234000.0,23234000.0,23234000.0,23234000.0,,,2023/09/21,1402/06/30,2023-09-21
23174000.0,23174000.0,23174000.0,23174000.0,60000.0,0.26,2023/09/23,1402/07/01,2023-09-23
23158000.0,23158000.0,23158000.0,23158000.0,16000.0,0.07,2023/09/25,1402/07/03,2023-09-25
23798000.0,22853000.0,23798000.0,22865000.0,293000.0,1.28,2023/09/26,1402/07/04,2023-09-26
22876000.0,22826000.0,22946000.0,22918000.0,53000.0,0.23,2023/09/27,1402/07/05,2023-09-27
22918000.0,22918000.0,22918000.0,22918000.0,,,2023/09/28,1402/07/06,2023-09-28
22530000.0,22406000.0,22851000.0,22611000.0,307000.0,1.36,2023/09/30,1402/07/08,2023-09-30
22604000.0,22445000.0,22611000.0,22505000.0,106000.0,0.47,2023/10/01,1402/07/09,2023-10-01
22505000.0,22505000.0,22505000.0,22505000.0,,,2023/10/02,1402/07/10,2023-10-02
22401000.0,22399000.0,22535000.0,22438000.0,67000.0,0.3,2023/10/04,1402/07/12,2023-10-04
22438000.0,22438000.0,22438000.0,22438000.0,,,2023/10/05,1402/07/13,2023-10-05
23045000.0,23045000.0,24472000.0,24446000.0,2008000.0,8.95,2023/10/07,1402/07/15,2023-10-07
24439000.0,24412000.0,24945000.0,24534000.0,88000.0,0.36,2023/10/08,1402/07/16,2023-10-08
24539000.0,23800000.0,24703000.0,23999000.0,535000.0,2.23,2023/10/09,1402/07/17,2023-10-09
24123910.0,23812000.0,24123910.0,23985000.0,14000.0,0.06,2023/10/10,1402/07/18,2023-10-10
23975000.0,23777000.0,24114000.0,23968000.0,17000.0,0.07,2023/10/11,1402/07/19,2023-10-11
23968000.0,23968000.0,23968000.0,23968000.0,,,2023/10/12,1402/07/20,2023-10-12
24128000.0,24031000.0,24250000.0,24075000.0,107000.0,0.45,2023/10/14,1402/07/22,2023-10-14
24049000.0,23324000.0,24049000.0,23468000.0,607000.0,2.59,2023/10/15,1402/07/23,2023-10-15
23465000.0,23465000.0,24022000.0,23973000.0,505000.0,2.15,2023/10/16,1402/07/24,2023-10-16
23968000.0,23968000.0,24680000.0,24375000.0,402000.0,1.68,2023/10/17,1402/07/25,2023-10-17
24363700.0,23691300.0,24872900.0,24179800.0,232200.0,0.96,2023/10/18,1402/07/26,2023-10-18
24163600.0,23900300.0,24487300.0,24139300.0,119700.0,0.5,2023/10/21,1402/07/29,2023-10-21
24252000.0,24033000.0,24252000.0,24061000.0,78300.0,0.33,2023/10/22,1402/07/30,2023-10-22
24109000.0,24068000.0,24354000.0,24331000.0,270000.0,1.12,2023/10/23,1402/08/01,2023-10-23
24310000.0,24303000.0,24643000.0,24592000.0,261000.0,1.07,2023/10/24,1402/08/02,2023-10-24
24578000.0,24571000.0,24885000.0,24765000.0,173000.0,0.7,2023/10/25,1402/08/03,2023-10-25
24783000.0,24691000.0,25543000.0,25287000.0,522000.0,2.11,2023/10/27,1402/08/05,2023-10-27
25273000.0,24809000.0,25312000.0,24966000.0,321000.0,1.29,2023/10/28,1402/08/06,2023-10-28
24950000.0,24703000.0,24966000.0,24857000.0,109000.0,0.44,2023/10/29,1402/08/07,2023-10-29
24837000.0,24818000.0,25187000.0,24961000.0,104000.0,0.42,2023/10/30,1402/08/08,2023-10-30
24964000.0,24910000.0,25139000.0,24987000.0,26000.0,0.1,2023/10/31,1402/08/09,2023-10-31
24989000.0,24968000.0,25234000.0,25167000.0,180000.0,0.72,2023/11/01,1402/08/10,2023-11-01
25162000.0,24576000.0,25162000.0,24659000.0,508000.0,2.06,2023/11/03,1402/08/12,2023-11-03
24636000.0,24633000.0,24834000.0,24696000.0,37000.0,0.15,2023/11/04,1402/08/13,2023-11-04
24661000.0,24622000.0,24749000.0,24654000.0,42000.0,0.17,2023/11/05,1402/08/14,2023-11-05
24670000.0,24356000.0,24680000.0,24382000.0,272000.0,1.12,2023/11/06,1402/08/15,2023-11-06
24405000.0,24312000.0,24499000.0,24349000.0,33000.0,0.14,2023/11/07,1402/08/16,2023-11-07
24338000.0,24333000.0,24435000.0,24375000.0,26000.0,0.11,2023/11/08,1402/08/17,2023-11-08
24391000.0,24188000.0,24391000.0,24236000.0,139000.0,0.57,2023/11/10,1402/08/19,2023-11-10
24227000.0,24049000.0,24246000.0,24091000.0,145000.0,0.6,2023/11/11,1402/08/20,2023-11-11
24089000.0,24079000.0,24192000.0,24130000.0,39000.0,0.16,2023/11/12,1402/08/21,2023-11-12
24132000.0,24056000.0,24225000.0,24169000.0,39000.0,0.16,2023/11/13,1402/08/22,2023-11-13
24181000.0,24165000.0,24379000.0,24222000.0,53000.0,0.22,2023/11/14,1402/08/23,2023-11-14
24250000.0,24149000.0,24303000.0,24246000.0,24000.0,0.1,2023/11/15,1402/08/24,2023-11-15
24229000.0,24165000.0,24472000.0,24340000.0,94000.0,0.39,2023/11/17,1402/08/26,2023-11-17
24326000.0,24209000.0,24361000.0,24241000.0,99000.0,0.41,2023/11/18,1402/08/27,2023-11-18
24232000.0,23876000.0,24232000.0,24031000.0,210000.0,0.87,2023/11/19,1402/08/28,2023-11-19
23927000.0,23927000.0,24280000.0,24222000.0,191000.0,0.79,2023/11/20,1402/08/29,2023-11-20
24216000.0,24135000.0,24303000.0,24144000.0,78000.0,0.32,2023/11/21,1402/08/30,2023-11-21
24155000.0,24142000.0,24276000.0,24222000.0,78000.0,0.32,2023/11/22,1402/09/01,2023-11-22
24287000.0,24276000.0,24601000.0,24511000.0,289000.0,1.19,2023/11/24,1402/09/03,2023-11-24
24518000.0,24352000.0,24553000.0,24407000.0,104000.0,0.43,2023/11/25,1402/09/04,2023-11-25
24393000.0,24363000.0,24460000.0,24377000.0,30000.0,0.12,2023/11/26,1402/09/05,2023-11-26
24538100.0,24047300.0,24922400.0,24575900.0,198900.0,0.82,2023/11/27,1402/09/06,2023-11-27
24566000.0,24560000.0,24816000.0,24751000.0,175100.0,0.71,2023/11/28,1402/09/07,2023-11-28
24767000.0,24758000.0,24934000.0,24790000.0,39000.0,0.16,2023/11/29,1402/09/08,2023-11-29
25058000.0,25051000.0,25312000.0,25254000.0,464000.0,1.87,2023/12/01,1402/09/10,2023-12-01
25284000.0,25139000.0,25312000.0,25236000.0,18000.0,0.07,2023/12/02,1402/09/11,2023-12-02
25312000.0,24869000.0,25351000.0,24929000.0,307000.0,1.23,2023/12/03,1402/09/12,2023-12-03
24853000.0,24740000.0,24964000.0,24954000.0,25000.0,0.1,2023/12/04,1402/09/13,2023-12-04
24947000.0,24509000.0,24947000.0,24673000.0,281000.0,1.14,2023/12/05,1402/09/14,2023-12-05
24617000.0,24603000.0,24772000.0,24756000.0,83000.0,0.34,2023/12/06,1402/09/15,2023-12-06
24751000.0,24439000.0,24751000.0,24513000.0,243000.0,0.99,2023/12/08,1402/09/17,2023-12-08
24509000.0,24493000.0,24587000.0,24541000.0,28000.0,0.11,2023/12/09,1402/09/18,2023-12-09
24539000.0,24363000.0,24553000.0,24382000.0,159000.0,0.65,2023/12/10,1402/09/19,2023-12-10
24375000.0,24370000.0,24573000.0,24444000.0,62000.0,0.25,2023/12/11,1402/09/20,2023-12-11
24453000.0,24400000.0,24523000.0,24493000.0,49000.0,0.2,2023/12/12,1402/09/21,2023-12-12
24499000.0,24421000.0,24885000.0,24823000.0,330000.0,1.35,2023/12/13,1402/09/22,2023-12-13
24435000.0,24435000.0,24670000.0,24569000.0,254000.0,1.03,2023/12/15,1402/09/24,2023-12-15
24606000.0,24453000.0,24608000.0,24476000.0,93000.0,0.38,2023/12/17,1402/09/26,2023-12-17
24481000.0,24400000.0,24562000.0,24543000.0,67000.0,0.27,2023/12/18,1402/09/27,2023-12-18
24526000.0,24302800.0,24979300.0,24576300.0,33300.0,0.14,2023/12/19,1402/09/28,2023-12-19
24543000.0,24421000.0,24696000.0,24638000.0,61700.0,0.25,2023/12/20,1402/09/29,2023-12-20
24726000.0,24721000.0,24970000.0,24883000.0,245000.0,0.99,2023/12/22,1402/10/01,2023-12-22
24887000.0,24659000.0,24890000.0,24691000.0,192000.0,0.78,2023/12/23,1402/10/02,2023-12-23
24555000.0,24555000.0,24555000.0,24555000.0,136000.0,0.55,2023/12/24,1402/10/03,2023-12-24
24788000.0,24753000.0,24982000.0,24765000.0,210000.0,0.86,2023/12/25,1402/10/04,2023-12-25
24756000.0,24756000.0,25084000.0,25060000.0,295000.0,1.19,2023/12/26,1402/10/05,2023-12-26
25067000.0,25003000.0,25109000.0,25019000.0,41000.0,0.16,2023/12/27,1402/10/06,2023-12-27
25024000.0,25024000.0,25201000.0,25155000.0,136000.0,0.54,2023/12/29,1402/10/08,2023-12-29
25208000.0,25012000.0,25217000.0,25049000.0,106000.0,0.42,2023/12/30,1402/10/09,2023-12-30
25047000.0,25047000.0,25264000.0,25252000.0,203000.0,0.81,2023/12/31,1402/10/10,2023-12-31
25243000.0,25243000.0,25527000.0,25451000.0,199000.0,0.79,2024/01/01,1402/10/11,2024-01-01
25446000.0,25344000.0,25582000.0,25504000.0,53000.0,0.21,2024/01/02,1402/10/12,2024-01-02
25624000.0,25608000.0,25820000.0,25647000.0,143000.0,0.56,2024/01/03,1402/10/13,2024-01-03
25624000.0,25416000.0,25707000.0,25677000.0,30000.0,0.12,2024/01/05,1402/10/15,2024-01-05
25691000.0,25617000.0,25882000.0,25820000.0,143000.0,0.56,2024/01/06,1402/10/16,2024-01-06
25825000.0,25559000.0,25887000.0,25658000.0,162000.0,0.63,2024/01/07,1402/10/17,2024-01-07
25663000.0,25640000.0,25956000.0,25947000.0,289000.0,1.13,2024/01/08,1402/10/18,2024-01-08
25952000.0,25896000.0,26118000.0,26086000.0,139000.0,0.54,2024/01/09,1402/10/19,2024-01-09
26074000.0,26049000.0,26196000.0,26139000.0,53000.0,0.2,2024/01/10,1402/10/20,2024-01-10
26367000.0,26314000.0,26981000.0,26921000.0,782000.0,2.99,2024/01/12,1402/10/22,2024-01-12
26917000.0,26462000.0,27263000.0,26552000.0,369000.0,1.39,2024/01/13,1402/10/23,2024-01-13
26563000.0,26430000.0,26670000.0,26577000.0,25000.0,0.09,2024/01/14,1402/10/24,2024-01-14
26575000.0,26559000.0,26921000.0,26737000.0,160000.0,0.6,2024/01/15,1402/10/25,2024-01-15
26774000.0,26540000.0,27224000.0,27097000.0,360000.0,1.35,2024/01/16,1402/10/26,2024-01-16
27011000.0,26889000.0,27154000.0,26944000.0,153000.0,0.57,2024/01/17,1402/10/27,2024-01-17
26956000.0,26716000.0,27305000.0,27293000.0,349000.0,1.3,2024/01/19,1402/10/29,2024-01-19
27249000.0,27011000.0,27522000.0,27221000.0,72000.0,0.26,2024/01/20,1402/10/30,2024-01-20
27041000.0,26958000.0,27224000.0,27108000.0,113000.0,0.42,2024/01/21,1402/11/01,2024-01-21
27083000.0,27071000.0,27318000.0,27316000.0,208000.0,0.77,2024/01/22,1402/11/02,2024-01-22
27508000.0,27429000.0,27690000.0,27528000.0,212000.0,0.78,2024/01/23,1402/11/03,2024-01-23
27522000.0,27522000.0,28136000.0,28048000.0,520000.0,1.89,2024/01/26,1402/11/06,2024-01-26
28043000.0,27824000.0,28136000.0,27972000.0,76000.0,0.27,2024/01/27,1402/11/07,2024-01-27
27965000.0,27953000.0,29232000.0,29091000.0,1119000.0,4.0,2024/01/28,1402/11/08,2024-01-28
29096000.0,27595000.0,29869000.0,29108000.0,17000.0,0.06,2024/01/29,1402/11/09,2024-01-29
27972000.0,27965000.0,29579000.0,28842000.0,266000.0,0.92,2024/01/30,1402/11/10,2024-01-30
28711200.0,27674000.0,29256700.0,27939500.0,902500.0,3.23,2024/01/31,1402/11/11,2024-01-31
28849000.0,27757000.0,28976000.0,27815000.0,124500.0,0.45,2024/02/02,1402/11/13,2024-02-02
27999000.0,27284000.0,28034000.0,27547000.0,268000.0,0.97,2024/02/03,1402/11/14,2024-02-03
27510000.0,26231000.0,27755000.0,27628000.0,81000.0,0.29,2024/02/04,1402/11/15,2024-02-04
27526100.0,27088400.0,28122600.0,27687900.0,59900.0,0.22,2024/02/05,1402/11/16,2024-02-05
27618000.0,27399000.0,27962000.0,27882000.0,194100.0,0.7,2024/02/06,1402/11/17,2024-02-06
27838000.0,27145000.0,27847000.0,27535000.0,347000.0,1.26,2024/02/09,1402/11/20,2024-02-09
27542000.0,27475000.0,27840000.0,27494000.0,41000.0,0.15,2024/02/11,1402/11/22,2024-02-11
27492000.0,27374000.0,27683000.0,27429000.0,65000.0,0.24,2024/02/12,1402/11/23,2024-02-12
27445000.0,27376000.0,27575000.0,27575000.0,146000.0,0.53,2024/02/13,1402/11/24,2024-02-13
27568000.0,27510000.0,27801000.0,27766000.0,191000.0,0.69,2024/02/14,1402/11/25,2024-02-14
27732000.0,27722000.0,28066000.0,28055000.0,289000.0,1.04,2024/02/16,1402/11/27,2024-02-16
28106000.0,28103000.0,28429000.0,28244000.0,76000.0,0.27,2024/02/18,1402/11/29,2024-02-18
28226000.0,27863000.0,28309000.0,27990000.0,254000.0,0.91,2024/02/19,1402/11/30,2024-02-19
28046000.0,28046000.0,28309000.0,28270000.0,280000.0,1.0,2024/02/20,1402/12/01,2024-02-20
28260000.0,28260000.0,28505000.0,28413000.0,143000.0,0.51,2024/02/21,1402/12/02,2024-02-21
28325000.0,28323000.0,28771000.0,28641000.0,228000.0,0.8,2024/02/23,1402/12/04,2024-02-23
28637000.0,28618000.0,28826000.0,28771000.0,130000.0,0.45,2024/02/25,1402/12/06,2024-02-25
28757000.0,28757000.0,29209000.0,29108000.0,337000.0,1.17,2024/02/26,1402/12/07,2024-02-26
29177000.0,28831000.0,29230000.0,28988000.0,120000.0,0.41,2024/02/27,1402/12/08,2024-02-27
28990000.0,28937000.0,29082000.0,29001000.0,13000.0,0.04,2024/02/28,1402/12/09,2024-02-28
28994000.0,28994000.0,30262000.0,29902000.0,901000.0,3.11,2024/03/01,1402/12/11,2024-03-01
29899000.0,29662000.0,29959000.0,29872000.0,30000.0,0.1,2024/03/02,1402/12/12,2024-03-02
29881000.0,29881000.0,31359000.0,31070000.0,1198000.0,4.01,2024/03/03,1402/12/13,2024-03-03
30429100.0,29790000.0,32163900.0,31645000.0,575000.0,1.85,2024/03/04,1402/12/14,2024-03-04
31079000.0,31070000.0,32051000.0,31892000.0,247000.0,0.78,2024/03/05,1402/12/15,2024-03-05
31162000.0,30946900.0,32090000.0,31882800.0,9200.0,0.03,2024/03/06,1402/12/16,2024-03-06
31899000.0,31442000.0,32176000.0,31509000.0,373800.0,1.19,2024/03/08,1402/12/18,2024-03-08
31379000.0,30756000.0,31405000.0,30911000.0,598000.0,1.93,2024/03/09,1402/12/19,2024-03-09
31015000.0,30901000.0,31522000.0,31312000.0,401000.0,1.3,2024/03/10,1402/12/20,2024-03-10
30966000.0,30846000.0,31213000.0,30934000.0,378000.0,1.22,2024/03/11,1402/12/21,2024-03-11
30765000.0,30518000.0,30941000.0,30848000.0,86000.0,0.28,2024/03/12,1402/12/22,2024-03-12
30839000.0,30839000.0,31215000.0,31077000.0,229000.0,0.74,2024/03/13,1402/12/23,2024-03-13
31111000.0,30920000.0,31391000.0,31382000.0,305000.0,0.98,2024/03/15,1402/12/25,2024-03-15
31389000.0,31347000.0,32049000.0,32007000.0,625000.0,1.99,2024/03/16,1402/12/26,2024-03-16
32026000.0,32023000.0,32557000.0,32536000.0,529000.0,1.65,2024/03/17,1402/12/27,2024-03-17
32545000.0,32545000.0,32626000.0,32626000.0,90000.0,0.28,2024/03/23,1403/01/04,2024-03-23
32617000.0,31405000.0,32626000.0,32277000.0,349000.0,1.08,2024/03/24,1403/01/05,2024-03-24
32254000.0,31913000.0,32395000.0,32227000.0,50000.0,0.16,2024/03/25,1403/01/06,2024-03-25
32224000.0,32197000.0,32647000.0,32605000.0,378000.0,1.17,2024/03/26,1403/01/07,2024-03-26
32388000.0,32381000.0,32811000.0,32734000.0,129000.0,0.4,2024/03/27,1403/01/08,2024-03-27
32758000.0,32386000.0,33365000.0,33085000.0,351000.0,1.07,2024/03/29,1403/01/10,2024-03-29
32388000.0,32386000.0,34563000.0,34355000.0,1270000.0,3.84,2024/04/01,1403/01/13,2024-04-01
34362000.0,34348000.0,35558000.0,35498000.0,1143000.0,3.33,2024/04/02,1403/01/14,2024-04-02
35486000.0,34902000.0,36613000.0,35948000.0,450000.0,1.27,2024/04/03,1403/01/15,2024-04-03
35937000.0,35757000.0,37056000.0,36809000.0,861000.0,2.4,2024/04/05,1403/01/17,2024-04-05
36290000.0,35105000.0,37033000.0,35528000.0,1281000.0,3.61,2024/04/06,1403/01/18,2024-04-06
35604000.0,34755000.0,36050000.0,35260000.0,268000.0,0.76,2024/04/07,1403/01/19,2024-04-07
35297000.0,35297000.0,36525000.0,36237000.0,977000.0,2.77,2024/04/08,1403/01/20,2024-04-08
37310000.0,37059000.0,38972000.0,38790000.0,2553000.0,7.05,2024/04/12,1403/01/24,2024-04-12
38772000.0,36478000.0,39344000.0,37349000.0,1441000.0,3.86,2024/04/13,1403/01/25,2024-04-13
37379000.0,36241000.0,37571000.0,37433000.0,84000.0,0.22,2024/04/14,1403/01/26,2024-04-14
37495000.0,36943000.0,38241000.0,37892000.0,459000.0,1.23,2024/04/15,1403/01/27,2024-04-15
37899000.0,37303000.0,38536000.0,38268000.0,376000.0,0.99,2024/04/16,1403/01/28,2024-04-16
37980000.0,37657000.0,38663000.0,38298000.0,30000.0,0.08,2024/04/17,1403/01/29,2024-04-17
37696000.0,36565000.0,37696000.0,36620000.0,1678000.0,4.58,2024/04/19,1403/01/31,2024-04-19
36590000.0,36518000.0,37310000.0,37126000.0,506000.0,1.38,2024/04/20,1403/02/01,2024-04-20
37119000.0,36248000.0,37144000.0,36410000.0,716000.0,1.97,2024/04/21,1403/02/02,2024-04-21
36405000.0,35341000.0,36481000.0,35639000.0,771000.0,2.16,2024/04/22,1403/02/03,2024-04-22
35606000.0,35018000.0,35717000.0,35339000.0,300000.0,0.85,2024/04/23,1403/02/04,2024-04-23
35341000.0,34955000.0,35509000.0,35232000.0,107000.0,0.3,2024/04/24,1403/02/05,2024-04-24
35228000.0,34325000.0,35228000.0,34360000.0,872000.0,2.54,2024/04/26,1403/02/07,2024-04-26
34369000.0,33132000.0,34501000.0,33265000.0,1095000.0,3.29,2024/04/27,1403/02/08,2024-04-27
33263000.0,33240000.0,35216000.0,35004000.0,1739000.0,5.23,2024/04/28,1403/02/09,2024-04-28
34985000.0,34371000.0,35777000.0,34570000.0,434000.0,1.26,2024/04/29,1403/02/10,2024-04-29
34600000.0,34013000.0,34600000.0,34371000.0,199000.0,0.58,2024/04/30,1403/02/11,2024-04-30
34357000.0,34316000.0,34865000.0,34487000.0,116000.0,0.34,2024/05/01,1403/02/12,2024-05-01
34496000.0,33355000.0,34496000.0,33630000.0,857000.0,2.55,2024/05/04,1403/02/15,2024-05-04
33653000.0,33496000.0,35087000.0,34967000.0,1337000.0,3.98,2024/05/05,1403/02/16,2024-05-05
34531000.0,33840000.0,34678000.0,34279000.0,688000.0,2.01,2024/05/06,1403/02/17,2024-05-06
34286000.0,33750000.0,34323000.0,34170000.0,109000.0,0.32,2024/05/07,1403/02/18,2024-05-07
34140000.0,33924000.0,34274000.0,34085000.0,85000.0,0.25,2024/05/08,1403/02/19,2024-05-08
34090000.0,34023000.0,34515000.0,34050000.0,35000.0,0.1,2024/05/10,1403/02/21,2024-05-10
34104000.0,33563000.0,34222000.0,33748000.0,302000.0,0.89,2024/05/11,1403/02/22,2024-05-11
33681000.0,33194000.0,33746000.0,33466000.0,282000.0,0.84,2024/05/12,1403/02/23,2024-05-12
33469000.0,33226000.0,33838000.0,33476000.0,10000.0,0.03,2024/05/13,1403/02/24,2024-05-13
33469000.0,33263000.0,33953000.0,33723000.0,247000.0,0.74,2024/05/14,1403/02/25,2024-05-14
33713000.0,33517000.0,34164000.0,33642000.0,81000.0,0.24,2024/05/15,1403/02/26,2024-05-15
33635000.0,33032000.0,33947000.0,33058000.0,584000.0,1.77,2024/05/17,1403/02/28,2024-05-17
33065000.0,32986000.0,36105000.0,36008000.0,2950000.0,8.92,2024/05/18,1403/02/29,2024-05-18
35999000.0,33125000.0,35999000.0,33697000.0,2311000.0,6.86,2024/05/19,1403/02/30,2024-05-19
33693000.0,32873000.0,33870000.0,33552000.0,145000.0,0.43,2024/05/20,1403/02/31,2024-05-20
33622300.0,32671400.0,33834100.0,33362000.0,190000.0,0.57,2024/05/21,1403/03/01,2024-05-21
33001000.0,32986000.0,33328000.0,33268000.0,94000.0,0.28,2024/05/22,1403/03/02,2024-05-22
33265000.0,32432000.0,33265000.0,32778000.0,490000.0,1.49,2024/05/24,1403/03/04,2024-05-24
32764000.0,32455000.0,33238000.0,32894000.0,116000.0,0.35,2024/05/25,1403/03/05,2024-05-25
32896000.0,32702000.0,33695000.0,33542000.0,648000.0,1.97,2024/05/26,1403/03/06,2024-05-26
33506000.0,33496000.0,34517000.0,33965000.0,423000.0,1.26,2024/05/27,1403/03/07,2024-05-27
33963000.0,33429000.0,34256000.0,33702000.0,263000.0,0.78,2024/05/28,1403/03/08,2024-05-28
33817000.0,33517000.0,33850000.0,33690000.0,12000.0,0.04,2024/05/29,1403/03/09,2024-05-29
33693000.0,33107000.0,33693000.0,33335000.0,355000.0,1.06,2024/05/31,1403/03/11,2024-05-31
33346000.0,33109000.0,34046000.0,33935000.0,600000.0,1.8,2024/06/01,1403/03/12,2024-06-01
33942000.0,33277000.0,33942000.0,33596000.0,339000.0,1.01,2024/06/04,1403/03/15,2024-06-04
33589000.0,33517000.0,33766000.0,33706000.0,110000.0,0.33,2024/06/05,1403/03/16,2024-06-05
33676000.0,33212000.0,33688000.0,33328000.0,378000.0,1.13,2024/06/07,1403/03/18,2024-06-07
33321000.0,33055000.0,33559000.0,33330000.0,2000.0,0.01,2024/06/08,1403/03/19,2024-06-08
33337000.0,32855000.0,33388000.0,33122000.0,208000.0,0.63,2024/06/09,1403/03/20,2024-06-09
33102000.0,32928000.0,33252000.0,32981000.0,141000.0,0.43,2024/06/10,1403/03/21,2024-06-10
32977000.0,32917000.0,33249000.0,33219000.0,238000.0,0.72,2024/06/11,1403/03/22,2024-06-11
33217000.0,33055000.0,33217000.0,33113000.0,106000.0,0.32,2024/06/12,1403/03/23,2024-06-12
33122000.0,33115000.0,33642000.0,33499000.0,386000.0,1.17,2024/06/14,1403/03/25,2024-06-14
33501000.0,33379000.0,33780000.0,33658000.0,159000.0,0.47,2024/06/15,1403/03/26,2024-06-15
33448000.0,33171000.0,33653000.0,33559000.0,99000.0,0.3,2024/06/17,1403/03/28,2024-06-17
33491200.0,33018900.0,33914800.0,33622300.0,63300.0,0.19,2024/06/18,1403/03/29,2024-06-18
33561000.0,33415000.0,33748000.0,33669000.0,46700.0,0.14,2024/06/19,1403/03/30,2024-06-19
33667000.0,33446000.0,33711000.0,33637000.0,32000.0,0.1,2024/06/21,1403/04/01,2024-06-21
33635000.0,33536000.0,34207000.0,34097000.0,460000.0,1.37,2024/06/22,1403/04/02,2024-06-22
34127000.0,34127000.0,34715000.0,34604000.0,507000.0,1.49,2024/06/23,1403/04/03,2024-06-23
34438000.0,33480000.0,34556000.0,34381000.0,223000.0,0.65,2024/06/25,1403/04/05,2024-06-25
34378000.0,34221000.0,35085000.0,34981000.0,600000.0,1.75,2024/06/26,1403/04/06,2024-06-26
34978000.0,34441000.0,35295000.0,35124000.0,143000.0,0.41,2024/06/28,1403/04/08,2024-06-28
35131000.0,34825000.0,35685000.0,35482000.0,358000.0,1.02,2024/06/29,1403/04/09,2024-06-29
35486000.0,35043000.0,35486000.0,35306000.0,176000.0,0.5,2024/06/30,1403/04/10,2024-06-30
35200000.0,34708000.0,35463000.0,34785000.0,521000.0,1.5,2024/07/01,1403/04/11,2024-07-01
34796000.0,34393000.0,34942000.0,34810000.0,25000.0,0.07,2024/07/02,1403/04/12,2024-07-02
34817000.0,34755000.0,35050000.0,34939000.0,129000.0,0.37,2024/07/03,1403/04/13,2024-07-03
34669000.0,34032000.0,34743000.0,34321000.0,618000.0,1.8,2024/07/05,1403/04/15,2024-07-05
34341000.0,34187000.0,34551000.0,34254000.0,67000.0,0.2,2024/07/06,1403/04/16,2024-07-06
34092000.0,33771000.0,34127000.0,33808000.0,446000.0,1.32,2024/07/07,1403/04/17,2024-07-07
33935000.0,33201000.0,33940000.0,33409000.0,399000.0,1.19,2024/07/08,1403/04/18,2024-07-08
33402000.0,33078000.0,33965000.0,33570000.0,161000.0,0.48,2024/07/09,1403/04/19,2024-07-09
33616000.0,33425000.0,33729000.0,33723000.0,153000.0,0.46,2024/07/10,1403/04/20,2024-07-10
33623000.0,33432000.0,33990000.0,33845000.0,122000.0,0.36,2024/07/12,1403/04/22,2024-07-12
33843000.0,33843000.0,34104000.0,33986000.0,141000.0,0.42,2024/07/13,1403/04/23,2024-07-13
34194000.0,33935000.0,34689000.0,33963000.0,23000.0,0.07,2024/07/16,1403/04/26,2024-07-16
33956000.0,33817000.0,34420000.0,33882000.0,81000.0,0.24,2024/07/17,1403/04/27,2024-07-17
33877000.0,33148000.0,33877000.0,33621000.0,261000.0,0.78,2024/07/19,1403/04/29,2024-07-19
33628000.0,33205000.0,33963000.0,33531000.0,90000.0,0.27,2024/07/20,1403/04/30,2024-07-20
33612000.0,33090000.0,33612000.0,33436000.0,95000.0,0.28,2024/07/21,1403/04/31,2024-07-21
33515000.0,33489000.0,33963000.0,33630000.0,194000.0,0.58,2024/07/22,1403/05/01,2024-07-22
33746000.0,33489000.0,34101000.0,33958000.0,328000.0,0.98,2024/07/23,1403/05/02,2024-07-23
33746000.0,33639000.0,33803000.0,33734000.0,224000.0,0.66,2024/07/24,1403/05/03,2024-07-24
33725000.0,33725000.0,34101000.0,33882000.0,148000.0,0.44,2024/07/26,1403/05/05,2024-07-26
33877000.0,33840000.0,34265000.0,34062000.0,180000.0,0.53,2024/07/27,1403/05/06,2024-07-27
34050000.0,34050000.0,34415000.0,34279000.0,217000.0,0.64,2024/07/28,1403/05/07,2024-07-28
34265000.0,33850000.0,34805000.0,34616000.0,337000.0,0.98,2024/07/29,1403/05/08,2024-07-29
34621000.0,33840000.0,35696000.0,35627000.0,1011000.0,2.92,2024/07/30,1403/05/09,2024-07-30
35671000.0,35593000.0,36204000.0,36156000.0,529000.0,1.48,2024/07/31,1403/05/10,2024-07-31
36193000.0,35925000.0,37082000.0,36975000.0,819000.0,2.27,2024/08/02,1403/05/12,2024-08-02
36468000.0,35713000.0,36553000.0,35999000.0,976000.0,2.71,2024/08/03,1403/05/13,2024-08-03
36001000.0,35179000.0,36001000.0,35602000.0,397000.0,1.12,2024/08/04,1403/05/14,2024-08-04
35417000.0,35135000.0,35823000.0,35198000.0,404000.0,1.15,2024/08/05,1403/05/15,2024-08-05
35175000.0,35022000.0,35897000.0,35826000.0,628000.0,1.78,2024/08/06,1403/05/16,2024-08-06
35740000.0,35340000.0,35925000.0,35613000.0,213000.0,0.6,2024/08/07,1403/05/17,2024-08-07
35606000.0,34817000.0,35606000.0,35221000.0,392000.0,1.11,2024/08/09,1403/05/19,2024-08-09
35029000.0,34323000.0,35050000.0,34683000.0,538000.0,1.55,2024/08/10,1403/05/20,2024-08-10
34761000.0,34450000.0,35512000.0,35422000.0,739000.0,2.13,2024/08/11,1403/05/21,2024-08-11
35429000.0,34487000.0,35564000.0,34978000.0,444000.0,1.27,2024/08/12,1403/05/22,2024-08-12
34969000.0,34408000.0,35482000.0,34752000.0,226000.0,0.65,2024/08/13,1403/05/23,2024-08-13
34794000.0,34406000.0,34912000.0,34671000.0,81000.0,0.23,2024/08/14,1403/05/24,2024-08-14
34674000.0,34521000.0,35446000.0,34775000.0,104000.0,0.3,2024/08/16,1403/05/26,2024-08-16
35246000.0,35246000.0,35780000.0,35560000.0,598000.0,1.71,2024/08/18,1403/05/28,2024-08-18
35593000.0,35318000.0,35971000.0,35376000.0,184000.0,0.52,2024/08/19,1403/05/29,2024-08-19
35736000.0,35373000.0,35974000.0,35759000.0,383000.0,1.08,2024/08/20,1403/05/30,2024-08-20
35768000.0,35763000.0,36059000.0,35828000.0,69000.0,0.19,2024/08/21,1403/05/31,2024-08-21
35842000.0,35671000.0,35964000.0,35872000.0,44000.0,0.12,2024/08/23,1403/06/02,2024-08-23
35874000.0,35874000.0,36500000.0,36177000.0,305000.0,0.85,2024/08/25,1403/06/04,2024-08-25
36186000.0,35784000.0,36188000.0,35883000.0,294000.0,0.82,2024/08/26,1403/06/05,2024-08-26
35895000.0,35883000.0,36267000.0,36147000.0,264000.0,0.74,2024/08/27,1403/06/06,2024-08-27
36137000.0,36137000.0,36403000.0,36320000.0,173000.0,0.48,2024/08/28,1403/06/07,2024-08-28
36338000.0,36172000.0,36417000.0,36244000.0,76000.0,0.21,2024/08/30,1403/06/09,2024-08-30
36287000.0,36262000.0,36763000.0,36754000.0,510000.0,1.41,2024/08/31,1403/06/10,2024-08-31
36745000.0,36396000.0,36745000.0,36433000.0,321000.0,0.88,2024/09/02,1403/06/12,2024-09-02
36440000.0,36368000.0,36518000.0,36454000.0,21000.0,0.06,2024/09/04,1403/06/14,2024-09-04
36472000.0,35957000.0,36472000.0,36038000.0,416000.0,1.15,2024/09/06,1403/06/16,2024-09-06
36029000.0,36004000.0,36257000.0,36066000.0,28000.0,0.08,2024/09/07,1403/06/17,2024-09-07
36075000.0,36050000.0,36378000.0,36292000.0,226000.0,0.63,2024/09/08,1403/06/18,2024-09-08
36297000.0,36246000.0,36523000.0,36523000.0,231000.0,0.64,2024/09/09,1403/06/19,2024-09-09
36488000.0,36488000.0,36701000.0,36629000.0,106000.0,0.29,2024/09/10,1403/06/20,2024-09-10
36625000.0,36472000.0,37296000.0,37063000.0,434000.0,1.18,2024/09/13,1403/06/23,2024-09-13
37033000.0,36793000.0,37130000.0,36895000.0,168000.0,0.46,2024/09/14,1403/06/24,2024-09-14
36911000.0,36848000.0,37109000.0,37093000.0,198000.0,0.54,2024/09/15,1403/06/25,2024-09-15
37112000.0,37077000.0,37527000.0,37331000.0,238000.0,0.64,2024/09/16,1403/06/26,2024-09-16
37333000.0,37273000.0,37506000.0,37313000.0,18000.0,0.05,2024/09/17,1403/06/27,2024-09-17
37310000.0,37246000.0,37504000.0,37382000.0,69000.0,0.18,2024/09/18,1403/06/28,2024-09-18
37398000.0,37398000.0,38111000.0,38054000.0,672000.0,1.8,2024/09/21,1403/06/31,2024-09-21
38058000.0,37989000.0,38548000.0,38497000.0,443000.0,1.16,2024/09/22,1403/07/01,2024-09-22
38511000.0,38501000.0,39164000.0,39072000.0,575000.0,1.49,2024/09/23,1403/07/02,2024-09-23
39049000.0,38691000.0,39106000.0,38781000.0,291000.0,0.75,2024/09/24,1403/07/03,2024-09-24
38769000.0,38769000.0,39259000.0,39051000.0,270000.0,0.7,2024/09/25,1403/07/04,2024-09-25
39056000.0,39056000.0,40621000.0,40261000.0,1210000.0,3.1,2024/09/27,1403/07/06,2024-09-27
40258000.0,39409000.0,40258000.0,39787000.0,474000.0,1.19,2024/09/28,1403/07/07,2024-09-28
39762000.0,39146000.0,39764000.0,39376000.0,411000.0,1.04,2024/09/29,1403/07/08,2024-09-29
39490000.0,39467000.0,40621000.0,40501000.0,1125000.0,2.86,2024/09/30,1403/07/09,2024-09-30
40505000.0,40018000.0,40953000.0,40785000.0,284000.0,0.7,2024/10/01,1403/07/10,2024-10-01
40630000.0,40609000.0,41094000.0,41050000.0,265000.0,0.65,2024/10/02,1403/07/11,2024-10-02
41046000.0,39928000.0,41046000.0,40930000.0,120000.0,0.29,2024/10/04,1403/07/13,2024-10-04
40750000.0,40743000.0,41489000.0,41410000.0,480000.0,1.17,2024/10/05,1403/07/14,2024-10-05
41383000.0,40836000.0,41383000.0,40999000.0,411000.0,1.0,2024/10/06,1403/07/15,2024-10-06
41004000.0,40277000.0,41004000.0,40346000.0,653000.0,1.62,2024/10/07,1403/07/16,2024-10-07
40332000.0,40284000.0,40803000.0,40674000.0,328000.0,0.81,2024/10/08,1403/07/17,2024-10-08
40688000.0,40667000.0,41057000.0,40928000.0,254000.0,0.62,2024/10/09,1403/07/18,2024-10-09
40935000.0,40311000.0,40935000.0,40365000.0,563000.0,1.39,2024/10/11,1403/07/20,2024-10-11
40355000.0,40355000.0,40942000.0,40819000.0,454000.0,1.12,2024/10/12,1403/07/21,2024-10-12
40824000.0,40824000.0,41464000.0,41078000.0,259000.0,0.63,2024/10/13,1403/07/22,2024-10-13
41064000.0,40824000.0,41110000.0,41050000.0,28000.0,0.07,2024/10/14,1403/07/23,2024-10-14
41018000.0,41018000.0,41752000.0,41625000.0,575000.0,1.4,2024/10/15,1403/07/24,2024-10-15
41634000.0,41560000.0,41937000.0,41794000.0,169000.0,0.41,2024/10/16,1403/07/25,2024-10-16
41803000.0,41803000.0,42639000.0,42535000.0,741000.0,1.77,2024/10/18,1403/07/27,2024-10-18
42537000.0,42468000.0,43500000.0,42759000.0,224000.0,0.53,2024/10/19,1403/07/28,2024-10-19
42775000.0,42738000.0,43479000.0,43255000.0,496000.0,1.16,2024/10/20,1403/07/29,2024-10-20
43241000.0,43241000.0,44370000.0,44368000.0,1113000.0,2.57,2024/10/21,1403/07/30,2024-10-21
44365000.0,44365000.0,45908000.0,45677000.0,1309000.0,2.95,2024/10/22,1403/08/01,2024-10-22
45656000.0,45557000.0,46046000.0,45970000.0,293000.0,0.64,2024/10/23,1403/08/02,2024-10-23
45977000.0,43518000.0,46646000.0,43768000.0,2202000.0,5.03,2024/10/25,1403/08/04,2024-10-25
43763000.0,43763000.0,44823000.0,44481000.0,713000.0,1.63,2024/10/26,1403/08/05,2024-10-26
44479000.0,44479000.0,45400000.0,45363000.0,882000.0,1.98,2024/10/27,1403/08/06,2024-10-27
45372000.0,45354000.0,46526000.0,46268000.0,905000.0,2.0,2024/10/28,1403/08/07,2024-10-28
46263000.0,46254000.0,47639000.0,47508000.0,1240000.0,2.68,2024/10/29,1403/08/08,2024-10-29
47542000.0,46083000.0,47542000.0,46127000.0,1381000.0,2.99,2024/10/30,1403/08/09,2024-10-30
46115000.0,45631000.0,46900000.0,46593000.0,466000.0,1.01,2024/11/01,1403/08/11,2024-11-01
46596000.0,46395000.0,47418000.0,46790000.0,197000.0,0.42,2024/11/02,1403/08/12,2024-11-02
46808000.0,45945000.0,46808000.0,46185000.0,605000.0,1.31,2024/11/03,1403/08/13,2024-11-03
46171000.0,45700000.0,46425000.0,46097000.0,88000.0,0.19,2024/11/04,1403/08/14,2024-11-04
46092000.0,45354000.0,47154000.0,45709000.0,388000.0,0.85,2024/11/05,1403/08/15,2024-11-05
45661000.0,45231000.0,45806000.0,45432000.0,277000.0,0.61,2024/11/06,1403/08/16,2024-11-06
45462000.0,45354000.0,45767000.0,45467000.0,35000.0,0.08,2024/11/08,1403/08/18,2024-11-08
45448000.0,44430000.0,45492000.0,44458000.0,1009000.0,2.27,2024/11/09,1403/08/19,2024-11-09
44442000.0,42359000.0,44451000.0,42463000.0,1995000.0,4.7,2024/11/10,1403/08/20,2024-11-10
42447000.0,42447000.0,43484000.0,43223000.0,760000.0,1.79,2024/11/11,1403/08/21,2024-11-11
43227000.0,43227000.0,44105000.0,43744000.0,521000.0,1.21,2024/11/12,1403/08/22,2024-11-12
43761000.0,42562000.0,43761000.0,42983000.0,761000.0,1.77,2024/11/13,1403/08/23,2024-11-13
42985000.0,42763000.0,43334000.0,42962000.0,21000.0,0.05,2024/11/15,1403/08/25,2024-11-15
42953000.0,42768000.0,43297000.0,42872000.0,90000.0,0.21,2024/11/16,1403/08/26,2024-11-16
42888000.0,42883000.0,43643000.0,43569000.0,697000.0,1.63,2024/11/17,1403/08/27,2024-11-17
43583000.0,43474000.0,44670000.0,44361000.0,792000.0,1.82,2024/11/18,1403/08/28,2024-11-18
44426000.0,44407000.0,45261000.0,44950000.0,589000.0,1.33,2024/11/19,1403/08/29,2024-11-19
44940000.0,44940000.0,45451000.0,45197000.0,247000.0,0.55,2024/11/20,1403/08/30,2024-11-20
45199000.0,45199000.0,47053000.0,46605000.0,1408000.0,3.12,2024/11/22,1403/09/02,2024-11-22
46614000.0,45123000.0,46780000.0,45677000.0,928000.0,2.03,2024/11/23,1403/09/03,2024-11-23
45663000.0,44631000.0,45705000.0,44735000.0,942000.0,2.11,2024/11/24,1403/09/04,2024-11-24
44739000.0,44389000.0,45072000.0,44703000.0,32000.0,0.07,2024/11/25,1403/09/05,2024-11-25
44693000.0,44679000.0,45261000.0,45111000.0,408000.0,0.91,2024/11/26,1403/09/06,2024-11-26
45109000.0,44987000.0,45651000.0,45631000.0,520000.0,1.15,2024/11/27,1403/09/07,2024-11-27
45617000.0,45617000.0,46519000.0,45795000.0,164000.0,0.36,2024/11/29,1403/09/09,2024-11-29
45758000.0,45400000.0,46139000.0,45649000.0,146000.0,0.32,2024/11/30,1403/09/10,2024-11-30
45651000.0,45587000.0,45998000.0,45919000.0,270000.0,0.59,2024/12/01,1403/09/11,2024-12-01
45898000.0,45861000.0,46483000.0,46217000.0,298000.0,0.65,2024/12/02,1403/09/12,2024-12-02
46212000.0,46212000.0,46937000.0,46866000.0,649000.0,1.4,2024/12/03,1403/09/13,2024-12-03
46861000.0,45681000.0,46861000.0,46150000.0,716000.0,1.55,2024/12/06,1403/09/16,2024-12-06
46145000.0,46081000.0,46877000.0,46579000.0,429000.0,0.93,2024/12/07,1403/09/17,2024-12-07
46577000.0,46577000.0,47201000.0,46942000.0,363000.0,0.78,2024/12/08,1403/09/18,2024-12-08
46940000.0,46930000.0,47579000.0,47579000.0,637000.0,1.36,2024/12/09,1403/09/19,2024-12-09
47572000.0,47572000.0,48678000.0,48613000.0,1034000.0,2.17,2024/12/10,1403/09/20,2024-12-10
48632000.0,48124000.0,48706000.0,48182000.0,431000.0,0.89,2024/12/11,1403/09/21,2024-12-11
48191000.0,48140000.0,48948000.0,48676000.0,494000.0,1.03,2024/12/13,1403/09/23,2024-12-13
48683000.0,48371000.0,48872000.0,48535000.0,141000.0,0.29,2024/12/14,1403/09/24,2024-12-14
48463000.0,48463000.0,49581000.0,49417000.0,882000.0,1.82,2024/12/15,1403/09/25,2024-12-15
49431000.0,49084000.0,49795000.0,49124000.0,293000.0,0.6,2024/12/16,1403/09/26,2024-12-16
49105000.0,49105000.0,49879000.0,49694000.0,570000.0,1.16,2024/12/17,1403/09/27,2024-12-17
49673000.0,48574000.0,49724000.0,48710000.0,984000.0,2.02,2024/12/18,1403/09/28,2024-12-18
48715000.0,48632000.0,49170000.0,48918000.0,208000.0,0.43,2024/12/20,1403/09/30,2024-12-20
48902000.0,48362000.0,49103000.0,49071000.0,153000.0,0.31,2024/12/21,1403/10/01,2024-12-21
49075000.0,49024000.0,50223000.0,49872000.0,801000.0,1.63,2024/12/22,1403/10/02,2024-12-22
49890000.0,49885000.0,50673000.0,50493000.0,621000.0,1.25,2024/12/23,1403/10/03,2024-12-23
50490000.0,49918000.0,50894000.0,50777000.0,284000.0,0.56,2024/12/24,1403/10/04,2024-12-24
50763000.0,50629000.0,51495000.0,51432000.0,655000.0,1.29,2024/12/25,1403/10/05,2024-12-25
51421000.0,51421000.0,52649000.0,52630000.0,1198000.0,2.33,2024/12/27,1403/10/07,2024-12-27
52621000.0,51190000.0,52972000.0,51612000.0,1018000.0,1.97,2024/12/28,1403/10/08,2024-12-28
51629000.0,51007000.0,52425000.0,52305000.0,693000.0,1.34,2024/12/29,1403/10/09,2024-12-29
52298000.0,51956000.0,52621000.0,52413000.0,108000.0,0.21,2024/12/30,1403/10/10,2024-12-30
52430000.0,51945000.0,52430000.0,52185000.0,228000.0,0.44,2024/12/31,1403/10/11,2024-12-31
52169000.0,51931000.0,52326000.0,51956000.0,229000.0,0.44,2025/01/01,1403/10/12,2025-01-01
51982000.0,51098000.0,51982000.0,51564000.0,392000.0,0.76,2025/01/03,1403/10/14,2025-01-03
51596000.0,51195000.0,51795000.0,51206000.0,358000.0,0.7,2025/01/04,1403/10/15,2025-01-04
51213000.0,50860000.0,51308000.0,51174000.0,32000.0,0.06,2025/01/05,1403/10/16,2025-01-05
51169000.0,51169000.0,52510000.0,52240000.0,1066000.0,2.08,2025/01/06,1403/10/17,2025-01-06
52247000.0,52007000.0,52730000.0,52718000.0,478000.0,0.92,2025/01/07,1403/10/18,2025-01-07
52732000.0,52617000.0,52944000.0,52850000.0,132000.0,0.25,2025/01/08,1403/10/19,2025-01-08
52831000.0,52831000.0,53801000.0,53535000.0,685000.0,1.3,2025/01/10,1403/10/21,2025-01-10
53524000.0,52790000.0,53549000.0,52834000.0,701000.0,1.33,2025/01/11,1403/10/22,2025-01-11
52836000.0,52836000.0,53538000.0,53284000.0,450000.0,0.85,2025/01/12,1403/10/23,2025-01-12
52762000.0,52536000.0,52931000.0,52587000.0,697000.0,1.33,2025/01/14,1403/10/25,2025-01-14
52582000.0,51970000.0,52582000.0,52298000.0,289000.0,0.55,2025/01/15,1403/10/26,2025-01-15
52356000.0,51751000.0,52790000.0,52538000.0,240000.0,0.46,2025/01/17,1403/10/28,2025-01-17
52543000.0,52330000.0,52940000.0,52478000.0,60000.0,0.11,2025/01/18,1403/10/29,2025-01-18
52492000.0,52356000.0,53141000.0,52797000.0,319000.0,0.61,2025/01/19,1403/10/30,2025-01-19
52801000.0,52663000.0,54210000.0,54117000.0,1320000.0,2.5,2025/01/20,1403/11/01,2025-01-20
54466000.0,54445000.0,54907000.0,54824000.0,707000.0,1.31,2025/01/21,1403/11/02,2025-01-21
54828000.0,54828000.0,55399000.0,55163000.0,339000.0,0.62,2025/01/22,1403/11/03,2025-01-22
55182000.0,55182000.0,55819000.0,55586000.0,423000.0,0.77,2025/01/24,1403/11/05,2025-01-24
55579000.0,55579000.0,56165000.0,56103000.0,517000.0,0.93,2025/01/25,1403/11/06,2025-01-25
56084000.0,55493000.0,56391000.0,55990000.0,113000.0,0.2,2025/01/26,1403/11/07,2025-01-26
55987000.0,55135000.0,56130000.0,55345000.0,645000.0,1.17,2025/01/28,1403/11/09,2025-01-28
55357000.0,55214000.0,55980000.0,55828000.0,483000.0,0.87,2025/01/29,1403/11/10,2025-01-29
55833000.0,55833000.0,56927000.0,56763000.0,935000.0,1.67,2025/01/31,1403/11/12,2025-01-31
56474000.0,56324000.0,56892000.0,56645000.0,118000.0,0.21,2025/02/01,1403/11/13,2025-02-01
56634000.0,56532000.0,57098000.0,57045000.0,400000.0,0.71,2025/02/02,1403/11/14,2025-02-02
57042000.0,56945000.0,57751000.0,57712000.0,667000.0,1.17,2025/02/03,1403/11/15,2025-02-03
57730000.0,57730000.0,59305000.0,59023000.0,1311000.0,2.27,2025/02/04,1403/11/16,2025-02-04
59025000.0,58989000.0,59697000.0,59642000.0,619000.0,1.05,2025/02/05,1403/11/17,2025-02-05
59651000.0,59651000.0,64615000.0,63273000.0,3631000.0,6.09,2025/02/07,1403/11/19,2025-02-07
63285000.0,63285000.0,66201000.0,66201000.0,2928000.0,4.63,2025/02/08,1403/11/20,2025-02-08
66185000.0,62717000.0,66277000.0,63948000.0,2253000.0,3.52,2025/02/10,1403/11/22,2025-02-10
63957000.0,62609000.0,64146000.0,63827000.0,121000.0,0.19,2025/02/11,1403/11/23,2025-02-11
63851000.0,63710000.0,65633000.0,65504000.0,1677000.0,2.63,2025/02/12,1403/11/24,2025-02-12
65506000.0,64472000.0,66436000.0,65430000.0,74000.0,0.11,2025/02/14,1403/11/26,2025-02-14
65079000.0,65053000.0,65462000.0,65090000.0,340000.0,0.52,2025/02/15,1403/11/27,2025-02-15
65111000.0,64735000.0,65116000.0,64735000.0,355000.0,0.55,2025/02/16,1403/11/28,2025-02-16
64769000.0,64735000.0,66145000.0,65822000.0,1087000.0,1.68,2025/02/17,1403/11/29,2025-02-17
65815000.0,65808000.0,68112000.0,67565000.0,1743000.0,2.65,2025/02/18,1403/11/30,2025-02-18
67581000.0,67563000.0,69735000.0,69034000.0,1469000.0,2.17,2025/02/19,1403/12/01,2025-02-19
68509000.0,67471000.0,70093000.0,67923000.0,1111000.0,1.64,2025/02/21,1403/12/03,2025-02-21
67925000.0,66065000.0,68002000.0,67415000.0,508000.0,0.75,2025/02/22,1403/12/04,2025-02-22
67420000.0,66547000.0,67925000.0,66568000.0,847000.0,1.27,2025/02/23,1403/12/05,2025-02-23
66556000.0,65531000.0,66591000.0,65806000.0,762000.0,1.16,2025/02/24,1403/12/06,2025-02-24
67334000.0,66785000.0,67655000.0,67184000.0,1378000.0,2.09,2025/02/25,1403/12/07,2025-02-25
67187000.0,66178000.0,67187000.0,66300000.0,884000.0,1.33,2025/02/26,1403/12/08,2025-02-26
64492000.0,63908000.0,65284000.0,64358000.0,1942000.0,3.02,2025/02/28,1403/12/10,2025-02-28
64375000.0,64061000.0,65808000.0,65111000.0,753000.0,1.17,2025/03/01,1403/12/11,2025-03-01
64640000.0,63338000.0,64952000.0,63774000.0,1337000.0,2.1,2025/03/02,1403/12/12,2025-03-02
63777000.0,63777000.0,65300000.0,64354000.0,580000.0,0.91,2025/03/03,1403/12/13,2025-03-03
64495000.0,63687000.0,64631000.0,63915000.0,439000.0,0.69,2025/03/04,1403/12/14,2025-03-04
63911000.0,62786000.0,64236000.0,63786000.0,129000.0,0.2,2025/03/05,1403/12/15,2025-03-05
66159000.0,65409000.0,67129000.0,66358000.0,2572000.0,4.03,2025/03/07,1403/12/17,2025-03-07
68422000.0,64735000.0,69839000.0,67182000.0,824000.0,1.24,2025/03/08,1403/12/18,2025-03-08
67212000.0,66704000.0,69010000.0,67341000.0,159000.0,0.24,2025/03/09,1403/12/19,2025-03-09
67355000.0,66353000.0,67817000.0,66746000.0,595000.0,0.89,2025/03/10,1403/12/20,2025-03-10
66658000.0,66639000.0,68253000.0,67258000.0,512000.0,0.77,2025/03/11,1403/12/21,2025-03-11
67263000.0,67263000.0,68671000.0,68110000.0,852000.0,1.27,2025/03/12,1403/12/22,2025-03-12
68117000.0,67653000.0,68763000.0,68713000.0,603000.0,0.89,2025/03/14,1403/12/24,2025-03-14
68708000.0,68477000.0,73935000.0,73794000.0,5081000.0,7.39,2025/03/15,1403/12/25,2025-03-15
73771000.0,73771000.0,76982000.0,76978000.0,3184000.0,4.31,2025/03/16,1403/12/26,2025-03-16
76982000.0,76982000.0,81992000.0,81094000.0,4116000.0,5.35,2025/03/17,1403/12/27,2025-03-17
81112000.0,77986000.0,81112000.0,79388000.0,1706000.0,2.15,2025/03/24,1404/01/04,2025-03-24
79381000.0,78568000.0,80524000.0,79949000.0,561000.0,0.71,2025/03/25,1404/01/05,2025-03-25
79951000.0,79951000.0,81507000.0,81142000.0,1193000.0,1.49,2025/03/26,1404/01/06,2025-03-26
81147000.0,81147000.0,83608000.0,82814000.0,1672000.0,2.06,2025/03/28,1404/01/08,2025-03-28
82821000.0,81066000.0,82821000.0,81817000.0,997000.0,1.22,2025/03/29,1404/01/09,2025-03-29
81853000.0,81853000.0,83006000.0,82382000.0,565000.0,0.69,2025/04/02,1404/01/13,2025-04-02
82461000.0,77026000.0,82461000.0,77105000.0,5277000.0,6.84,2025/04/04,1404/01/15,2025-04-04
77218000.0,77218000.0,80166000.0,79863000.0,2758000.0,3.58,2025/04/05,1404/01/16,2025-04-05
79836000.0,78148000.0,80445000.0,78236000.0,1627000.0,2.08,2025/04/06,1404/01/17,2025-04-06
78243000.0,72273000.0,78243000.0,73644000.0,4592000.0,6.24,2025/04/07,1404/01/18,2025-04-07
73725000.0,73725000.0,75710000.0,75431000.0,1787000.0,2.43,2025/04/08,1404/01/19,2025-04-08
75422000.0,75422000.0,77329000.0,76398000.0,967000.0,1.28,2025/04/09,1404/01/20,2025-04-09
76373000.0,73607000.0,76373000.0,73782000.0,2616000.0,3.55,2025/04/11,1404/01/22,2025-04-11
73762000.0,65580000.0,73762000.0,66432000.0,7350000.0,11.06,2025/04/12,1404/01/23,2025-04-12
66231000.0,66231000.0,68828000.0,67579000.0,1147000.0,1.73,2025/04/13,1404/01/24,2025-04-13
70354000.0,66607000.0,71229000.0,67332000.0,247000.0,0.37,2025/04/14,1404/01/25,2025-04-14
67443000.0,67443000.0,70446000.0,69754000.0,2422000.0,3.6,2025/04/15,1404/01/26,2025-04-15
69749000.0,68364000.0,69749000.0,68710000.0,1044000.0,1.52,2025/04/16,1404/01/27,2025-04-16
68685000.0,65591000.0,68685000.0,65644000.0,3066000.0,4.67,2025/04/18,1404/01/29,2025-04-18
65501000.0,64266000.0,65829000.0,65543000.0,101000.0,0.15,2025/04/19,1404/01/30,2025-04-19
65571000.0,65571000.0,67694000.0,66330000.0,787000.0,1.2,2025/04/20,1404/01/31,2025-04-20
66335000.0,65035000.0,66418000.0,65693000.0,637000.0,0.97,2025/04/21,1404/02/01,2025-04-21
65734000.0,64229000.0,65734000.0,65065000.0,628000.0,0.97,2025/04/22,1404/02/02,2025-04-22
65095000.0,64019000.0,67115000.0,66531000.0,1466000.0,2.25,2025/04/25,1404/02/05,2025-04-25
66614000.0,66508000.0,68528000.0,66940000.0,409000.0,0.61,2025/04/26,1404/02/06,2025-04-26
65901000.0,64742000.0,66339000.0,65347000.0,1593000.0,2.44,2025/04/27,1404/02/07,2025-04-27
64862000.0,64068000.0,64998000.0,64910000.0,437000.0,0.67,2025/04/28,1404/02/08,2025-04-28
64901000.0,64412000.0,65254000.0,64869000.0,41000.0,0.06,2025/04/29,1404/02/09,2025-04-29
64885000.0,63964000.0,64885000.0,64174000.0,695000.0,1.08,2025/04/30,1404/02/10,2025-04-30
64255000.0,64255000.0,68394000.0,67759000.0,3585000.0,5.59,2025/05/02,1404/02/12,2025-05-02
67771000.0,67701000.0,68925000.0,68068000.0,309000.0,0.46,2025/05/03,1404/02/13,2025-05-03
67641000.0,67445000.0,68230000.0,67798000.0,270000.0,0.4,2025/05/04,1404/02/14,2025-05-04
67796000.0,66566000.0,67796000.0,66889000.0,909000.0,1.36,2025/05/05,1404/02/15,2025-05-05
66893000.0,66399000.0,67533000.0,66683000.0,206000.0,0.31,2025/05/06,1404/02/16,2025-05-06
66635000.0,66635000.0,67503000.0,66958000.0,275000.0,0.41,2025/05/07,1404/02/17,2025-05-07
67009000.0,66351000.0,67369000.0,67189000.0,231000.0,0.34,2025/05/09,1404/02/19,2025-05-09
67187000.0,66289000.0,68544000.0,66482000.0,707000.0,1.06,2025/05/10,1404/02/20,2025-05-10
65665000.0,65093000.0,65896000.0,65411000.0,1071000.0,1.64,2025/05/11,1404/02/21,2025-05-11
66009000.0,65224000.0,66099000.0,65822000.0,411000.0,0.63,2025/05/12,1404/02/22,2025-05-12
65746000.0,64462000.0,65748000.0,64605000.0,1217000.0,1.88,2025/05/13,1404/02/23,2025-05-13
64652000.0,63680000.0,64652000.0,64347000.0,258000.0,0.4,2025/05/14,1404/02/24,2025-05-14
64423000.0,63079000.0,64599000.0,63098000.0,1249000.0,1.98,2025/05/16,1404/02/26,2025-05-16
63075000.0,61486000.0,63308000.0,62207000.0,891000.0,1.43,2025/05/17,1404/02/27,2025-05-17
62934000.0,62544000.0,63290000.0,62567000.0,360000.0,0.58,2025/05/18,1404/02/28,2025-05-18
64141000.0,63580000.0,67494000.0,65926000.0,3359000.0,5.37,2025/05/19,1404/02/29,2025-05-19
65910000.0,64781000.0,68486000.0,64818000.0,1108000.0,1.71,2025/05/20,1404/02/30,2025-05-20
64834000.0,64809000.0,65501000.0,65317000.0,499000.0,0.77,2025/05/21,1404/02/31,2025-05-21
65296000.0,65296000.0,66702000.0,65688000.0,371000.0,0.57,2025/05/23,1404/03/02,2025-05-23
65707000.0,65060000.0,65762000.0,65363000.0,325000.0,0.5,2025/05/24,1404/03/03,2025-05-24
64183000.0,64063000.0,65000000.0,64813000.0,550000.0,0.85,2025/05/25,1404/03/04,2025-05-25
64735000.0,64384000.0,64850000.0,64603000.0,210000.0,0.33,2025/05/26,1404/03/05,2025-05-26
64599000.0,64259000.0,65153000.0,64423000.0,180000.0,0.28,2025/05/27,1404/03/06,2025-05-27
64303000.0,63814000.0,64446000.0,64400000.0,23000.0,0.04,2025/05/28,1404/03/07,2025-05-28
65136000.0,64238000.0,65139000.0,64423000.0,23000.0,0.04,2025/05/30,1404/03/09,2025-05-30
64476000.0,63846000.0,64603000.0,64160000.0,263000.0,0.41,2025/05/31,1404/03/10,2025-05-31
64169000.0,64169000.0,66404000.0,66053000.0,1893000.0,2.95,2025/06/01,1404/03/11,2025-06-01
66132000.0,65741000.0,66355000.0,66173000.0,120000.0,0.18,2025/06/02,1404/03/12,2025-06-02
66284000.0,64275000.0,66284000.0,64278000.0,1895000.0,2.95,2025/06/06,1404/03/16,2025-06-06
64326000.0,64326000.0,65250000.0,65003000.0,725000.0,1.13,2025/06/07,1404/03/17,2025-06-07
65714000.0,65312000.0,65864000.0,65513000.0,510000.0,0.78,2025/06/08,1404/03/18,2025-06-08
65504000.0,64185000.0,65504000.0,64610000.0,903000.0,1.4,2025/06/09,1404/03/19,2025-06-09
64631000.0,64631000.0,66083000.0,65887000.0,1277000.0,1.98,2025/06/10,1404/03/20,2025-06-10
65813000.0,65813000.0,68094000.0,67741000.0,1854000.0,2.81,2025/06/11,1404/03/21,2025-06-11
66829000.0,66813000.0,67678000.0,67189000.0,552000.0,0.82,2025/06/25,1404/04/04,2025-06-25
67173000.0,66912000.0,67858000.0,67441000.0,252000.0,0.38,2025/06/27,1404/04/06,2025-06-27
67422000.0,67413000.0,71418000.0,70675000.0,3234000.0,4.8,2025/06/28,1404/04/07,2025-06-28
70871000.0,70857000.0,74597000.0,73563000.0,2888000.0,4.09,2025/06/29,1404/04/08,2025-06-29
73418000.0,73418000.0,76059000.0,74073000.0,510000.0,0.69,2025/06/30,1404/04/09,2025-06-30
74025000.0,72951000.0,75223000.0,74997000.0,924000.0,1.25,2025/07/01,1404/04/10,2025-07-01
74925000.0,73861000.0,75459000.0,74371000.0,626000.0,0.84,2025/07/02,1404/04/11,2025-07-02
74390000.0,71139000.0,74390000.0,71388000.0,2983000.0,4.18,2025/07/06,1404/04/15,2025-07-06
71465000.0,69015000.0,71465000.0,69324000.0,2064000.0,2.98,2025/07/07,1404/04/16,2025-07-07
69477000.0,69237000.0,70578000.0,70331000.0,1007000.0,1.45,2025/07/08,1404/04/17,2025-07-08
70465000.0,70149000.0,70749000.0,70553000.0,222000.0,0.32,2025/07/09,1404/04/18,2025-07-09
70656000.0,69347000.0,70656000.0,69664000.0,889000.0,1.28,2025/07/11,1404/04/20,2025-07-11
69641000.0,69636000.0,72083000.0,71557000.0,1893000.0,2.72,2025/07/12,1404/04/21,2025-07-12
71716000.0,71206000.0,72630000.0,71261000.0,296000.0,0.42,2025/07/14,1404/04/23,2025-07-14
71091000.0,70668000.0,71465000.0,71275000.0,489000.0,0.69,2025/07/15,1404/04/24,2025-07-15
71278000.0,70737000.0,71344000.0,70818000.0,457000.0,0.65,2025/07/16,1404/04/25,2025-07-16
70804000.0,69851000.0,70804000.0,69851000.0,967000.0,1.38,2025/07/18,1404/04/27,2025-07-18
69842000.0,69246000.0,69922000.0,69451000.0,400000.0,0.58,2025/07/19,1404/04/28,2025-07-19
69428000.0,69428000.0,70855000.0,70786000.0,1335000.0,1.92,2025/07/20,1404/04/29,2025-07-20
71490000.0,71347000.0,71993000.0,71825000.0,1039000.0,1.47,2025/07/21,1404/04/30,2025-07-21
72499000.0,71268000.0,72499000.0,71344000.0,481000.0,0.67,2025/07/22,1404/04/31,2025-07-22
71347000.0,70968000.0,71347000.0,71070000.0,274000.0,0.39,2025/07/23,1404/05/01,2025-07-23
71086000.0,69932000.0,71151000.0,70086000.0,984000.0,1.4,2025/07/25,1404/05/03,2025-07-25
70119000.0,69724000.0,70308000.0,70255000.0,169000.0,0.24,2025/07/26,1404/05/04,2025-07-26
70282000.0,70282000.0,71737000.0,71224000.0,969000.0,1.38,2025/07/27,1404/05/05,2025-07-27
71250000.0,71248000.0,71880000.0,71441000.0,217000.0,0.3,2025/07/28,1404/05/06,2025-07-28
71455000.0,71370000.0,71903000.0,71485000.0,44000.0,0.06,2025/07/29,1404/05/07,2025-07-29
71499000.0,71499000.0,72434000.0,72109000.0,624000.0,0.87,2025/07/30,1404/05/08,2025-07-30
72116000.0,72099000.0,74274000.0,73981000.0,1872000.0,2.6,2025/08/01,1404/05/10,2025-08-01
73965000.0,73965000.0,75782000.0,75248000.0,1267000.0,1.71,2025/08/02,1404/05/11,2025-08-02
75126000.0,75057000.0,76899000.0,76724000.0,1476000.0,1.96,2025/08/03,1404/05/12,2025-08-03
76747000.0,74877000.0,77273000.0,76410000.0,314000.0,0.41,2025/08/04,1404/05/13,2025-08-04
76497000.0,75218000.0,76497000.0,75927000.0,483000.0,0.64,2025/08/05,1404/05/14,2025-08-05
75941000.0,75819000.0,76357000.0,75934000.0,7000.0,0.01,2025/08/06,1404/05/15,2025-08-06
75953000.0,74316000.0,75953000.0,74577000.0,1357000.0,1.82,2025/08/09,1404/05/18,2025-08-09
74579000.0,74177000.0,75158000.0,74923000.0,346000.0,0.46,2025/08/10,1404/05/19,2025-08-10
74925000.0,74870000.0,75482000.0,74964000.0,41000.0,0.05,2025/08/11,1404/05/20,2025-08-11
74974000.0,74339000.0,75089000.0,74496000.0,468000.0,0.63,2025/08/12,1404/05/21,2025-08-12
75791000.0,75609000.0,76243000.0,76237000.0,1741000.0,2.34,2025/08/13,1404/05/22,2025-08-13
76225000.0,73854000.0,76225000.0,74018000.0,2219000.0,3.0,2025/08/16,1404/05/25,2025-08-16
73997000.0,73997000.0,75389000.0,75131000.0,1113000.0,1.5,2025/08/17,1404/05/26,2025-08-17
75121000.0,75121000.0,76082000.0,75869000.0,738000.0,0.98,2025/08/18,1404/05/27,2025-08-18
75867000.0,75867000.0,76567000.0,75932000.0,63000.0,0.08,2025/08/19,1404/05/28,2025-08-19
75959000.0,75959000.0,77375000.0,77352000.0,1420000.0,1.87,2025/08/20,1404/05/29,2025-08-20
77324000.0,77324000.0,78621000.0,78453000.0,1101000.0,1.42,2025/08/21,1404/05/30,2025-08-21
78455000.0,76881000.0,78455000.0,77647000.0,806000.0,1.04,2025/08/23,1404/06/01,2025-08-23
77654000.0,77654000.0,78783000.0,78617000.0,970000.0,1.25,2025/08/25,1404/06/03,2025-08-25
78638000.0,78638000.0,79822000.0,79674000.0,1057000.0,1.34,2025/08/26,1404/06/04,2025-08-26
80948000.0,80805000.0,83100000.0,82964000.0,3290000.0,4.13,2025/08/27,1404/06/05,2025-08-27
82975000.0,82675000.0,84278000.0,83435000.0,471000.0,0.57,2025/08/28,1404/06/06,2025-08-28
83446000.0,83446000.0,88064000.0,86118000.0,2683000.0,3.22,2025/08/30,1404/06/08,2025-08-30
86101000.0,86101000.0,89726000.0,89407000.0,3289000.0,3.82,2025/08/31,1404/06/09,2025-08-31
89417000.0,86852000.0,89417000.0,87692000.0,1715000.0,1.96,2025/09/02,1404/06/11,2025-09-02
87669000.0,86575000.0,87995000.0,87602000.0,90000.0,0.1,2025/09/03,1404/06/12,2025-09-03
87621000.0,85928000.0,87621000.0,86148000.0,1454000.0,1.69,2025/09/04,1404/06/13,2025-09-04
86141000.0,86141000.0,88433000.0,87646000.0,1498000.0,1.74,2025/09/06,1404/06/15,2025-09-06
87651000.0,87544000.0,88941000.0,88198000.0,552000.0,0.63,2025/09/07,1404/06/16,2025-09-07
88188000.0,87983000.0,90165000.0,88066000.0,132000.0,0.15,2025/09/08,1404/06/17,2025-09-08
88059000.0,87316000.0,88664000.0,88502000.0,436000.0,0.5,2025/09/09,1404/06/18,2025-09-09
88523000.0,86069000.0,88523000.0,86342000.0,2160000.0,2.5,2025/09/11,1404/06/20,2025-09-11
86475000.0,84497000.0,86475000.0,84624000.0,1718000.0,2.03,2025/09/13,1404/06/22,2025-09-13
84605000.0,83887000.0,85822000.0,84254000.0,370000.0,0.44,2025/09/14,1404/06/23,2025-09-14
84245000.0,84245000.0,86863000.0,86803000.0,2549000.0,3.03,2025/09/15,1404/06/24,2025-09-15
86789000.0,86789000.0,89218000.0,88415000.0,1612000.0,1.86,2025/09/16,1404/06/25,2025-09-16
88449000.0,88191000.0,89241000.0,88399000.0,16000.0,0.02,2025/09/17,1404/06/26,2025-09-17
88433000.0,87337000.0,88433000.0,87410000.0,989000.0,1.13,2025/09/18,1404/06/27,2025-09-18
87417000.0,87417000.0,93581000.0,92356000.0,4946000.0,5.66,2025/09/20,1404/06/29,2025-09-20
92349000.0,92349000.0,96975000.0,96742000.0,4386000.0,4.75,2025/09/21,1404/06/30,2025-09-21
96744000.0,93263000.0,96814000.0,93605000.0,3137000.0,3.35,2025/09/22,1404/06/31,2025-09-22
93588000.0,92670000.0,96860000.0,96511000.0,2906000.0,3.1,2025/09/23,1404/07/01,2025-09-23
96497000.0,100000000.0,99997000.0,99482000.0,2971000.0,3.08,2025/09/24,1404/07/02,2025-09-24
99462000.0,100000000.0,99997000.0,99757000.0,275000.0,0.28,2025/09/25,1404/07/03,2025-09-25
100000000.0,100000000.0,103578000.0,103571000.0,3814000.0,3.82,2025/09/27,1404/07/05,2025-09-27
103564000.0,100496000.0,103564000.0,101595000.0,1976000.0,1.94,2025/09/28,1404/07/06,2025-09-28
101606000.0,101122000.0,105146000.0,104603000.0,3008000.0,2.96,2025/09/29,1404/07/07,2025-09-29
104615000.0,104374000.0,107318000.0,106741000.0,2138000.0,2.04,2025/09/30,1404/07/08,2025-09-30
106909000.0,106734000.0,109234000.0,109066000.0,2325000.0,2.18,2025/10/01,1404/07/09,2025-10-01
109049000.0,109049000.0,111658000.0,110813000.0,1747000.0,1.6,2025/10/02,1404/07/10,2025-10-02
110827000.0,108899000.0,110943000.0,109548000.0,1265000.0,1.15,2025/10/04,1404/07/12,2025-10-04
109544000.0,105623000.0,109544000.0,106041000.0,3507000.0,3.31,2025/10/05,1404/07/13,2025-10-05
106039000.0,105139000.0,107064000.0,105309000.0,732000.0,0.7,2025/10/06,1404/07/14,2025-10-06
105303000.0,105303000.0,110065000.0,109299000.0,3990000.0,3.79,2025/10/07,1404/07/15,2025-10-07
109303000.0,109303000.0,114660000.0,113729000.0,4430000.0,4.05,2025/10/08,1404/07/16,2025-10-08
113711000.0,110195000.0,113711000.0,111427000.0,2302000.0,2.07,2025/10/09,1404/07/17,2025-10-09
111414000.0,109086000.0,111866000.0,109227000.0,2200000.0,2.01,2025/10/11,1404/07/19,2025-10-11
109200000.0,106937000.0,109973000.0,108424000.0,803000.0,0.74,2025/10/12,1404/07/20,2025-10-12
108440000.0,108440000.0,111171000.0,109345000.0,921000.0,0.85,2025/10/13,1404/07/21,2025-10-13
109347000.0,107953000.0,109811000.0,108433000.0,912000.0,0.84,2025/10/14,1404/07/22,2025-10-14
108445000.0,108445000.0,111889000.0,111700000.0,3267000.0,3.01,2025/10/15,1404/07/23,2025-10-15
111698000.0,111698000.0,113505000.0,112741000.0,1041000.0,0.93,2025/10/16,1404/07/24,2025-10-16
112734000.0,107537000.0,112734000.0,108477000.0,4264000.0,3.93,2025/10/18,1404/07/26,2025-10-18
108465000.0,108465000.0,112582000.0,110818000.0,2341000.0,2.16,2025/10/19,1404/07/27,2025-10-19
110834000.0,108322000.0,110834000.0,109742000.0,1076000.0,0.98,2025/10/20,1404/07/28,2025-10-20
109733000.0,109096000.0,111991000.0,109121000.0,621000.0,0.57,2025/10/21,1404/07/29,2025-10-21
109149000.0,107987000.0,110098000.0,108639000.0,482000.0,0.44,2025/10/22,1404/07/30,2025-10-22
108613000.0,108613000.0,109754000.0,108953000.0,314000.0,0.29,2025/10/23,1404/08/01,2025-10-23
108934000.0,105702000.0,108934000.0,106494000.0,2459000.0,2.31,2025/10/25,1404/08/03,2025-10-25
106471000.0,106471000.0,109218000.0,107438000.0,944000.0,0.89,2025/10/26,1404/08/04,2025-10-26
107452000.0,105171000.0,107874000.0,105453000.0,1985000.0,1.88,2025/10/27,1404/08/05,2025-10-27
105457000.0,102516000.0,105457000.0,103527000.0,1926000.0,1.86,2025/10/28,1404/08/06,2025-10-28
103509000.0,103509000.0,105621000.0,104550000.0,1023000.0,0.99,2025/10/29,1404/08/07,2025-10-29
104575000.0,103486000.0,104605000.0,103818000.0,732000.0,0.71,2025/10/30,1404/08/08,2025-10-30
103816000.0,103816000.0,106614000.0,106263000.0,2445000.0,2.36,2025/11/01,1404/08/10,2025-11-01
106291000.0,104709000.0,106697000.0,104970000.0,1293000.0,1.23,2025/11/02,1404/08/11,2025-11-02
104855000.0,104640000.0,105319000.0,104885000.0,85000.0,0.08,2025/11/03,1404/08/12,2025-11-03
104573000.0,104340000.0,105757000.0,104728000.0,157000.0,0.15,2025/11/04,1404/08/13,2025-11-04
105039000.0,104317000.0,105252000.0,104686000.0,42000.0,0.04,2025/11/05,1404/08/14,2025-11-05
104718000.0,104718000.0,105203000.0,105019000.0,333000.0,0.32,2025/11/06,1404/08/15,2025-11-06
105039000.0,104132000.0,105039000.0,104307000.0,712000.0,0.68,2025/11/08,1404/08/17,2025-11-08
104303000.0,104303000.0,104882000.0,104550000.0,243000.0,0.23,2025/11/09,1404/08/18,2025-11-09
104568000.0,104568000.0,105875000.0,105711000.0,1161000.0,1.11,2025/11/10,1404/08/19,2025-11-10
105679000.0,105679000.0,111252000.0,110081000.0,4370000.0,4.13,2025/11/11,1404/08/20,2025-11-11
112426990.0,112311560.0,114299000.0,113972000.0,3891000.0,3.53,2025/11/12,1404/08/21,2025-11-12
113976000.0,113976000.0,116633000.0,115583000.0,1611000.0,1.41,2025/11/13,1404/08/22,2025-11-13
115560000.0,111986000.0,115560000.0,112259000.0,3324000.0,2.96,2025/11/15,1404/08/24,2025-11-15
112265000.0,110576000.0,112755000.0,111070000.0,1189000.0,1.07,2025/11/16,1404/08/25,2025-11-16
111049000.0,111049000.0,112132000.0,111829000.0,759000.0,0.68,2025/11/17,1404/08/26,2025-11-17
111827000.0,109814000.0,111827000.0,111287000.0,542000.0,0.49,2025/11/18,1404/08/27,2025-11-18
111273000.0,111273000.0,114290000.0,113459000.0,2172000.0,1.95,2025/11/19,1404/08/28,2025-11-19
113477000.0,112836000.0,114625000.0,113494000.0,35000.0,0.03,2025/11/20,1404/08/29,2025-11-20
113489000.0,111178000.0,113489000.0,111252000.0,2242000.0,2.02,2025/11/22,1404/09/01,2025-11-22
111268000.0,111268000.0,113376000.0,112773000.0,1521000.0,1.37,2025/11/23,1404/09/02,2025-11-23
112766000.0,112420000.0,114879000.0,113556000.0,783000.0,0.69,2025/11/25,1404/09/04,2025-11-25
113579000.0,113579000.0,115410000.0,114969000.0,1413000.0,1.24,2025/11/26,1404/09/05,2025-11-26
114978000.0,114589000.0,115615000.0,114691000.0,278000.0,0.24,2025/11/27,1404/09/06,2025-11-27
114675000.0,114675000.0,118410000.0,118343000.0,3652000.0,3.18,2025/11/29,1404/09/08,2025-11-29
118330000.0,118330000.0,120583000.0,120541000.0,2198000.0,1.86,2025/11/30,1404/09/09,2025-11-30
120557000.0,120557000.0,123376000.0,122102000.0,1561000.0,1.29,2025/12/01,1404/09/10,2025-12-01
122120000.0,119662000.0,122279000.0,121208000.0,894000.0,0.74,2025/12/02,1404/09/11,2025-12-02
121185000.0,121185000.0,123893000.0,122953000.0,1745000.0,1.44,2025/12/03,1404/09/12,2025-12-03
122940000.0,122143000.0,123194000.0,122480000.0,473000.0,0.39,2025/12/04,1404/09/13,2025-12-04
122501000.0,122501000.0,124994000.0,124496000.0,2016000.0,1.65,2025/12/06,1404/09/15,2025-12-06
124484000.0,124484000.0,127130000.0,127065000.0,2569000.0,2.06,2025/12/07,1404/09/16,2025-12-07
127083000.0,126774000.0,127947000.0,127132000.0,67000.0,0.05,2025/12/08,1404/09/17,2025-12-08
128099000.0,125641000.0,128157000.0,126797000.0,335000.0,0.26,2025/12/09,1404/09/18,2025-12-09
126816000.0,126079000.0,127210000.0,126818000.0,21000.0,0.02,2025/12/10,1404/09/19,2025-12-10
126823000.0,126823000.0,128711000.0,128314000.0,1496000.0,1.18,2025/12/11,1404/09/20,2025-12-11
128309000.0,128309000.0,134083000.0,133563000.0,5249000.0,4.09,2025/12/13,1404/09/22,2025-12-13
133580000.0,131398000.0,135689000.0,135251000.0,1688000.0,1.26,2025/12/14,1404/09/23,2025-12-14
137142000.0,135689000.0,138321000.0,136001000.0,750000.0,0.55,2025/12/15,1404/09/24,2025-12-15
135999000.0,133605000.0,135999000.0,135422000.0,579000.0,0.43,2025/12/16,1404/09/25,2025-12-16
136592000.0,136585000.0,139145000.0,139122000.0,3700000.0,2.73,2025/12/17,1404/09/26,2025-12-17
139099000.0,137275000.0,139099000.0,137437000.0,1685000.0,1.23,2025/12/18,1404/09/27,2025-12-18
137444000.0,137368000.0,139422000.0,137887000.0,450000.0,0.33,2025/12/20,1404/09/29,2025-12-20
137878000.0,134990000.0,137878000.0,136470000.0,1417000.0,1.04,2025/12/21,1404/09/30,2025-12-21
136488000.0,136488000.0,139695000.0,139395000.0,2925000.0,2.14,2025/12/22,1404/10/01,2025-12-22
139399000.0,139399000.0,143714000.0,143204000.0,3809000.0,2.73,2025/12/23,1404/10/02,2025-12-23
143206000.0,143206000.0,146002000.0,145134000.0,1930000.0,1.35,2025/12/24,1404/10/03,2025-12-24
144494000.0,143047000.0,144801000.0,143573000.0,1561000.0,1.09,2025/12/25,1404/10/04,2025-12-25
143557000.0,143557000.0,153472000.0,153460000.0,9887000.0,6.89,2025/12/27,1404/10/06,2025-12-27
153467000.0,153467000.0,161420000.0,158154000.0,4694000.0,3.06,2025/12/28,1404/10/07,2025-12-28
158144000.0,143231000.0,158144000.0,143587000.0,14567000.0,10.15,2025/12/29,1404/10/08,2025-12-29
143578000.0,143578000.0,148449000.0,147546000.0,3959000.0,2.76,2025/12/30,1404/10/09,2025-12-30
147532000.0,140761000.0,147532000.0,140997000.0,6549000.0,4.64,2025/12/31,1404/10/10,2025-12-31
141008000.0,139886000.0,142146000.0,141989000.0,992000.0,0.7,2026/01/01,1404/10/11,2026-01-01
142001000.0,142001000.0,148391000.0,147241000.0,5252000.0,3.7,2026/01/04,1404/10/14,2026-01-04
147253000.0,147253000.0,156863000.0,156840000.0,9599000.0,6.52,2026/01/05,1404/10/15,2026-01-05
156845000.0,156845000.0,163142000.0,160522000.0,3682000.0,2.35,2026/01/06,1404/10/16,2026-01-06
160536000.0,156736000.0,162115000.0,161282000.0,760000.0,0.47,2026/01/07,1404/10/17,2026-01-07
161284000.0,158075000.0,161284000.0,158084000.0,3198000.0,2.02,2026/01/08,1404/10/18,2026-01-08
158098000.0,158098000.0,158583000.0,158560000.0,476000.0,0.3,2026/01/10,1404/10/20,2026-01-10
158576000.0,158560000.0,158583000.0,158569000.0,9000.0,0.01,2026/01/11,1404/10/21,2026-01-11
158581000.0,158560000.0,158583000.0,158578000.0,9000.0,0.01,2026/01/12,1404/10/22,2026-01-12
158581000.0,158560000.0,158583000.0,158578000.0,,,2026/01/13,1404/10/23,2026-01-13
158567000.0,158560000.0,158583000.0,158569000.0,9000.0,0.01,2026/01/14,1404/10/24,2026-01-14
158564000.0,158560000.0,158583000.0,158576000.0,7000.0,,2026/01/15,1404/10/25,2026-01-15
158569000.0,158560000.0,158583000.0,158581000.0,5000.0,,2026/01/17,1404/10/27,2026-01-17
158569000.0,158560000.0,158583000.0,158578000.0,3000.0,,2026/01/18,1404/10/28,2026-01-18
158560000.0,158560000.0,158583000.0,158567000.0,11000.0,0.01,2026/01/19,1404/10/29,2026-01-19
158560000.0,158560000.0,158583000.0,158569000.0,2000.0,,2026/01/20,1404/10/30,2026-01-20
158562000.0,158560000.0,158583000.0,158567000.0,2000.0,,2026/01/21,1404/11/01,2026-01-21
158560000.0,158560000.0,158583000.0,158567000.0,,,2026/01/22,1404/11/02,2026-01-22
158562000.0,158560000.0,163789000.0,163426000.0,4859000.0,3.06,2026/01/24,1404/11/04,2026-01-24
163419000.0,160430000.0,165051000.0,164834000.0,1408000.0,0.86,2026/01/25,1404/11/05,2026-01-25
164825000.0,164811000.0,172457000.0,172443000.0,7609000.0,4.62,2026/01/26,1404/11/06,2026-01-26
172439000.0,172439000.0,183653000.0,182725000.0,10282000.0,5.96,2026/01/27,1404/11/07,2026-01-27
182716000.0,182716000.0,203160000.0,200829000.0,18104000.0,9.91,2026/01/28,1404/11/08,2026-01-28
223454000.0,192056000.0,223937000.0,206141000.0,5312000.0,2.65,2026/01/29,1404/11/09,2026-01-29
206145000.0,186978000.0,209855000.0,196680000.0,9461000.0,4.81,2026/01/31,1404/11/11,2026-01-31
196696000.0,187208000.0,196696000.0,188831000.0,7849000.0,4.16,2026/02/01,1404/11/12,2026-02-01
188841000.0,175781000.0,188841000.0,176589000.0,12242000.0,6.93,2026/02/02,1404/11/13,2026-02-02
176592000.0,176592000.0,193234000.0,192354000.0,15765000.0,8.93,2026/02/03,1404/11/14,2026-02-03
192347000.0,192287000.0,194619000.0,193580000.0,1226000.0,0.64,2026/02/05,1404/11/16,2026-02-05
193566000.0,180860000.0,193566000.0,181006000.0,12574000.0,6.95,2026/02/07,1404/11/18,2026-02-07
180999000.0,180999000.0,190348000.0,187804000.0,6798000.0,3.76,2026/02/08,1404/11/19,2026-02-08
187790000.0,187790000.0,197620000.0,193361000.0,5557000.0,2.96,2026/02/09,1404/11/20,2026-02-09
193601000.0,193591000.0,202502000.0,199515000.0,6154000.0,3.18,2026/02/10,1404/11/21,2026-02-10
199529000.0,194480000.0,199529000.0,195297000.0,4218000.0,2.16,2026/02/12,1404/11/23,2026-02-12
195302000.0,185165000.0,195302000.0,185830000.0,9467000.0,5.09,2026/02/14,1404/11/25,2026-02-14
185828000.0,185828000.0,193961000.0,191798000.0,5968000.0,3.21,2026/02/15,1404/11/26,2026-02-15
191795000.0,186493000.0,192079000.0,186955000.0,4843000.0,2.59,2026/02/16,1404/11/27,2026-02-16
186971000.0,186971000.0,196498000.0,188455000.0,1500000.0,0.8,2026/02/17,1404/11/28,2026-02-17
188263000.0,188247000.0,195542000.0,194268000.0,5813000.0,3.08,2026/02/18,1404/11/29,2026-02-18
194249000.0,194249000.0,200157000.0,198846000.0,4578000.0,2.36,2026/02/19,1404/11/30,2026-02-19
198860000.0,196096000.0,201544000.0,196791000.0,2055000.0,1.04,2026/02/21,1404/12/02,2026-02-21
196789000.0,195981000.0,198659000.0,196348000.0,443000.0,0.23,2026/02/22,1404/12/03,2026-02-22
196445000.0,196445000.0,199259000.0,198929000.0,2581000.0,1.31,2026/02/23,1404/12/04,2026-02-23
198920000.0,198024000.0,200275000.0,198028000.0,901000.0,0.45,2026/02/24,1404/12/05,2026-02-24
198038000.0,198038000.0,204522000.0,204409000.0,6381000.0,3.22,2026/02/25,1404/12/06,2026-02-25
204407000.0,199397000.0,204407000.0,200452000.0,3957000.0,1.97,2026/02/26,1404/12/07,2026-02-26
200445000.0,200445000.0,201244000.0,201242000.0,790000.0,0.39,2026/02/28,1404/12/09,2026-02-28
201237000.0,201221000.0,201244000.0,201223000.0,19000.0,0.01,2026/03/01,1404/12/10,2026-03-01
201226000.0,201221000.0,201244000.0,201223000.0,,,2026/03/02,1404/12/11,2026-03-02
201240000.0,201221000.0,201244000.0,201235000.0,12000.0,0.01,2026/03/03,1404/12/12,2026-03-03
201230000.0,201221000.0,201244000.0,201226000.0,9000.0,,2026/03/04,1404/12/13,2026-03-04
201242000.0,201221000.0,201244000.0,201226000.0,,,2026/03/05,1404/12/14,2026-03-05
201242000.0,201221000.0,201244000.0,201230000.0,4000.0,,2026/03/07,1404/12/16,2026-03-07
201221000.0,201221000.0,201244000.0,201240000.0,10000.0,,2026/03/08,1404/12/17,2026-03-08
201237000.0,201221000.0,201244000.0,201226000.0,14000.0,0.01,2026/03/09,1404/12/18,2026-03-09
201228000.0,201221000.0,201244000.0,201226000.0,,,2026/03/10,1404/12/19,2026-03-10
201240000.0,201221000.0,201244000.0,201230000.0,4000.0,,2026/03/11,1404/12/20,2026-03-11
201223000.0,201221000.0,201244000.0,201228000.0,2000.0,,2026/03/12,1404/12/21,2026-03-12
201226000.0,201221000.0,201244000.0,201223000.0,5000.0,,2026/03/14,1404/12/23,2026-03-14
169230000.0,169230000.0,169230000.0,169230000.0,31993000.0,18.91,2026/03/15,1404/12/24,2026-03-15
180031000.0,166000000.0,201244000.0,166000000.0,3230000.0,1.95,2026/03/16,1404/12/25,2026-03-16
170000000.0,170000000.0,174292361.0,174292361.0,8292361.0,5.0,2026/03/17,1404/12/26,2026-03-17
179697000.0,177929000.0,179697000.0,177929000.0,3636639.0,2.09,2026/03/18,1404/12/27,2026-03-18
175761000.0,175761000.0,179000000.0,176392642.0,1536358.0,0.87,2026/03/19,1404/12/28,2026-03-19
174297000.0,174281000.0,174304000.0,174299000.0,2093642.0,1.2,2026/03/23,1405/01/03,2026-03-23
174281000.0,174281000.0,174304000.0,174302000.0,3000.0,,2026/03/24,1405/01/04,2026-03-24
174299000.0,173452000.0,175481000.0,175475000.0,1173000.0,0.67,2026/03/25,1405/01/05,2026-03-25
175463000.0,174889000.0,175481000.0,174912000.0,563000.0,0.32,2026/03/26,1405/01/06,2026-03-26
174905000.0,174889000.0,174912000.0,174903000.0,9000.0,0.01,2026/03/28,1405/01/08,2026-03-28
174909000.0,174889000.0,174912000.0,174912000.0,9000.0,0.01,2026/03/29,1405/01/09,2026-03-29
174893000.0,174889000.0,174912000.0,174889000.0,23000.0,0.01,2026/03/30,1405/01/10,2026-03-30
174907000.0,174889000.0,174912000.0,174891000.0,2000.0,,2026/03/31,1405/01/11,2026-03-31
174907000.0,174889000.0,174912000.0,174903000.0,12000.0,0.01,2026/04/01,1405/01/12,2026-04-01
174889000.0,174889000.0,174912000.0,174889000.0,14000.0,0.01,2026/04/02,1405/01/13,2026-04-02
174912000.0,174889000.0,174912000.0,174909000.0,20000.0,0.01,2026/04/04,1405/01/15,2026-04-04
174905000.0,174512000.0,179152000.0,178900000.0,3991000.0,2.28,2026/04/05,1405/01/16,2026-04-05
178905000.0,178898000.0,178921000.0,178919000.0,19000.0,0.01,2026/04/06,1405/01/17,2026-04-06
178912000.0,178898000.0,180075000.0,180068000.0,1149000.0,0.64,2026/04/07,1405/01/18,2026-04-07
180054000.0,179706000.0,189309000.0,179708000.0,360000.0,0.2,2026/04/08,1405/01/19,2026-04-08
179713000.0,179706000.0,180537000.0,180301000.0,593000.0,0.33,2026/04/09,1405/01/20,2026-04-09
180304000.0,174512000.0,180306000.0,175899000.0,4402000.0,2.5,2026/04/11,1405/01/22,2026-04-11
175906000.0,175897000.0,179267000.0,179251000.0,3352000.0,1.91,2026/04/12,1405/01/23,2026-04-12
179263000.0,179129000.0,180768000.0,180761000.0,1510000.0,0.84,2026/04/13,1405/01/24,2026-04-13
180745000.0,180745000.0,180768000.0,180752000.0,9000.0,,2026/04/14,1405/01/25,2026-04-14
180761000.0,174512000.0,180768000.0,176151000.0,4601000.0,2.61,2026/04/15,1405/01/26,2026-04-15
176135000.0,175268000.0,176301000.0,175278000.0,873000.0,0.5,2026/04/16,1405/01/27,2026-04-16
175287000.0,169087000.0,175291000.0,171645000.0,3633000.0,2.12,2026/04/18,1405/01/29,2026-04-18
171640000.0,171438000.0,174304000.0,171438000.0,207000.0,0.12,2026/04/19,1405/01/30,2026-04-19
171452000.0,170241000.0,171461000.0,170571000.0,867000.0,0.51,2026/04/20,1405/01/31,2026-04-20
170567000.0,169647000.0,171145000.0,171138000.0,567000.0,0.33,2026/04/21,1405/02/01,2026-04-21
171140000.0,171122000.0,173958000.0,172566000.0,1428000.0,0.83,2026/04/22,1405/02/02,2026-04-22
172559000.0,171972000.0,172757000.0,171993000.0,573000.0,0.33,2026/04/23,1405/02/03,2026-04-23
171977000.0,164816000.0,173034000.0,172681000.0,688000.0,0.4,2026/04/25,1405/02/05,2026-04-25
172688000.0,171626000.0,173034000.0,171741000.0,940000.0,0.55,2026/04/26,1405/02/06,2026-04-26
172217000.0,171857000.0,177536000.0,176495000.0,4754000.0,2.77,2026/04/27,1405/02/07,2026-04-27
176492000.0,176492000.0,187578000.0,186994000.0,10499000.0,5.95,2026/04/28,1405/02/08,2026-04-28
187001000.0,187001000.0,205238000.0,198539000.0,11545000.0,6.17,2026/04/29,1405/02/09,2026-04-29
198529000.0,196442000.0,199513000.0,197618000.0,921000.0,0.47,2026/04/30,1405/02/10,2026-04-30
197615000.0,197615000.0,205007000.0,201083000.0,3465000.0,1.75,2026/05/02,1405/02/12,2026-05-02
201076000.0,201076000.0,204661000.0,203370000.0,2287000.0,1.14,2026/05/03,1405/02/13,2026-05-03
203373000.0,196904000.0,208008000.0,197137000.0,6233000.0,3.16,2026/05/04,1405/02/14,2026-05-04
197158000.0,190787000.0,197158000.0,191599000.0,5538000.0,2.89,2026/05/05,1405/02/15,2026-05-05
191608000.0,191133000.0,197043000.0,193231000.0,1632000.0,0.85,2026/05/06,1405/02/16,2026-05-06
193211000.0,192749000.0,196004000.0,194831000.0,1600000.0,0.83,2026/05/07,1405/02/17,2026-05-07
194840000.0,192864000.0,195542000.0,193231000.0,1600000.0,0.83,2026/05/09,1405/02/19,2026-05-09
193218000.0,189517000.0,193693000.0,191689000.0,1542000.0,0.8,2026/05/10,1405/02/20,2026-05-10
191703000.0,191703000.0,200852000.0,198079000.0,6390000.0,3.33,2026/05/11,1405/02/21,2026-05-11
198063000.0,195750000.0,200390000.0,195879000.0,2200000.0,1.12,2026/05/12,1405/02/22,2026-05-12
195870000.0,195173000.0,197043000.0,195865000.0,14000.0,0.01,2026/05/13,1405/02/23,2026-05-13
195884000.0,195288000.0,196694000.0,195958000.0,93000.0,0.05,2026/05/14,1405/02/24,2026-05-14
195955000.0,192056000.0,195955000.0,194069000.0,1889000.0,0.97,2026/05/16,1405/02/26,2026-05-16
194081000.0,192287000.0,194616000.0,192754000.0,1315000.0,0.68,2026/05/17,1405/02/27,2026-05-17
192767000.0,189291000.0,192767000.0,189863000.0,2891000.0,1.52,2026/05/18,1405/02/28,2026-05-18
189884000.0,189055000.0,191964000.0,189752000.0,111000.0,0.06,2026/05/19,1405/02/29,2026-05-19
189764000.0,189519000.0,193926000.0,192193000.0,2441000.0,1.29,2026/05/20,1405/02/30,2026-05-20
192179000.0,189402000.0,192179000.0,191502000.0,691000.0,0.36,2026/05/21,1405/02/31,2026-05-21
191498000.0,185362000.0,191498000.0,185588000.0,5914000.0,3.19,2026/05/23,1405/03/02,2026-05-23
185593000.0,177628000.0,185593000.0,179489000.0,6099000.0,3.4,2026/05/24,1405/03/03,2026-05-24
179480000.0,179480000.0,188614000.0,182591000.0,3102000.0,1.73,2026/05/25,1405/03/04,2026-05-25
182598000.0,180514000.0,184692000.0,182148000.0,443000.0,0.24,2026/05/26,1405/03/05,2026-05-26
182132000.0,180052000.0,182132000.0,181324000.0,824000.0,0.45,2026/05/28,1405/03/07,2026-05-28
181326000.0,179131000.0,182037000.0,179819000.0,1505000.0,0.84,2026/05/30,1405/03/09,2026-05-30
179817000.0,178785000.0,182153000.0,181206000.0,1387000.0,0.77,2026/05/31,1405/03/10,2026-05-31
181324000.0,181324000.0,187924000.0,185844000.0,4638000.0,2.56,2026/06/01,1405/03/11,2026-06-01
185842000.0,181899000.0,185846000.0,182252000.0,3592000.0,1.97,2026/06/02,1405/03/12,2026-06-02
182384000.0,182361000.0,183653000.0,182769000.0,517000.0,0.28,2026/06/03,1405/03/13,2026-06-03
182772000.0,178898000.0,182772000.0,179830000.0,2939000.0,1.63,2026/06/06,1405/03/16,2026-06-06
180001000.0,180001000.0,184692000.0,183055000.0,3225000.0,1.79,2026/06/07,1405/03/17,2026-06-07
183074000.0,179706000.0,183074000.0,180632000.0,2423000.0,1.34,2026/06/08,1405/03/18,2026-06-08
180057000.0,178916000.0,181227000.0,179251000.0,1381000.0,0.77,2026/06/09,1405/03/19,2026-06-09
179249000.0,177513000.0,179249000.0,179143000.0,108000.0,0.06,2026/06/10,1405/03/20,2026-06-10
179221000.0,178205000.0,179267000.0,178669000.0,474000.0,0.27,2026/06/11,1405/03/21,2026-06-11
178672000.0,171972000.0,178672000.0,172208000.0,6461000.0,3.75,2026/06/13,1405/03/23,2026-06-13
172226000.0,170126000.0,173719320.0,171302843.0,905157.0,0.53,2026/06/14,1405/03/24,2026-06-14
171303000.0,162625000.0,171303000.0,162969000.0,8333843.0,5.11,2026/06/15,1405/03/25,2026-06-15
162281000.0,156505000.0,162281000.0,156519000.0,6450000.0,4.12,2026/06/16,1405/03/26,2026-06-16
156512000.0,155120000.0,163336000.0,161819000.0,5300000.0,3.39,2026/06/17,1405/03/27,2026-06-17
161829000.0,156274000.0,161829000.0,156642000.0,5177000.0,3.3,2026/06/18,1405/03/28,2026-06-18
156623000.0,156623000.0,164377000.0,161014000.0,4372000.0,2.79,2026/06/20,1405/03/30,2026-06-20
161023000.0,157429000.0,161607000.0,161602000.0,588000.0,0.37,2026/06/21,1405/03/31,2026-06-21
161600000.0,158583000.0,161600000.0,159352000.0,2250000.0,1.41,2026/06/22,1405/04/01,2026-06-22
159361000.0,158814000.0,161030000.0,160852000.0,1500000.0,0.94,2026/06/23,1405/04/02,2026-06-23
160866000.0,160866000.0,164952000.0,163334000.0,2482000.0,1.54,2026/06/27,1405/04/06,2026-06-27
163315000.0,163315000.0,172900000.0,172900000.0,9566000.0,5.86,2026/06/28,1405/04/07,2026-06-28
172912000.0,166201000.0,172912000.0,167831000.0,5069000.0,3.02,2026/06/29,1405/04/08,2026-06-29
167840000.0,166778000.0,169687000.0,169107000.0,1276000.0,0.76,2026/06/30,1405/04/09,2026-06-30
169103000.0,169103000.0,173958000.0,172570000.0,3463000.0,2.05,2026/07/01,1405/04/10,2026-07-01
172568000.0,172568000.0,174996000.0,174627000.0,2057000.0,1.19,2026/07/02,1405/04/11,2026-07-02
174618000.0,174618000.0,177536000.0,177284000.0,2657000.0,1.52,2026/07/05,1405/04/14,2026-07-05
177303000.0,176589000.0,178459000.0,177374000.0,90000.0,0.05,2026/07/06,1405/04/15,2026-07-06
177360000.0,175668000.0,177882000.0,177407000.0,33000.0,0.02,2026/07/07,1405/04/16,2026-07-07
177400000.0,177282000.0,179729000.0,178833000.0,1426000.0,0.8,2026/07/08,1405/04/17,2026-07-08
178829000.0,178829000.0,180306000.0,179369000.0,536000.0,0.3,2026/07/09,1405/04/18,2026-07-09
179376000.0,174396000.0,179376000.0,174761000.0,4608000.0,2.64,2026/07/11,1405/04/20,2026-07-11
174743000.0,174743000.0,176956000.0,176603000.0,1842000.0,1.05,2026/07/12,1405/04/21,2026-07-12
176599000.0,175160000.0,177074000.0,176822000.0,219000.0,0.12,2026/07/13,1405/04/22,2026-07-13
177522000.0,177513000.0,180075000.0,178919000.0,2097000.0,1.19,2026/07/14,1405/04/23,2026-07-14
178914000.0,178914000.0,185154000.0,183603000.0,4684000.0,2.62,2026/07/15,1405/04/24,2026-07-15
183706000.0,181830000.0,184046000.0,182451000.0,1152000.0,0.63,2026/07/16,1405/04/25,2026-07-16
182446000.0,182446000.0,191456000.0,191382000.0,8931000.0,4.9,2026/07/18,1405/04/27,2026-07-18
191364000.0,186908000.0,191364000.0,187675000.0,3707000.0,1.98,2026/07/19,1405/04/28,2026-07-19
187677000.0,181324000.0,187677000.0,181843000.0,5832000.0,3.21,2026/07/20,1405/04/29,2026-07-20
181850000.0,181850000.0,185939000.0,184452000.0,2609000.0,1.43,2026/07/21,1405/04/30,2026-07-21
184445000.0,184445000.0,190579000.0,190034000.0,5582000.0,3.03,2026/07/22,1405/04/31,2026-07-22
190032000.0,187601000.0,190032000.0,188554000.0,1480000.0,0.78,2026/07/23,1405/05/01,2026-07-23
188566000.0,182245000.0,188566000.0,182550000.0,6004000.0,3.29,2026/07/25,1405/05/03,2026-07-25
182568000.0,178251000.0,182568000.0,178789000.0,3761000.0,2.1,2026/07/26,1405/05/04,2026-07-26
178787000.0,178787000.0,185154000.0,182093000.0,3304000.0,1.85,2026/07/27,1405/05/05,2026-07-27
182100000.0,182100000.0,185292000.0,183413000.0,1320000.0,0.72,2026/07/28,1405/05/06,2026-07-28
183404000.0,183404000.0,189886000.0,188102000.0,4689000.0,2.56,2026/07/29,1405/05/07,2026-07-29
188106000.0,185823000.0,188106000.0,186654000.0,1448000.0,0.78,2026/07/30,1405/05/08,2026-07-30
186641000.0,186641000.0,188848000.0,186980000.0,326000.0,0.17,2026/08/01,1405/05/10,2026-08-01
186996000.0,182130000.0,186996000.0,183305000.0,3675000.0,2.0,2026/08/02,1405/05/11,2026-08-02
183284000.0,182822000.0,184923000.0,183824000.0,519000.0,0.28,2026/08/03,1405/05/12,2026-08-03
183815000.0,183815000.0,186008000.0,185616000.0,1792000.0,0.97,2026/08/05,1405/05/14,2026-08-05
185595000.0,185500000.0,186654000.0,185782000.0,166000.0,0.09,2026/08/06,1405/05/15,2026-08-06
185796000.0,185796000.0,191271000.0,188146000.0,2364000.0,1.27,2026/08/08,1405/05/17,2026-08-08
188150000.0,185985000.0,188848000.0,188093000.0,53000.0,0.03,2026/08/09,1405/05/18,2026-08-09
188150000.0,185985000.0,188848000.0,188016000.0,77000.0,0.04,2026/08/10,1405/05/19,2026-08-10
188088000.0,188088000.0,192188000.0,192056000.0,4040000.0,2.15,2026/08/11,1405/05/20,2026-08-11
192077000.0,190764000.0,192587000.0,190794000.0,1262000.0,0.66,2026/08/15,1405/05/24,2026-08-15
190556000.0,189981000.0,191041000.0,190394000.0,400000.0,0.21,2026/08/16,1405/05/25,2026-08-16
190415000.0,190415000.0,192772000.0,192292000.0,1898000.0,1.0,2026/08/17,1405/05/26,2026-08-17
192301000.0,192059000.0,193344000.0,193040000.0,748000.0,0.39,2026/08/18,1405/05/27,2026-08-18
193042000.0,192795000.0,198243000.0,197594000.0,4554000.0,2.36,2026/08/19,1405/05/28,2026-08-19
197576000.0,197576000.0,199697000.0,198527000.0,933000.0,0.47,2026/08/20,1405/05/29,2026-08-20
198529000.0,198529000.0,211240000.0,210360000.0,11833000.0,5.96,2026/08/22,1405/05/31,2026-08-22
210356000.0,210356000.0,221626000.0,217464000.0,7104000.0,3.38,2026/08/23,1405/06/01,2026-08-23
217473000.0,217473000.0,224856000.0,220222000.0,2758000.0,1.27,2026/08/24,1405/06/02,2026-08-24
220229000.0,213756000.0,223937000.0,216531000.0,3691000.0,1.7,2026/08/25,1405/06/03,2026-08-25
216540000.0,211688000.0,218743000.0,216774000.0,243000.0,0.11,2026/08/26,1405/06/04,2026-08-26
216780000.0,215492000.0,218050000.0,217464000.0,690000.0,0.32,2026/08/27,1405/06/05,2026-08-27
217450000.0,217224000.0,220128000.0,218396000.0,932000.0,0.43,2026/08/29,1405/06/07,2026-08-29
218373000.0,217727000.0,223591000.0,222182000.0,3786000.0,1.73,2026/08/31,1405/06/09,2026-08-31
222185000.0,220451000.0,223124000.0,221958000.0,224000.0,0.1,2026/09/01,1405/06/10,2026-09-01
221970000.0,221970000.0,229244000.0,228351000.0,6393000.0,2.88,2026/09/02,1405/06/11,2026-09-02
228348000.0,228348000.0,235710000.0,235188000.0,6837000.0,2.99,2026/09/03,1405/06/12,2026-09-03
235195000.0,235195000.0,238019000.0,236744000.0,1556000.0,0.66,2026/09/05,1405/06/14,2026-09-05
238183000.0,231186000.0,238480000.0,233536000.0,3208000.0,1.37,2026/09/06,1405/06/15,2026-09-06
233524000.0,230149000.0,233524000.0,230622000.0,2914000.0,1.26,2026/09/07,1405/06/16,2026-09-07
230613000.0,230613000.0,237324000.0,236234000.0,5612000.0,2.43,2026/09/08,1405/06/17,2026-09-08
236223000.0,236223000.0,243444000.0,243425000.0,7191000.0,3.04,2026/09/09,1405/06/18,2026-09-09
243437000.0,241114000.0,243672000.0,241814000.0,1611000.0,0.67,2026/09/10,1405/06/19,2026-09-10
240886000.0,238573000.0,242174000.0,239168000.0,2646000.0,1.11,2026/09/12,1405/06/21,2026-09-12
239171000.0,234441000.0,239171000.0,234768000.0,4400000.0,1.87,2026/09/13,1405/06/22,2026-09-13
234782000.0,232224000.0,237093000.0,232834000.0,1934000.0,0.83,2026/09/14,1405/06/23,2026-09-14
232829000.0,231070000.0,233402000.0,232591000.0,243000.0,0.1,2026/09/15,1405/06/24,2026-09-15
232578000.0,232578000.0,236634000.0,235013000.0,2422000.0,1.04,2026/09/16,1405/06/25,2026-09-16
234995000.0,232109000.0,234995000.0,233630000.0,1383000.0,0.59,2026/09/17,1405/06/26,2026-09-17
233616000.0,233616000.0,240784000.0,238781000.0,5151000.0,2.2,2026/09/19,1405/06/28,2026-09-19
